{"type": "FeatureCollection", "source": "OpenStreetMap contributors, ODbL 1.0; snapshot 2026-09-28; bbox -20.785,-42.91,-20.72,-42.84", "features": [{"type": "Feature", "properties": {"osm_id": 31588011, "highway": "secondary", "name": ""}, "geometry": {"type": "LineString", "coordinates": [[-42.9390067, -20.8359666], [-42.9389048, -20.8359879], [-42.938607, -20.8360518], [-42.9382584, -20.836122], [-42.9378518, -20.8361792], [-42.937565, -20.8361621], [-42.9372565, -20.8361253], [-42.9369025, -20.8360631], [-42.936551, -20.835975], [-42.936291, -20.8358725], [-42.9360119, -20.8357519], [-42.935472, -20.835493], [-42.9349968, -20.8353261], [-42.9344844, -20.8351766], [-42.9338299, -20.8349835], [-42.9336664, -20.8349137], [-42.9335268, -20.8348331], [-42.9334022, -20.8346881], [-42.9333048, -20.8345334], [-42.9331514, -20.8340814], [-42.933071, -20.8338007], [-42.9329342, -20.8334673], [-42.932851, -20.833283], [-42.9327625, -20.8331288], [-42.9325962, -20.8328807], [-42.9323441, -20.8325999], [-42.932151, -20.8324194], [-42.9319364, -20.8322289], [-42.9304646, -20.8309434], [-42.9302332, -20.8307373], [-42.9299891, -20.8305518], [-42.9295358, -20.8301858], [-42.9291442, -20.8298674], [-42.9289377, -20.8297358], [-42.9287271, -20.829628], [-42.9286749, -20.8296089], [-42.9285246, -20.829554], [-42.9282671, -20.8294926], [-42.9279761, -20.8294512], [-42.9277548, -20.8294437], [-42.9275778, -20.8294487], [-42.9272693, -20.8294926], [-42.9270051, -20.8295565], [-42.9267973, -20.8296217], [-42.9264164, -20.8298097], [-42.9260007, -20.8300463], [-42.9255044, -20.8303287], [-42.9249559, -20.8306508], [-42.9244503, -20.8309629], [-42.9241902, -20.8311033], [-42.9239461, -20.831196], [-42.9237214, -20.8312706], [-42.9235256, -20.8313264], [-42.923191, -20.8314054], [-42.9229215, -20.8314643], [-42.9225594, -20.8314868], [-42.9223475, -20.8314818], [-42.9221356, -20.8314693], [-42.9215106, -20.8313765], [-42.9212719, -20.8313364], [-42.9201615, -20.8310832], [-42.9189511, -20.8308098], [-42.9183751, -20.8306796], [-42.9181579, -20.830632], [-42.9179433, -20.8306069], [-42.9176617, -20.8306019], [-42.9175759, -20.8306121], [-42.9174498, -20.830627], [-42.9172137, -20.8306896], [-42.91668, -20.8308676], [-42.91646, -20.8309228], [-42.9156178, -20.8310782], [-42.9152329, -20.8311208], [-42.9148185, -20.8311509], [-42.914498, -20.8311559], [-42.9142097, -20.8311484], [-42.9125038, -20.8310531], [-42.9124824, -20.8310524], [-42.9118278, -20.8310218], [-42.9097062, -20.8309228], [-42.9092194, -20.8309002], [-42.9087956, -20.8308915], [-42.9079923, -20.8308852], [-42.9070535, -20.8308927], [-42.9070255, -20.830893], [-42.9060021, -20.8309027], [-42.9056105, -20.8308676], [-42.9052296, -20.8308125], [-42.9048005, -20.8307197], [-42.9043395, -20.8306109], [-42.9040495, -20.8305367], [-42.9033306, -20.8303362], [-42.9024965, -20.8301181], [-42.9013565, -20.8297922], [-42.9009461, -20.8296618], [-42.9005961, -20.8295327], [-42.9004171, -20.8294563], [-42.9003339, -20.8294143], [-42.9001194, -20.8293102], [-42.8998759, -20.8291655], [-42.8994817, -20.8289135], [-42.8992527, -20.8287625], [-42.8984088, -20.8281376], [-42.8980038, -20.8278318], [-42.8976738, -20.8275535], [-42.8974995, -20.8273931], [-42.8973761, -20.8272539], [-42.8972983, -20.8271424], [-42.8972232, -20.8270208], [-42.8971374, -20.8268064], [-42.8971025, -20.826636], [-42.8970864, -20.8263853], [-42.8971294, -20.8258337], [-42.8971857, -20.8251468], [-42.8972152, -20.8247282], [-42.8972527, -20.8244424], [-42.897293, -20.8242769], [-42.8973949, -20.8240212], [-42.8975102, -20.8237705], [-42.8976148, -20.8234646], [-42.897647, -20.8232164], [-42.8976604, -20.8229632], [-42.8976283, -20.8226524], [-42.8975438, -20.8223766], [-42.8974848, -20.8222324], [-42.8974217, -20.8221234], [-42.8973238, -20.8219993], [-42.897246, -20.8219053], [-42.8971441, -20.8218037], [-42.8970677, -20.8217323], [-42.8969094, -20.8216119], [-42.8965424, -20.8213864], [-42.8963394, -20.8212772], [-42.8962717, -20.8212346], [-42.8962134, -20.8211882], [-42.8960796, -20.8210278], [-42.8960323, -20.8209595], [-42.8958627, -20.8206618], [-42.8957755, -20.820517], [-42.8956287, -20.8202819], [-42.8954811, -20.8200839], [-42.8953591, -20.8199535], [-42.8951204, -20.8197216], [-42.8937934, -20.818359], [-42.8931651, -20.8177059], [-42.8929679, -20.8175292], [-42.8928043, -20.8174276], [-42.8926139, -20.8173487], [-42.8924932, -20.817311], [-42.8922088, -20.8172672], [-42.8917488, -20.8172296], [-42.8911108, -20.817201], [-42.8910783, -20.8171995], [-42.8903541, -20.8171744], [-42.8901261, -20.8171719], [-42.8898445, -20.817197], [-42.8894717, -20.8172822], [-42.8879576, -20.8176399], [-42.8875431, -20.8177435], [-42.8872075, -20.8178526], [-42.8870496, -20.817904], [-42.8868619, -20.8179817], [-42.8861243, -20.8183502], [-42.8858212, -20.8185082], [-42.8855436, -20.8186436], [-42.885329, -20.8187175], [-42.8850633, -20.8187685], [-42.8848395, -20.818809], [-42.8845954, -20.8188329], [-42.884063, -20.8188654], [-42.8837746, -20.818883], [-42.883442, -20.8189168], [-42.8827953, -20.8189584], [-42.8826414, -20.8189683], [-42.8825194, -20.8189745], [-42.8822552, -20.8189657], [-42.8819977, -20.8189369], [-42.8818099, -20.8189005], [-42.8816128, -20.8188354], [-42.8813955, -20.8187338], [-42.881156, -20.8185725], [-42.8809744, -20.8183954], [-42.8807652, -20.8181221], [-42.8803943, -20.8175396], [-42.8801134, -20.8171167], [-42.8798506, -20.8167783], [-42.8795574, -20.8164364], [-42.8782761, -20.8151336], [-42.8776002, -20.8144893], [-42.8774151, -20.814384], [-42.8772381, -20.8143138], [-42.8770074, -20.8142837], [-42.8767097, -20.8143037], [-42.8761277, -20.8144466], [-42.8753793, -20.8146146], [-42.8750467, -20.8146999], [-42.8747866, -20.8147475], [-42.8745827, -20.814755], [-42.8744003, -20.8147274], [-42.8741723, -20.8146397], [-42.8733221, -20.8142135], [-42.8724504, -20.8137497], [-42.8721982, -20.8136118], [-42.8720614, -20.8135014], [-42.8719702, -20.8134087], [-42.8718281, -20.8132232], [-42.8716618, -20.8129273], [-42.8714365, -20.8123582], [-42.8708142, -20.8110018], [-42.8707472, -20.8108187], [-42.8707176, -20.8106508], [-42.8707257, -20.8103424], [-42.8707391, -20.8100942], [-42.8707445, -20.8099161], [-42.870723, -20.809698], [-42.8706345, -20.8093921], [-42.8705433, -20.8091013], [-42.8704588, -20.8087703], [-42.8704387, -20.808497], [-42.870436, -20.8082513], [-42.8705862, -20.8064712], [-42.8705933, -20.8063551], [-42.8705996, -20.8062505], [-42.8706211, -20.8060876], [-42.8706616, -20.8059324], [-42.8708464, -20.8056538], [-42.8710744, -20.8053529], [-42.8719193, -20.8043851], [-42.8723109, -20.804009], [-42.8730592, -20.803337], [-42.8733462, -20.8031239], [-42.8735527, -20.8030537], [-42.8737915, -20.8030261], [-42.8741482, -20.8030462], [-42.8743359, -20.8030437], [-42.8745291, -20.8029885], [-42.8747436, -20.8029033], [-42.8750387, -20.8027152], [-42.8760767, -20.8019379], [-42.8773025, -20.8010704], [-42.8775734, -20.8008698], [-42.8778657, -20.8005739], [-42.8780052, -20.8004084], [-42.8781152, -20.8002078], [-42.878252, -20.7998443], [-42.878319, -20.7995233], [-42.8783217, -20.7991046], [-42.8782627, -20.7985529], [-42.8781903, -20.7981192], [-42.8780696, -20.797733], [-42.8778979, -20.797407], [-42.8776056, -20.7969682], [-42.8773829, -20.796547], [-42.8772314, -20.7960982], [-42.8772032, -20.7958963], [-42.8772126, -20.7955503], [-42.8772394, -20.7954287], [-42.8775251, -20.7947366], [-42.877745, -20.7941498], [-42.8782412, -20.7929262], [-42.8785229, -20.7923645], [-42.87907, -20.7914467], [-42.8798667, -20.7902657], [-42.879974, -20.7901278], [-42.8801715, -20.7898743], [-42.880437, -20.7895604], [-42.8805392, -20.789472], [-42.8806391, -20.7893956], [-42.8814143, -20.7887812], [-42.8820232, -20.7883474], [-42.882278, -20.7881518], [-42.8825256, -20.7879481], [-42.8826441, -20.7877932], [-42.8827406, -20.7876603], [-42.8829646, -20.7872992], [-42.8830853, -20.7871024], [-42.8831966, -20.7869043], [-42.8832811, -20.7867037], [-42.8833012, -20.7865971], [-42.8833227, -20.7864027], [-42.8833079, -20.7862498], [-42.8830035, -20.785342], [-42.8828486, -20.7849038], [-42.8827702, -20.7846794], [-42.8827044, -20.784423], [-42.8826535, -20.7841672], [-42.8826267, -20.7839452], [-42.8825998, -20.7836744], [-42.8825824, -20.7833697], [-42.8825475, -20.7825823], [-42.8825274, -20.7823153], [-42.8825046, -20.7821874], [-42.882463, -20.7820344], [-42.8823625, -20.78181], [-42.8822203, -20.7815454], [-42.8816384, -20.7805495], [-42.8813114, -20.7800444], [-42.8804, -20.7783777], [-42.8803056, -20.7782057], [-42.8801496, -20.7779418], [-42.8800025, -20.7777405], [-42.8799059, -20.7776059], [-42.8795445, -20.7771701], [-42.8794582, -20.7770655], [-42.8793276, -20.776896], [-42.8790449, -20.7765794], [-42.8789457, -20.7764553]]}}, {"type": "Feature", "properties": {"osm_id": 123321186, "highway": "residential", "name": "Rua Nossa Senhora das Graças"}, "geometry": {"type": "LineString", "coordinates": [[-42.8825707, -20.7646762], [-42.8826172, -20.7649318], [-42.8826495, -20.7651536], [-42.8826815, -20.7653732], [-42.8826863, -20.7659463], [-42.882703, -20.7663965], [-42.8826524, -20.7675365], [-42.8826664, -20.7677203], [-42.8826386, -20.7678911], [-42.8826386, -20.7679351], [-42.8826386, -20.7681019], [-42.8824332, -20.7690665], [-42.8824136, -20.7691585]]}}, {"type": "Feature", "properties": {"osm_id": 123321189, "highway": "residential", "name": "Avenida Padre Geraldo Martins Paiva"}, "geometry": {"type": "LineString", "coordinates": [[-42.8879764, -20.7612999], [-42.8878383, -20.7615757], [-42.8875969, -20.7619938], [-42.8874862, -20.7622211], [-42.8874007, -20.7624301], [-42.8871664, -20.7628384], [-42.8869483, -20.7631701], [-42.886898, -20.7632465], [-42.8866647, -20.7636609], [-42.8863986, -20.7641337], [-42.8861874, -20.7644772], [-42.8858944, -20.7649111]]}}, {"type": "Feature", "properties": {"osm_id": 123321191, "highway": "residential", "name": "Rua Assad Nazar"}, "geometry": {"type": "LineString", "coordinates": [[-42.9019862, -20.7713431], [-42.90177, -20.7714118], [-42.9015715, -20.7714719], [-42.9013746, -20.7715368], [-42.9011171, -20.7716152], [-42.9009374, -20.7716497], [-42.9006515, -20.7717227], [-42.9005344, -20.7717625], [-42.9001824, -20.771861], [-42.8999363, -20.7719168], [-42.8996949, -20.7719851]]}}, {"type": "Feature", "properties": {"osm_id": 123321194, "highway": "residential", "name": "Rua Gomes Barbosa"}, "geometry": {"type": "LineString", "coordinates": [[-42.8774491, -20.7571112], [-42.8774763, -20.7571556], [-42.878281, -20.7584698], [-42.8788173, -20.7593458], [-42.8791191, -20.7598386], [-42.8793812, -20.7602666], [-42.8796001, -20.7606242], [-42.879811, -20.7609686], [-42.8800534, -20.7613644], [-42.88018, -20.7615712]]}}, {"type": "Feature", "properties": {"osm_id": 123321200, "highway": "residential", "name": "Avenida Juscelino Kubitschek"}, "geometry": {"type": "LineString", "coordinates": [[-42.8902388, -20.7614109], [-42.8899101, -20.7614457], [-42.8895919, -20.7614711], [-42.8888159, -20.761497], [-42.8884538, -20.7615083], [-42.8883224, -20.7614857], [-42.8879764, -20.7612999], [-42.8876812, -20.7610695], [-42.8873558, -20.7608025], [-42.885799, -20.7606448], [-42.885192, -20.7605901], [-42.8849794, -20.7606218], [-42.884773, -20.7605901], [-42.8844557, -20.7604374], [-42.8840918, -20.7601532], [-42.8837907, -20.7597945], [-42.8835587, -20.7593568], [-42.8833918, -20.7590423], [-42.8833071, -20.7588838]]}}, {"type": "Feature", "properties": {"osm_id": 123321202, "highway": "residential", "name": "Rua Salgado Amorim"}, "geometry": {"type": "LineString", "coordinates": [[-42.8867341, -20.7577209], [-42.8871955, -20.7580423], [-42.8872118, -20.7581032]]}}, {"type": "Feature", "properties": {"osm_id": 123332770, "highway": "residential", "name": "Rua Eça de Queiroz"}, "geometry": {"type": "LineString", "coordinates": [[-42.8868505, -20.7648287], [-42.8869485, -20.7649429], [-42.88751, -20.7655691], [-42.8877951, -20.7659241], [-42.8881996, -20.7663147], [-42.8884809, -20.7666059]]}}, {"type": "Feature", "properties": {"osm_id": 123332771, "highway": "residential", "name": "Avenida Bernardes Filho"}, "geometry": {"type": "LineString", "coordinates": [[-42.8893843, -20.7577846], [-42.8890295, -20.7576908], [-42.8886467, -20.757586], [-42.8879902, -20.7574097], [-42.8874671, -20.7573226], [-42.8871447, -20.7572249], [-42.886855, -20.757137], [-42.8857607, -20.7564047], [-42.8855534, -20.756274], [-42.8852949, -20.7560934]]}}, {"type": "Feature", "properties": {"osm_id": 123332775, "highway": "residential", "name": "Rua Castro Alves"}, "geometry": {"type": "LineString", "coordinates": [[-42.8891782, -20.7664074], [-42.8889752, -20.766158], [-42.8885744, -20.7657115], [-42.8881424, -20.7652819], [-42.8880797, -20.765202]]}}, {"type": "Feature", "properties": {"osm_id": 123332777, "highway": "tertiary", "name": "Avenida da Agronomia"}, "geometry": {"type": "LineString", "coordinates": [[-42.8688814, -20.7646504], [-42.8688953, -20.7646761], [-42.8689916, -20.7648544], [-42.8691637, -20.765183], [-42.8695863, -20.7660515], [-42.8697277, -20.766338], [-42.8698629, -20.766606], [-42.8710716, -20.7688457], [-42.8713226, -20.7691527], [-42.8721957, -20.7701196], [-42.87251, -20.7704774], [-42.8728215, -20.7708522], [-42.8730918, -20.771182]]}}, {"type": "Feature", "properties": {"osm_id": 123333997, "highway": "unclassified", "name": "Rua José Rodrigues de Oliveira"}, "geometry": {"type": "LineString", "coordinates": [[-42.8424894, -20.7823126], [-42.8424831, -20.7822373], [-42.8424834, -20.7821385], [-42.8424861, -20.7819328], [-42.8424968, -20.7818451], [-42.8425169, -20.7817786], [-42.8425612, -20.7817046], [-42.8426031, -20.7816544], [-42.8426282, -20.7816244], [-42.8427851, -20.7814702], [-42.8429152, -20.781326], [-42.8429326, -20.7812733], [-42.8429474, -20.7812043], [-42.84293, -20.7811479], [-42.8428924, -20.781089], [-42.8427342, -20.7809022], [-42.8426819, -20.7808182], [-42.8426443, -20.7807517], [-42.8426148, -20.7806639], [-42.8424029, -20.7799179], [-42.842364, -20.7797361], [-42.8423479, -20.7795793], [-42.8423224, -20.7791881], [-42.8422889, -20.7788646], [-42.8422554, -20.778595], [-42.8421803, -20.778165], [-42.8421602, -20.7780107], [-42.8421186, -20.7778728], [-42.8420676, -20.7778076], [-42.8419805, -20.7777374], [-42.8417981, -20.7776471], [-42.8415728, -20.7774716], [-42.8412134, -20.7771656], [-42.839992, -20.7765837], [-42.8388118, -20.7760019], [-42.837975, -20.7753438], [-42.8372242, -20.7749585], [-42.8369157, -20.7748071]]}}, {"type": "Feature", "properties": {"osm_id": 123334465, "highway": "tertiary", "name": ""}, "geometry": {"type": "LineString", "coordinates": [[-42.8453836, -20.7678512], [-42.8454078, -20.7678725], [-42.8456889, -20.767871], [-42.846008, -20.7676551], [-42.8466974, -20.7671888], [-42.8469593, -20.7671291], [-42.8471373, -20.7670885], [-42.8479098, -20.7670584], [-42.8492166, -20.7663376], [-42.8493882, -20.7656655], [-42.8497959, -20.7650936], [-42.8498259, -20.7645735], [-42.8498407, -20.7644306], [-42.8498729, -20.7643717], [-42.8499198, -20.7643403], [-42.8500351, -20.764324], [-42.8502269, -20.764329], [-42.8509461, -20.7643899], [-42.8516874, -20.7644268], [-42.8519475, -20.7644318], [-42.8520656, -20.7644532], [-42.8521621, -20.7645083], [-42.8522815, -20.7646149], [-42.8524116, -20.7647616], [-42.8525443, -20.7649761], [-42.8526489, -20.7651165], [-42.852724, -20.7651554], [-42.8527965, -20.7651717], [-42.8528729, -20.7651579], [-42.8530017, -20.7650889], [-42.8531908, -20.764936], [-42.8532819, -20.764882], [-42.8533383, -20.764877], [-42.8534107, -20.7648958], [-42.8535649, -20.7650062], [-42.8536293, -20.7650287], [-42.8537178, -20.76503], [-42.8538492, -20.7650087], [-42.854383, -20.7648733], [-42.8546754, -20.7648131], [-42.8549409, -20.7647779], [-42.8551501, -20.764793], [-42.8553084, -20.7648106], [-42.8554545, -20.7648156], [-42.8556195, -20.7647917], [-42.8558059, -20.7647717], [-42.8559293, -20.7647729], [-42.8562149, -20.7648519], [-42.8567085, -20.7650839], [-42.8570947, -20.7652607], [-42.8572087, -20.7653247], [-42.8572838, -20.7654175], [-42.8572945, -20.7655191], [-42.8572851, -20.7656344], [-42.8572382, -20.7657222], [-42.8570652, -20.7658551], [-42.8567527, -20.7659943], [-42.8564751, -20.7660997], [-42.856345, -20.7661323], [-42.8562512, -20.766121], [-42.8561814, -20.7660859], [-42.8561117, -20.7660257], [-42.8560165, -20.7659053], [-42.8558743, -20.7657297], [-42.8557643, -20.7656495], [-42.8556651, -20.7656043], [-42.855598, -20.7655905], [-42.8554223, -20.7656119], [-42.8552279, -20.7656771], [-42.85513, -20.765741], [-42.8550737, -20.7658388], [-42.8550401, -20.7659805], [-42.8550616, -20.7661285], [-42.8551018, -20.7663103], [-42.855138, -20.7664044], [-42.8552829, -20.7665335], [-42.8553996, -20.7666012], [-42.8558126, -20.7667492], [-42.8564751, -20.7670251], [-42.8566401, -20.7671154], [-42.8567608, -20.7672207], [-42.8568466, -20.7673461], [-42.8569338, -20.7675568], [-42.8570313, -20.7679296]]}}, {"type": "Feature", "properties": {"osm_id": 143587275, "highway": "residential", "name": "Rua José Euclides Santana"}, "geometry": {"type": "LineString", "coordinates": [[-42.8896357, -20.7596105], [-42.8893943, -20.7598539], [-42.8892964, -20.7599536], [-42.8892571, -20.7600059], [-42.8892213, -20.7600777], [-42.8891958, -20.7601378], [-42.8891662, -20.7602231], [-42.889126, -20.7602984], [-42.8890817, -20.7603385], [-42.8889074, -20.760425], [-42.8887831, -20.7605275], [-42.8886566, -20.7606426], [-42.8885561, -20.7607417], [-42.888383, -20.7608414], [-42.8882648, -20.7608719], [-42.8881297, -20.7608598], [-42.8880304, -20.760759], [-42.8879957, -20.7607032], [-42.8879957, -20.7606427], [-42.8880481, -20.7605476], [-42.8881374, -20.7604324], [-42.8882996, -20.7602434], [-42.8886597, -20.7597363], [-42.888557, -20.7589932], [-42.8885704, -20.7589129], [-42.8886241, -20.7588377], [-42.8888065, -20.7587449], [-42.8888842, -20.7586997], [-42.8889594, -20.758617], [-42.8890559, -20.7584314], [-42.889064, -20.7583285], [-42.8890295, -20.7576908]]}}, {"type": "Feature", "properties": {"osm_id": 143587276, "highway": "residential", "name": "Rua Luiz Megale"}, "geometry": {"type": "LineString", "coordinates": [[-42.8797089, -20.75952], [-42.8791191, -20.7598386]]}}, {"type": "Feature", "properties": {"osm_id": 143587277, "highway": "residential", "name": "Rua José Dias do Carmo"}, "geometry": {"type": "LineString", "coordinates": [[-42.8930732, -20.7520877], [-42.8931188, -20.7520538], [-42.8931711, -20.7520457], [-42.8934283, -20.7520318], [-42.8934587, -20.7520212], [-42.8934776, -20.7519989], [-42.8934836, -20.7519622], [-42.8934772, -20.7519171], [-42.8933837, -20.7516819], [-42.893332, -20.7514863], [-42.8933126, -20.7513684], [-42.8932777, -20.7510787], [-42.8932381, -20.7508762], [-42.8932053, -20.7507527], [-42.8931691, -20.7506461], [-42.8931221, -20.7505388], [-42.8930759, -20.7504855], [-42.8930222, -20.750463], [-42.8929659, -20.750468], [-42.8928848, -20.7505037], [-42.8926293, -20.750631], [-42.8923537, -20.7508091], [-42.8921579, -20.7509797], [-42.8919822, -20.7511816], [-42.8917932, -20.7513659]]}}, {"type": "Feature", "properties": {"osm_id": 143587284, "highway": "residential", "name": "Rua Doutor Joaquim Fernandes Braga"}, "geometry": {"type": "LineString", "coordinates": [[-42.8879902, -20.7574097], [-42.888265, -20.7561811], [-42.8882806, -20.7560939]]}}, {"type": "Feature", "properties": {"osm_id": 143587295, "highway": "unclassified", "name": ""}, "geometry": {"type": "LineString", "coordinates": [[-42.9061362, -20.7638048], [-42.9062086, -20.7637434], [-42.9063052, -20.7636983], [-42.9064648, -20.7636167], [-42.9065305, -20.7635578], [-42.9066351, -20.7634399], [-42.9067397, -20.7633747], [-42.9073472, -20.7631565], [-42.9074183, -20.7631402], [-42.9074988, -20.7631365], [-42.9075752, -20.763154], [-42.9077174, -20.7632318], [-42.9077697, -20.7632869], [-42.9078649, -20.7634763], [-42.9079534, -20.7636531], [-42.9080335, -20.7637578], [-42.9081452, -20.7638349], [-42.9082243, -20.76386], [-42.9083289, -20.7638675], [-42.9084939, -20.76386], [-42.9087742, -20.7638036], [-42.90921, -20.7637516], [-42.9093341, -20.7637428], [-42.909542, -20.7637378], [-42.9098243, -20.7637559], [-42.9099577, -20.7637816], [-42.910189, -20.7638375], [-42.9104117, -20.763892], [-42.9105847, -20.763939], [-42.9107583, -20.764003], [-42.9109964, -20.7641215], [-42.9112029, -20.7642356], [-42.9113591, -20.7643315], [-42.9117507, -20.7645855], [-42.9120907, -20.7648218], [-42.9123905, -20.7650074], [-42.9126024, -20.7651165], [-42.9127914, -20.7651836], [-42.9129168, -20.7652237], [-42.9130919, -20.7652827], [-42.9132461, -20.7653466], [-42.9133738, -20.7654357], [-42.9135123, -20.7654965], [-42.9136082, -20.7655191], [-42.9137342, -20.7655266], [-42.9140186, -20.7655178], [-42.9142412, -20.7655191], [-42.9143679, -20.7655316], [-42.9144708, -20.7655636], [-42.9146393, -20.7656423], [-42.9146854, -20.7656639], [-42.9149942, -20.7658225], [-42.9154059, -20.7660595], [-42.9156265, -20.7662062], [-42.9157153, -20.7662959], [-42.9157788, -20.7663812], [-42.9158217, -20.7664953], [-42.9158666, -20.766679], [-42.9159149, -20.7668238], [-42.9159685, -20.7670056], [-42.9160228, -20.7672684], [-42.9160637, -20.767437], [-42.9160906, -20.7676345], [-42.9161187, -20.7678013], [-42.9161871, -20.7679436], [-42.9162528, -20.7680358], [-42.9163393, -20.7681185], [-42.9164708, -20.7682051], [-42.9166518, -20.7683066], [-42.9168311, -20.7684026], [-42.9170032, -20.768511], [-42.9171601, -20.7686126], [-42.917258, -20.7686414], [-42.9173787, -20.7686552], [-42.9175021, -20.7686778], [-42.9176764, -20.7687568], [-42.9177833, -20.7688364], [-42.9178803, -20.768896], [-42.9179607, -20.7689662], [-42.9181498, -20.7691794], [-42.9182258, -20.7692287], [-42.9183081, -20.7692822], [-42.918465, -20.7693261], [-42.918642, -20.7693913], [-42.9188888, -20.7695481], [-42.9190148, -20.769617], [-42.9191047, -20.7696421], [-42.9191878, -20.7696421], [-42.9192683, -20.7696245], [-42.9193944, -20.7695581], [-42.919507, -20.7694327], [-42.919617, -20.7692133], [-42.919912, -20.768659], [-42.9200019, -20.7685211], [-42.9201467, -20.7683317], [-42.9202554, -20.7682113], [-42.9203761, -20.7681085], [-42.9206336, -20.7679743], [-42.9208012, -20.767785], [-42.9209179, -20.7676257], [-42.9209889, -20.7675166], [-42.9210976, -20.7673035], [-42.9211687, -20.7671994], [-42.9212397, -20.7671354], [-42.9213229, -20.7671041], [-42.9214114, -20.7670991], [-42.9214878, -20.7671254], [-42.921567, -20.7671593], [-42.9216729, -20.7672483], [-42.9218191, -20.767395], [-42.9219814, -20.7675568], [-42.9221678, -20.7677398], [-42.9222952, -20.7678602], [-42.922436, -20.7679417], [-42.9225688, -20.7679894], [-42.9226801, -20.7680458], [-42.9228236, -20.7681298], [-42.9230395, -20.7682778], [-42.9232769, -20.768506], [-42.9235894, -20.7688922], [-42.9238066, -20.7691343], [-42.9240762, -20.7694365], [-42.9242063, -20.7695844], [-42.9244289, -20.7698553], [-42.9244946, -20.7699054], [-42.9245657, -20.769928], [-42.9247306, -20.7699393], [-42.9248902, -20.7699431], [-42.9251209, -20.7699568], [-42.925369, -20.7699882], [-42.925601, -20.7699995], [-42.9258236, -20.7699794], [-42.9262286, -20.769913], [-42.9265746, -20.7699192], [-42.9269314, -20.7699217], [-42.9274356, -20.7699982], [-42.927736, -20.7699681], [-42.9280579, -20.7698578], [-42.9283476, -20.7696672], [-42.9286963, -20.7695117], [-42.9291737, -20.7692057], [-42.929458, -20.7691606], [-42.9296565, -20.7691305], [-42.9300106, -20.7692258], [-42.9302681, -20.7694013], [-42.9307079, -20.7695418], [-42.9318988, -20.7700233], [-42.933079, -20.7706653], [-42.9334599, -20.770866], [-42.9337496, -20.7711117], [-42.9340285, -20.7712271], [-42.9345381, -20.7712672], [-42.93486, -20.7712722], [-42.9350201, -20.7711997], [-42.9352033, -20.7711167], [-42.935729, -20.7708609], [-42.9360133, -20.7707957], [-42.9366678, -20.7707205], [-42.9373866, -20.770565], [-42.9375637, -20.77057], [-42.937789, -20.7704496], [-42.9381591, -20.7702992], [-42.9384005, -20.7702691], [-42.9388511, -20.7703543], [-42.9393125, -20.7703844], [-42.9396451, -20.7703343], [-42.940262, -20.7701036], [-42.9404604, -20.7698979], [-42.9406589, -20.7696872], [-42.9410076, -20.7696672], [-42.9411317, -20.7696888], [-42.941469, -20.7697474], [-42.9417747, -20.7699631], [-42.9420537, -20.7700935], [-42.9421932, -20.7700735], [-42.9423595, -20.7700133], [-42.9432714, -20.7690101], [-42.9436576, -20.7683681], [-42.9440224, -20.7679016], [-42.9443765, -20.767089], [-42.9447305, -20.766437], [-42.9449773, -20.7653636], [-42.9451704, -20.7651228], [-42.9459322, -20.7645811], [-42.9467261, -20.7641898], [-42.9471338, -20.7640393], [-42.9473055, -20.7640393], [-42.9474986, -20.7640694], [-42.9476702, -20.76425], [-42.9479814, -20.7643202], [-42.948271, -20.7643303], [-42.9487753, -20.7642099], [-42.9490757, -20.7641397], [-42.9498267, -20.7642299], [-42.9500896, -20.7642299], [-42.9503203, -20.7642299], [-42.9505992, -20.7641497], [-42.9507803, -20.7640425], [-42.9509211, -20.7639591], [-42.9510593, -20.7638003], [-42.9512966, -20.7635277], [-42.9516077, -20.7627151], [-42.9518652, -20.7622536], [-42.952348, -20.7617721], [-42.9524875, -20.7614009], [-42.9526913, -20.7605682], [-42.9530239, -20.7597957], [-42.953217, -20.7594045], [-42.9545152, -20.7579498], [-42.9547942, -20.7575485], [-42.9552662, -20.757378], [-42.9561031, -20.7570669], [-42.9569399, -20.7566957], [-42.9575515, -20.756455], [-42.9578626, -20.7565152], [-42.9580987, -20.7564851], [-42.9582489, -20.7563847], [-42.9583538, -20.7561288], [-42.9587424, -20.7551808], [-42.9588819, -20.7548498], [-42.9591608, -20.7547795], [-42.9593325, -20.7545989], [-42.9595363, -20.7544485], [-42.9598475, -20.7544685], [-42.9604268, -20.7544284], [-42.9608452, -20.7544384], [-42.9611993, -20.7544384], [-42.9616284, -20.7542578], [-42.9620683, -20.7539368], [-42.9624868, -20.7533148], [-42.9629266, -20.7528733], [-42.9632163, -20.7525824], [-42.9635704, -20.752462], [-42.9641068, -20.7521811], [-42.9644287, -20.7519002], [-42.9645681, -20.7516092], [-42.9650831, -20.7513584], [-42.9660058, -20.7506962], [-42.9667139, -20.750315], [-42.9670036, -20.7499738], [-42.9671967, -20.7497832], [-42.9673898, -20.749703], [-42.9677761, -20.749703], [-42.9680014, -20.7496428], [-42.9682803, -20.7495274], [-42.9687363, -20.7492414], [-42.9689455, -20.7492164], [-42.9692888, -20.7493167], [-42.9694873, -20.7495023], [-42.9697448, -20.7499839], [-42.970072, -20.7505407], [-42.9703832, -20.7510725], [-42.9704468, -20.7512819]]}}, {"type": "Feature", "properties": {"osm_id": 143587305, "highway": "residential", "name": "Rua Adezílio Bicalho"}, "geometry": {"type": "LineString", "coordinates": [[-42.8859621, -20.7595147], [-42.8872224, -20.7596286], [-42.8880677, -20.7596857], [-42.8886597, -20.7597363]]}}, {"type": "Feature", "properties": {"osm_id": 143587306, "highway": "residential", "name": "Rua Tim Lisboa"}, "geometry": {"type": "LineString", "coordinates": [[-42.8902513, -20.7635499], [-42.8902687, -20.7632038], [-42.8902853, -20.7625841], [-42.8902478, -20.7619796], [-42.8902388, -20.7614109]]}}, {"type": "Feature", "properties": {"osm_id": 143587309, "highway": "tertiary", "name": ""}, "geometry": {"type": "LineString", "coordinates": [[-42.88018, -20.7615712], [-42.8801676, -20.7613216], [-42.8801101, -20.7601681]]}}, {"type": "Feature", "properties": {"osm_id": 143587310, "highway": "residential", "name": "Rua Padre Anchieta"}, "geometry": {"type": "LineString", "coordinates": [[-42.8805947, -20.7584541], [-42.8809342, -20.7579856], [-42.8815855, -20.7571045], [-42.8820272, -20.7565398]]}}, {"type": "Feature", "properties": {"osm_id": 143587312, "highway": "residential", "name": "Rua do Pintinho"}, "geometry": {"type": "LineString", "coordinates": [[-42.876592, -20.7579162], [-42.8765714, -20.7586576], [-42.8765649, -20.7587783], [-42.8764847, -20.7611179], [-42.8764912, -20.7617514], [-42.8766267, -20.7626482]]}}, {"type": "Feature", "properties": {"osm_id": 143587315, "highway": "residential", "name": "Rua Francisco D. Fontenele"}, "geometry": {"type": "LineString", "coordinates": [[-42.8914652, -20.7548084], [-42.891665, -20.7547933], [-42.8917177, -20.7547811], [-42.8917592, -20.7547513], [-42.8917851, -20.7546956], [-42.8919447, -20.7534616], [-42.8919587, -20.7532746], [-42.8919936, -20.7531718]]}}, {"type": "Feature", "properties": {"osm_id": 143587319, "highway": "residential", "name": "Rua José Lopes de Sá"}, "geometry": {"type": "LineString", "coordinates": [[-42.8874573, -20.7539619], [-42.8873738, -20.7536559], [-42.8873557, -20.7535585], [-42.887358, -20.7534907]]}}, {"type": "Feature", "properties": {"osm_id": 144075264, "highway": "residential", "name": "Rua Vinícius de Moraes"}, "geometry": {"type": "LineString", "coordinates": [[-42.89111, -20.7651588], [-42.8907844, -20.7650748], [-42.8906664, -20.7650748], [-42.8905751, -20.765125], [-42.890426, -20.7654272], [-42.8903563, -20.765525], [-42.8902104, -20.7655965], [-42.8900648, -20.7656108], [-42.889111, -20.7654143], [-42.8888074, -20.7653529], [-42.8880797, -20.765202], [-42.8868505, -20.7648287], [-42.8861874, -20.7644772], [-42.8852872, -20.7640782], [-42.8845239, -20.7635396], [-42.8837219, -20.762942]]}}, {"type": "Feature", "properties": {"osm_id": 144075265, "highway": "residential", "name": "Rua Dom Viçoso"}, "geometry": {"type": "LineString", "coordinates": [[-42.8832291, -20.7680516], [-42.8831864, -20.7689153], [-42.8831779, -20.769065], [-42.883168, -20.7692408], [-42.8831203, -20.7697111], [-42.8830989, -20.7698215], [-42.8829487, -20.7700572], [-42.8827867, -20.7704195], [-42.8827297, -20.7705976], [-42.882718, -20.770685], [-42.8827647, -20.770781], [-42.882913, -20.7710287], [-42.8830239, -20.7711531]]}}, {"type": "Feature", "properties": {"osm_id": 148758570, "highway": "secondary", "name": "Ladeira dos Operários"}, "geometry": {"type": "LineString", "coordinates": [[-42.8772521, -20.7571007], [-42.8771932, -20.7570853], [-42.8771185, -20.7570254], [-42.8770322, -20.7569743], [-42.876959, -20.756931], [-42.8768905, -20.7569053], [-42.8767681, -20.7568563], [-42.876688, -20.7568462], [-42.8766048, -20.7568491], [-42.8765618, -20.7568548], [-42.8765139, -20.7568663], [-42.8764231, -20.7569024], [-42.8763568, -20.7569297], [-42.8762906, -20.7569715], [-42.8762166, -20.7570421], [-42.8761565, -20.7571127], [-42.8759802, -20.757313], [-42.8759206, -20.7573919], [-42.8757393, -20.757684], [-42.875611, -20.7578411]]}}, {"type": "Feature", "properties": {"osm_id": 148758571, "highway": "tertiary", "name": "Avenida da Agronomia"}, "geometry": {"type": "LineString", "coordinates": [[-42.8671242, -20.7625294], [-42.8671061, -20.762512], [-42.8671016, -20.7625076], [-42.8670547, -20.7624623], [-42.8669772, -20.7623781], [-42.8669202, -20.7623135], [-42.8664542, -20.761748]]}}, {"type": "Feature", "properties": {"osm_id": 148758572, "highway": "tertiary", "name": "Avenida Purdue"}, "geometry": {"type": "LineString", "coordinates": [[-42.866464, -20.761656], [-42.8665294, -20.7616039], [-42.8665638, -20.7615768], [-42.8670927, -20.7611508], [-42.8678361, -20.7606016], [-42.868241, -20.7602887], [-42.8684461, -20.7601261]]}}, {"type": "Feature", "properties": {"osm_id": 148758573, "highway": "unclassified", "name": "Rua da Arquitetura"}, "geometry": {"type": "LineString", "coordinates": [[-42.870595, -20.7637707], [-42.8705518, -20.7638904], [-42.8704827, -20.7641747], [-42.8704401, -20.7645157], [-42.8704089, -20.7649149], [-42.8704508, -20.7655088], [-42.8704805, -20.7656033], [-42.8705259, -20.7658349], [-42.87066, -20.766206], [-42.8708209, -20.7665622], [-42.8710677, -20.7668832], [-42.8711857, -20.7669735]]}}, {"type": "Feature", "properties": {"osm_id": 148758574, "highway": "service", "name": ""}, "geometry": {"type": "LineString", "coordinates": [[-42.8641966, -20.7604941], [-42.8638365, -20.7609543]]}}, {"type": "Feature", "properties": {"osm_id": 148758575, "highway": "service", "name": ""}, "geometry": {"type": "LineString", "coordinates": [[-42.8621264, -20.7616397], [-42.8621991, -20.762165]]}}, {"type": "Feature", "properties": {"osm_id": 148758577, "highway": "tertiary", "name": "Avenida dos Lagos"}, "geometry": {"type": "LineString", "coordinates": [[-42.8717661, -20.7608704], [-42.8717593, -20.7609708], [-42.8717111, -20.7616869], [-42.8715036, -20.7624843], [-42.8714031, -20.7626151], [-42.871247, -20.7627762], [-42.8710769, -20.7629059], [-42.8709174, -20.7630902], [-42.8708103, -20.7632531], [-42.8707099, -20.7635087], [-42.870595, -20.7637707], [-42.8689717, -20.764538], [-42.8689335, -20.7645558], [-42.8689221, -20.7645611], [-42.8688968, -20.7645729]]}}, {"type": "Feature", "properties": {"osm_id": 148758578, "highway": "service", "name": ""}, "geometry": {"type": "LineString", "coordinates": [[-42.8693112, -20.7583283], [-42.869276, -20.7581977], [-42.8692509, -20.7581132], [-42.8691763, -20.7579157], [-42.8690963, -20.7577041], [-42.8690521, -20.7576378], [-42.868985, -20.757596], [-42.8681039, -20.7572175]]}}, {"type": "Feature", "properties": {"osm_id": 148758579, "highway": "service", "name": ""}, "geometry": {"type": "LineString", "coordinates": [[-42.8705303, -20.7585488], [-42.8709953, -20.7590491], [-42.8710023, -20.7591037], [-42.8709532, -20.7591451], [-42.8708879, -20.7591342], [-42.8704094, -20.7586431]]}}, {"type": "Feature", "properties": {"osm_id": 148758581, "highway": "service", "name": ""}, "geometry": {"type": "LineString", "coordinates": [[-42.8601079, -20.7659452], [-42.8600783, -20.7660452], [-42.8599873, -20.7661339], [-42.8599524, -20.7661675], [-42.8598675, -20.7662389], [-42.8597736, -20.7663326], [-42.8597424, -20.7663536], [-42.8593008, -20.766637]]}}, {"type": "Feature", "properties": {"osm_id": 148758582, "highway": "service", "name": ""}, "geometry": {"type": "LineString", "coordinates": [[-42.8722121, -20.7715048], [-42.8724249, -20.7713899]]}}, {"type": "Feature", "properties": {"osm_id": 148758585, "highway": "tertiary", "name": "Rua Recanto das Cigarras"}, "geometry": {"type": "LineString", "coordinates": [[-42.8663656, -20.7616468], [-42.8657434, -20.7609657], [-42.8657265, -20.7609482], [-42.8655913, -20.7608078], [-42.8655484, -20.7607783], [-42.8655048, -20.7607576], [-42.8654404, -20.7607375], [-42.8644198, -20.7605419], [-42.8641966, -20.7604941], [-42.8641275, -20.7604685], [-42.864051, -20.7604328], [-42.8637707, -20.7602554], [-42.8635307, -20.7600715], [-42.8628708, -20.7593731], [-42.8626476, -20.7591392]]}}, {"type": "Feature", "properties": {"osm_id": 148758586, "highway": "service", "name": ""}, "geometry": {"type": "LineString", "coordinates": [[-42.8611064, -20.7617802], [-42.8611316, -20.7622749], [-42.8611335, -20.7623134], [-42.8611268, -20.7623507], [-42.8611077, -20.7623647], [-42.8610798, -20.762383], [-42.8610452, -20.7623818], [-42.8610068, -20.7623666], [-42.8609836, -20.7623329], [-42.8609817, -20.762271], [-42.8609551, -20.7617976]]}}, {"type": "Feature", "properties": {"osm_id": 148758588, "highway": "secondary", "name": ""}, "geometry": {"type": "LineString", "coordinates": [[-42.8754058, -20.7575032], [-42.8754266, -20.7575508], [-42.8754558, -20.7576259], [-42.875489, -20.7577324]]}}, {"type": "Feature", "properties": {"osm_id": 148758589, "highway": "service", "name": ""}, "geometry": {"type": "LineString", "coordinates": [[-42.871375, -20.757956], [-42.8713998, -20.757997], [-42.8714574, -20.7580781], [-42.8716289, -20.7582707], [-42.8716815, -20.7583298], [-42.8717316, -20.7583862], [-42.8718023, -20.758462]]}}, {"type": "Feature", "properties": {"osm_id": 148758591, "highway": "service", "name": "Via da Garagem"}, "geometry": {"type": "LineString", "coordinates": [[-42.8731835, -20.7714647], [-42.873147, -20.771495], [-42.8728528, -20.7717273], [-42.8727783, -20.7717803], [-42.8727056, -20.771806], [-42.8725915, -20.7718052], [-42.8724775, -20.7717965], [-42.8723956, -20.7717732], [-42.8722536, -20.771683]]}}, {"type": "Feature", "properties": {"osm_id": 148758594, "highway": "unclassified", "name": ""}, "geometry": {"type": "LineString", "coordinates": [[-42.8637186, -20.7613962], [-42.8630059, -20.7610267], [-42.8628376, -20.760934], [-42.8628008, -20.7609086], [-42.8627019, -20.7608492], [-42.8626591, -20.7608028], [-42.8625969, -20.7606982], [-42.8624927, -20.7603714], [-42.8624336, -20.760266], [-42.8623505, -20.7601895], [-42.8622083, -20.7601068], [-42.8621185, -20.760034], [-42.86203, -20.7599425], [-42.8615861, -20.7593042]]}}, {"type": "Feature", "properties": {"osm_id": 148758595, "highway": "service", "name": ""}, "geometry": {"type": "LineString", "coordinates": [[-42.869844, -20.7589771], [-42.869821, -20.7589474], [-42.8697543, -20.7588599], [-42.8696819, -20.7587671], [-42.8693112, -20.7583283], [-42.8692389, -20.7583848], [-42.8690669, -20.7585191], [-42.8689788, -20.7585871], [-42.8683915, -20.7590403]]}}, {"type": "Feature", "properties": {"osm_id": 148758598, "highway": "tertiary", "name": ""}, "geometry": {"type": "LineString", "coordinates": [[-42.87345, -20.7712392], [-42.8744654, -20.7706711], [-42.874701, -20.7705362], [-42.8748152, -20.7704673], [-42.8749483, -20.7703851]]}}, {"type": "Feature", "properties": {"osm_id": 148759815, "highway": "footway", "name": ""}, "geometry": {"type": "LineString", "coordinates": [[-42.8779419, -20.7794739], [-42.8779801, -20.7795268], [-42.8777381, -20.7800884], [-42.8777269, -20.7801052], [-42.8776988, -20.7801475], [-42.8776366, -20.7803122], [-42.8776059, -20.7803315], [-42.8775833, -20.7803878], [-42.8775421, -20.7804506], [-42.8775335, -20.7804715], [-42.8775306, -20.7804788]]}}, {"type": "Feature", "properties": {"osm_id": 148759816, "highway": "service", "name": ""}, "geometry": {"type": "LineString", "coordinates": [[-42.8656513, -20.7625317], [-42.8654965, -20.7627623], [-42.8654418, -20.7628314], [-42.8654059, -20.7628905], [-42.8653646, -20.7629496], [-42.8653126, -20.7630187], [-42.8652938, -20.7630918], [-42.8653378, -20.7631753], [-42.8654334, -20.7632723], [-42.8655105, -20.7633101], [-42.8655411, -20.7633165], [-42.8655744, -20.7633091], [-42.8656719, -20.7632278]]}}, {"type": "Feature", "properties": {"osm_id": 148759817, "highway": "residential", "name": ""}, "geometry": {"type": "LineString", "coordinates": [[-42.8790571, -20.7802974], [-42.8790649, -20.7803179], [-42.8790911, -20.7803609], [-42.879117, -20.7804005], [-42.8791579, -20.7804563], [-42.8791846, -20.7804917], [-42.8791951, -20.7805165]]}}, {"type": "Feature", "properties": {"osm_id": 148759818, "highway": "service", "name": ""}, "geometry": {"type": "LineString", "coordinates": [[-42.8670303, -20.7610937], [-42.8669257, -20.7611708], [-42.8669109, -20.7611764], [-42.8669015, -20.7611771], [-42.8668854, -20.7611689], [-42.8666762, -20.7609169], [-42.8666715, -20.7609012], [-42.8666776, -20.7608805], [-42.8666923, -20.7608567], [-42.8667621, -20.7607996]]}}, {"type": "Feature", "properties": {"osm_id": 148759819, "highway": "service", "name": "Via Central Ed. Arthur Bernardes"}, "geometry": {"type": "LineString", "coordinates": [[-42.8682243, -20.7637913], [-42.8682428, -20.7637838], [-42.8686993, -20.7635998], [-42.868728, -20.7635817], [-42.8687697, -20.7635553], [-42.8688267, -20.7634989], [-42.8689977, -20.7632782], [-42.8689165, -20.7632036], [-42.868893, -20.7631778], [-42.868234, -20.7624561], [-42.8679331, -20.7621296], [-42.8679152, -20.7621103], [-42.867897, -20.7620938]]}}, {"type": "Feature", "properties": {"osm_id": 148759821, "highway": "service", "name": ""}, "geometry": {"type": "LineString", "coordinates": [[-42.8660557, -20.7629257], [-42.8669202, -20.7623135]]}}, {"type": "Feature", "properties": {"osm_id": 148759822, "highway": "residential", "name": ""}, "geometry": {"type": "LineString", "coordinates": [[-42.8780406, -20.7815829], [-42.8782629, -20.7817337], [-42.8782762, -20.7817401], [-42.8785218, -20.7818589], [-42.8790349, -20.782095], [-42.8792858, -20.7822102], [-42.8793409, -20.7822457], [-42.8793741, -20.7822818], [-42.8793884, -20.7823424]]}}, {"type": "Feature", "properties": {"osm_id": 148759824, "highway": "service", "name": ""}, "geometry": {"type": "LineString", "coordinates": [[-42.8667621, -20.7607996], [-42.8668392, -20.7607426], [-42.8668734, -20.7607269], [-42.8668955, -20.7607306], [-42.8669116, -20.7607419], [-42.8671094, -20.7609739], [-42.8671195, -20.761004], [-42.8671168, -20.7610278], [-42.8671114, -20.7610372], [-42.8670303, -20.7610937]]}}, {"type": "Feature", "properties": {"osm_id": 148759828, "highway": "residential", "name": ""}, "geometry": {"type": "LineString", "coordinates": [[-42.8762473, -20.782382], [-42.8763116, -20.7822976], [-42.8763743, -20.7822148], [-42.8763911, -20.7821925], [-42.8765323, -20.7820703], [-42.8768122, -20.7818728], [-42.8769535, -20.781793], [-42.877085, -20.7817702], [-42.877211, -20.7817823], [-42.8773079, -20.7818152], [-42.8773701, -20.7818597], [-42.8773975, -20.7819248], [-42.8774136, -20.7820005], [-42.8774119, -20.7820669], [-42.8773718, -20.7821397], [-42.8771932, -20.782323], [-42.8771198, -20.7824213], [-42.8770554, -20.7825525], [-42.8770205, -20.7826498], [-42.8769988, -20.7827762], [-42.8770019, -20.7829898], [-42.876999, -20.7831548], [-42.8769663, -20.7833253], [-42.876966, -20.7834057], [-42.8770079, -20.7834355], [-42.8771313, -20.7834584]]}}, {"type": "Feature", "properties": {"osm_id": 148759829, "highway": "service", "name": ""}, "geometry": {"type": "LineString", "coordinates": [[-42.8678936, -20.759944], [-42.8679392, -20.7598958], [-42.8679503, -20.7598898], [-42.8679573, -20.7598898], [-42.867968, -20.7598936], [-42.8682044, -20.7601121], [-42.8682115, -20.7601227], [-42.8682138, -20.7601322], [-42.8682094, -20.7601394], [-42.8681736, -20.7601688]]}}, {"type": "Feature", "properties": {"osm_id": 148759830, "highway": "residential", "name": "Rua A"}, "geometry": {"type": "LineString", "coordinates": [[-42.8815712, -20.781651], [-42.8815592, -20.7815356], [-42.8814952, -20.7813574], [-42.8813766, -20.781136], [-42.8811846, -20.7808961], [-42.8809461, -20.7806107], [-42.880558, -20.7801274], [-42.8804326, -20.7800102], [-42.8803563, -20.7799756], [-42.8802675, -20.7799355], [-42.879943, -20.7798675], [-42.8797384, -20.7798245], [-42.8795925, -20.7798445]]}}, {"type": "Feature", "properties": {"osm_id": 148759831, "highway": "residential", "name": ""}, "geometry": {"type": "LineString", "coordinates": [[-42.8764451, -20.7813544], [-42.8763609, -20.7812834], [-42.8763438, -20.7812522], [-42.8763369, -20.7812395], [-42.8763163, -20.7811852], [-42.8762996, -20.7811154], [-42.8762759, -20.7809523], [-42.876276, -20.7807585], [-42.8763053, -20.7805924], [-42.8764028, -20.7803968], [-42.8764954, -20.7802527], [-42.8767265, -20.7800614], [-42.8768081, -20.7800045], [-42.8768857, -20.7800085], [-42.8769543, -20.7800416], [-42.8769827, -20.7801372], [-42.8769076, -20.7804761], [-42.8768863, -20.7806571], [-42.8768958, -20.7808439], [-42.876927, -20.7809562], [-42.8769348, -20.7809843]]}}, {"type": "Feature", "properties": {"osm_id": 148759832, "highway": "steps", "name": ""}, "geometry": {"type": "LineString", "coordinates": [[-42.8787364, -20.7796349], [-42.8783921, -20.779393]]}}, {"type": "Feature", "properties": {"osm_id": 148759837, "highway": "residential", "name": "Rua A"}, "geometry": {"type": "LineString", "coordinates": [[-42.8817043, -20.7818786], [-42.8815712, -20.781651], [-42.8814102, -20.7816549], [-42.8812013, -20.781588], [-42.8809932, -20.7815106], [-42.8808392, -20.7813968], [-42.8806398, -20.7812368], [-42.8804183, -20.781008], [-42.8799644, -20.7804803], [-42.8796129, -20.7800289], [-42.8795756, -20.7799674], [-42.8795737, -20.7799177], [-42.8795925, -20.7798445]]}}, {"type": "Feature", "properties": {"osm_id": 148759838, "highway": "residential", "name": ""}, "geometry": {"type": "LineString", "coordinates": [[-42.8781905, -20.7796952], [-42.8781055, -20.7795707], [-42.8780639, -20.7795035], [-42.8780523, -20.7794862], [-42.8780489, -20.779474], [-42.8780439, -20.7794558], [-42.8780455, -20.7794301], [-42.8780522, -20.7794077], [-42.8780731, -20.7793858], [-42.8780967, -20.7793576]]}}, {"type": "Feature", "properties": {"osm_id": 148759840, "highway": "residential", "name": "Estrada da Servidão"}, "geometry": {"type": "LineString", "coordinates": [[-42.8784408, -20.7785959], [-42.8783844, -20.7786342], [-42.8781743, -20.778777], [-42.8780951, -20.7788204], [-42.8780457, -20.7788475], [-42.8779248, -20.7789374], [-42.8777839, -20.7790695], [-42.8776125, -20.7792416], [-42.8774916, -20.7793759], [-42.8773601, -20.7795105], [-42.8772408, -20.7795933], [-42.8769971, -20.7797013], [-42.8767314, -20.7798445], [-42.8765231, -20.7799778], [-42.8763448, -20.7800805], [-42.8762353, -20.7801519], [-42.8761767, -20.7801915], [-42.8761353, -20.7802374], [-42.8761014, -20.7803143], [-42.8759521, -20.7806596], [-42.8759136, -20.7807912], [-42.8759067, -20.780949], [-42.8759494, -20.7811926], [-42.8759986, -20.7813821], [-42.8760278, -20.7815893], [-42.8760095, -20.781772], [-42.8759668, -20.7819953], [-42.8758358, -20.7822827], [-42.8757459, -20.7824667], [-42.8756901, -20.7825821], [-42.875693, -20.7826601], [-42.875728, -20.7827536]]}}, {"type": "Feature", "properties": {"osm_id": 148759843, "highway": "residential", "name": ""}, "geometry": {"type": "LineString", "coordinates": [[-42.878738, -20.7829464], [-42.8787338, -20.7829535], [-42.8786855, -20.7830361], [-42.87863, -20.7831595], [-42.878581, -20.7833025], [-42.8785365, -20.7834451], [-42.8785053, -20.7835452], [-42.8784553, -20.7836172], [-42.8783665, -20.7837025], [-42.8782568, -20.7837606], [-42.8781479, -20.7838079], [-42.8780312, -20.7838173], [-42.8779466, -20.7837856], [-42.877875, -20.7837325], [-42.87783, -20.7836697], [-42.8778231, -20.7836174], [-42.8778382, -20.7835573], [-42.8778993, -20.7834572], [-42.8779745, -20.7833439], [-42.8780634, -20.7831767], [-42.8781762, -20.78284], [-42.8782274, -20.7826844], [-42.8782339, -20.7826646]]}}, {"type": "Feature", "properties": {"osm_id": 148759846, "highway": "service", "name": "Via Central Ed. Arthur Bernardes"}, "geometry": {"type": "LineString", "coordinates": [[-42.8686408, -20.7615006], [-42.8686569, -20.7615183], [-42.8686714, -20.7615346], [-42.8689695, -20.7618814], [-42.8695959, -20.7625788], [-42.8696444, -20.7626334], [-42.8699519, -20.7630105], [-42.8695596, -20.7633572], [-42.8695127, -20.7633866], [-42.8694738, -20.7634004], [-42.8694215, -20.7634011], [-42.869337, -20.763381], [-42.8689977, -20.7632782]]}}, {"type": "Feature", "properties": {"osm_id": 148759847, "highway": "service", "name": ""}, "geometry": {"type": "LineString", "coordinates": [[-42.8691001, -20.7596285], [-42.8690452, -20.759549], [-42.8690232, -20.7595171], [-42.8688449, -20.7593126]]}}, {"type": "Feature", "properties": {"osm_id": 148759848, "highway": "residential", "name": "Rua Alves"}, "geometry": {"type": "LineString", "coordinates": [[-42.8784817, -20.7766625], [-42.8783952, -20.7767644], [-42.8783603, -20.7768653], [-42.8783604, -20.7769814], [-42.8784228, -20.7771379], [-42.8786608, -20.7775826], [-42.878687, -20.7776487], [-42.8787063, -20.7777444], [-42.8787005, -20.7778646], [-42.8786504, -20.7780608], [-42.8784936, -20.778469], [-42.8784408, -20.7785959], [-42.8783035, -20.7789751], [-42.8782197, -20.7791777]]}}, {"type": "Feature", "properties": {"osm_id": 148759850, "highway": "service", "name": ""}, "geometry": {"type": "LineString", "coordinates": [[-42.8783035, -20.7789751], [-42.8782507, -20.7789808], [-42.8781997, -20.7789863], [-42.8781261, -20.7789928], [-42.8780747, -20.7789615], [-42.8780652, -20.7789069], [-42.8780951, -20.7788204]]}}, {"type": "Feature", "properties": {"osm_id": 148759851, "highway": "service", "name": ""}, "geometry": {"type": "LineString", "coordinates": [[-42.8682243, -20.7637913], [-42.8682028, -20.7638003], [-42.8681679, -20.763815], [-42.8678447, -20.7639372], [-42.8674581, -20.7640878], [-42.867377, -20.7641196], [-42.8667855, -20.7643591], [-42.8666085, -20.7644745], [-42.866457, -20.7646337], [-42.8663859, -20.7648043], [-42.8663416, -20.7649698], [-42.8663309, -20.7651209], [-42.8663342, -20.7652764], [-42.8663456, -20.7653799], [-42.8663691, -20.7654495], [-42.8663912, -20.765467], [-42.8664147, -20.7654702], [-42.8664335, -20.7654595], [-42.8664771, -20.7653861], [-42.8665549, -20.7652344], [-42.8666474, -20.7650827], [-42.8667265, -20.7650087], [-42.8667788, -20.7649861], [-42.8670269, -20.7650074], [-42.8671825, -20.7650576], [-42.8673072, -20.7651504], [-42.8674534, -20.7653059], [-42.8675969, -20.7655078]]}}, {"type": "Feature", "properties": {"osm_id": 148761096, "highway": "residential", "name": "Rua Modesto Apolinário"}, "geometry": {"type": "LineString", "coordinates": [[-42.8838267, -20.7800033], [-42.8838978, -20.7800628], [-42.8840958, -20.7802107], [-42.8842179, -20.7803085], [-42.8843319, -20.7803893], [-42.8844157, -20.7804382], [-42.8844627, -20.7804567], [-42.8845451, -20.7804796], [-42.8846155, -20.7805041], [-42.884708, -20.7805448], [-42.8847543, -20.7805686], [-42.88481, -20.7806044], [-42.8851289, -20.7808], [-42.8853524, -20.7809417], [-42.8853813, -20.7809523]]}}, {"type": "Feature", "properties": {"osm_id": 148761100, "highway": "residential", "name": ""}, "geometry": {"type": "LineString", "coordinates": [[-42.8846639, -20.7801909], [-42.8844627, -20.7804567]]}}, {"type": "Feature", "properties": {"osm_id": 148761425, "highway": "service", "name": ""}, "geometry": {"type": "LineString", "coordinates": [[-42.8770735, -20.774404], [-42.8766762, -20.7737572]]}}, {"type": "Feature", "properties": {"osm_id": 148761426, "highway": "service", "name": ""}, "geometry": {"type": "LineString", "coordinates": [[-42.8773655, -20.7742515], [-42.8772984, -20.7742833], [-42.8770735, -20.774404], [-42.8767986, -20.7745634], [-42.8766341, -20.7745633], [-42.876491, -20.7745031], [-42.876448, -20.7744178], [-42.8763447, -20.774241]]}}, {"type": "Feature", "properties": {"osm_id": 148761427, "highway": "service", "name": ""}, "geometry": {"type": "LineString", "coordinates": [[-42.876491, -20.7745031], [-42.8766747, -20.7748893], [-42.8768183, -20.7751403], [-42.876912, -20.775308]]}}, {"type": "Feature", "properties": {"osm_id": 148761429, "highway": "service", "name": ""}, "geometry": {"type": "LineString", "coordinates": [[-42.8780457, -20.7788475], [-42.8780375, -20.7787716], [-42.8780665, -20.7786347]]}}, {"type": "Feature", "properties": {"osm_id": 148761430, "highway": "service", "name": ""}, "geometry": {"type": "LineString", "coordinates": [[-42.8749483, -20.7703851], [-42.8751792, -20.770251], [-42.8753751, -20.7701331], [-42.8756594, -20.7705695], [-42.8757828, -20.7705845], [-42.876104, -20.7704748], [-42.8766947, -20.7702535], [-42.8765689, -20.7700531]]}}, {"type": "Feature", "properties": {"osm_id": 148761431, "highway": "pedestrian", "name": "Calçadão Arthur Bernardes"}, "geometry": {"type": "LineString", "coordinates": [[-42.8813329, -20.7540844], [-42.881183, -20.7541231], [-42.880702, -20.7543077], [-42.8804756, -20.7543992], [-42.880421, -20.7544213], [-42.8802721, -20.7544816], [-42.88023, -20.7544986], [-42.8795873, -20.7547506]]}}, {"type": "Feature", "properties": {"osm_id": 148761434, "highway": "service", "name": ""}, "geometry": {"type": "LineString", "coordinates": [[-42.8753751, -20.7701331], [-42.8750747, -20.7696215]]}}, {"type": "Feature", "properties": {"osm_id": 148762436, "highway": "tertiary", "name": "Rua dos Passos"}, "geometry": {"type": "LineString", "coordinates": [[-42.8801824, -20.7454088], [-42.8801845, -20.7454184], [-42.880314, -20.745973]]}}, {"type": "Feature", "properties": {"osm_id": 148762437, "highway": "trunk", "name": "Avenida Joaquim Lopes de Faria"}, "geometry": {"type": "LineString", "coordinates": [[-42.86801, -20.7483452], [-42.8681856, -20.7483159], [-42.8684338, -20.7482704], [-42.8685887, -20.748251], [-42.8687161, -20.7482309], [-42.868858, -20.7482256], [-42.8690185, -20.7482278]]}}, {"type": "Feature", "properties": {"osm_id": 148762438, "highway": "tertiary", "name": "Rua Benedito Valadares"}, "geometry": {"type": "LineString", "coordinates": [[-42.8815881, -20.7548349], [-42.8817213, -20.7547523], [-42.8820484, -20.7544833], [-42.8823703, -20.7542525], [-42.8826776, -20.75414], [-42.8829818, -20.7541337], [-42.8833701, -20.7542022], [-42.8836201, -20.7542402], [-42.8838646, -20.7542301]]}}, {"type": "Feature", "properties": {"osm_id": 148762439, "highway": "tertiary", "name": "Rua Tenente Kümmel"}, "geometry": {"type": "LineString", "coordinates": [[-42.8850831, -20.7522949], [-42.8848672, -20.7528827], [-42.8847075, -20.7531288], [-42.8845922, -20.7533182], [-42.8844849, -20.7534988], [-42.8843027, -20.753812], [-42.8841932, -20.7540226]]}}, {"type": "Feature", "properties": {"osm_id": 148762441, "highway": "residential", "name": "Rua Benjamin Araújo"}, "geometry": {"type": "LineString", "coordinates": [[-42.8841932, -20.7540226], [-42.8841032, -20.7540143], [-42.8834071, -20.7538307], [-42.8832167, -20.7537981], [-42.8827156, -20.7537502], [-42.8824891, -20.7537393], [-42.8822367, -20.7537851], [-42.8819728, -20.7538629]]}}, {"type": "Feature", "properties": {"osm_id": 148762665, "highway": "trunk", "name": "Rua Honorina de Jesus"}, "geometry": {"type": "LineString", "coordinates": [[-42.8793005, -20.7366494], [-42.8793272, -20.7366863], [-42.8793567, -20.7367422], [-42.8793745, -20.7367997], [-42.8793776, -20.7369051], [-42.8793541, -20.7370205], [-42.8792969, -20.7372147], [-42.8792806, -20.7372905], [-42.8792779, -20.7373849], [-42.8792914, -20.7374782], [-42.8793624, -20.7376404], [-42.8794053, -20.737747], [-42.8794402, -20.7378649], [-42.879459, -20.7379991], [-42.879467, -20.7381258], [-42.8794751, -20.7382512], [-42.8794952, -20.7383816], [-42.8795328, -20.738486]]}}, {"type": "Feature", "properties": {"osm_id": 148762701, "highway": "unclassified", "name": ""}, "geometry": {"type": "LineString", "coordinates": [[-42.8619996, -20.7681211], [-42.8619117, -20.7684822], [-42.8617339, -20.7690538], [-42.8616122, -20.7694093], [-42.8613827, -20.7700022], [-42.8613411, -20.7701201], [-42.8613264, -20.7703339], [-42.8613447, -20.7706214], [-42.8613782, -20.7717312], [-42.8613395, -20.7721676], [-42.8615191, -20.7728617], [-42.8616854, -20.7734585], [-42.86179, -20.7743867], [-42.8616854, -20.7749833], [-42.8618302, -20.7754447], [-42.8623023, -20.7758711], [-42.8626617, -20.7762472], [-42.8627084, -20.7764337], [-42.8627797, -20.7767187], [-42.8627821, -20.7768307], [-42.8627917, -20.777274], [-42.8628019, -20.7777495], [-42.8628588, -20.7785123], [-42.8628732, -20.7785771], [-42.8629044, -20.7787179], [-42.8629607, -20.7788609], [-42.8630734, -20.7790339], [-42.8634113, -20.7794048]]}}, {"type": "Feature", "properties": {"osm_id": 148762702, "highway": "unclassified", "name": ""}, "geometry": {"type": "LineString", "coordinates": [[-42.8613447, -20.7706214], [-42.8608082, -20.7706515], [-42.8606647, -20.7706716], [-42.8605883, -20.7706954], [-42.860536, -20.7707381], [-42.8603831, -20.7710415]]}}, {"type": "Feature", "properties": {"osm_id": 148762703, "highway": "unclassified", "name": ""}, "geometry": {"type": "LineString", "coordinates": [[-42.8613447, -20.7706214], [-42.8620045, -20.7705848]]}}, {"type": "Feature", "properties": {"osm_id": 148762704, "highway": "service", "name": ""}, "geometry": {"type": "LineString", "coordinates": [[-42.8614064, -20.7791756], [-42.86157, -20.7787555], [-42.8616638, -20.7786001], [-42.861751, -20.7785073], [-42.8618529, -20.7784534], [-42.8619428, -20.7784383], [-42.8620595, -20.7784458], [-42.8622217, -20.7784897], [-42.8626737, -20.7786628]]}}, {"type": "Feature", "properties": {"osm_id": 148762705, "highway": "unclassified", "name": ""}, "geometry": {"type": "LineString", "coordinates": [[-42.8613395, -20.7721676], [-42.8611221, -20.7722798], [-42.8608914, -20.7725056], [-42.8607895, -20.7726661], [-42.8610004, -20.7734622], [-42.8610577, -20.7737795], [-42.8611489, -20.7742309]]}}, {"type": "Feature", "properties": {"osm_id": 148762706, "highway": "service", "name": ""}, "geometry": {"type": "LineString", "coordinates": [[-42.8623693, -20.779479], [-42.8622848, -20.7797047], [-42.862034, -20.7803643], [-42.8619763, -20.7805273], [-42.8619421, -20.7805837], [-42.8619066, -20.7806157], [-42.8618731, -20.7806244], [-42.8618348, -20.7806207], [-42.8617731, -20.7806069], [-42.8610764, -20.7803843], [-42.8610349, -20.7803592], [-42.8610134, -20.7803292], [-42.861008, -20.780289], [-42.8610282, -20.7802063], [-42.8614064, -20.7791756]]}}, {"type": "Feature", "properties": {"osm_id": 148762707, "highway": "service", "name": "Via da Veterinária"}, "geometry": {"type": "LineString", "coordinates": [[-42.8570313, -20.7679296], [-42.8567831, -20.7679689], [-42.8565379, -20.768022], [-42.8562966, -20.7680889], [-42.8560601, -20.7681693], [-42.8558292, -20.768263]]}}, {"type": "Feature", "properties": {"osm_id": 148771523, "highway": "residential", "name": "Rua Nova"}, "geometry": {"type": "LineString", "coordinates": [[-42.8810907, -20.7785402], [-42.8811728, -20.7783874], [-42.8813073, -20.7780674], [-42.8813363, -20.7779181]]}}, {"type": "Feature", "properties": {"osm_id": 148771525, "highway": "residential", "name": "Rua João Gregório dos Santos"}, "geometry": {"type": "LineString", "coordinates": [[-42.8804, -20.7783777], [-42.8804707, -20.7783663], [-42.8805406, -20.7783355], [-42.8806577, -20.778304], [-42.8807344, -20.7782429], [-42.8807755, -20.7781909], [-42.8808114, -20.778141], [-42.8808381, -20.7780495], [-42.8808102, -20.7778444], [-42.8808004, -20.7777994], [-42.8806854, -20.7777194], [-42.8805529, -20.7776157], [-42.8803925, -20.7775219], [-42.8802287, -20.7774468], [-42.8801653, -20.7774293]]}}, {"type": "Feature", "properties": {"osm_id": 148771526, "highway": "residential", "name": "Rua Nova"}, "geometry": {"type": "LineString", "coordinates": [[-42.8804707, -20.7783663], [-42.8807575, -20.7784364], [-42.8808731, -20.7784705], [-42.8809784, -20.7785067], [-42.8810907, -20.7785402], [-42.8813962, -20.7787366], [-42.881785, -20.7789803], [-42.8818757, -20.7790153], [-42.8819247, -20.7790061], [-42.8820098, -20.7789544], [-42.8820707, -20.7788971], [-42.8821095, -20.7787971], [-42.8821693, -20.7786208], [-42.8821747, -20.7785838], [-42.8821673, -20.7785537], [-42.8821365, -20.7785248], [-42.8816557, -20.7782224], [-42.881464, -20.7781023], [-42.8813666, -20.7780726], [-42.8813073, -20.7780674]]}}, {"type": "Feature", "properties": {"osm_id": 148771559, "highway": "path", "name": ""}, "geometry": {"type": "LineString", "coordinates": [[-42.8779073, -20.7854153], [-42.8780442, -20.7854903], [-42.8781545, -20.7854976], [-42.8782645, -20.7854423], [-42.8783749, -20.7853409], [-42.8784289, -20.7852482], [-42.8785806, -20.7851032], [-42.878636, -20.7850316], [-42.8786529, -20.78496], [-42.8786028, -20.7849319], [-42.8784584, -20.7849047], [-42.8784037, -20.7848755], [-42.8784132, -20.7848578], [-42.8784602, -20.7848494], [-42.8785969, -20.7847999], [-42.878677, -20.7847536], [-42.878741, -20.7846887], [-42.8787335, -20.7846446], [-42.8786591, -20.7845804], [-42.8786409, -20.7845231], [-42.8786189, -20.7844275], [-42.8784915, -20.7843978], [-42.8784438, -20.784436], [-42.8784231, -20.7844836], [-42.8784024, -20.7845445], [-42.8783872, -20.7845995], [-42.8783674, -20.7846484], [-42.8782905, -20.7847037], [-42.8781721, -20.7847319], [-42.8780129, -20.7848095], [-42.8779441, -20.7848291], [-42.877768, -20.7848757], [-42.8776428, -20.7848826], [-42.8775329, -20.7847833], [-42.8774348, -20.7846737]]}}, {"type": "Feature", "properties": {"osm_id": 148771561, "highway": "path", "name": ""}, "geometry": {"type": "LineString", "coordinates": [[-42.8803359, -20.7842913], [-42.8803836, -20.784325], [-42.8804612, -20.7844498], [-42.8804925, -20.7845547], [-42.8804047, -20.7849367], [-42.8802416, -20.7852472], [-42.8800939, -20.7855252], [-42.8798111, -20.7857172], [-42.8794386, -20.7859655], [-42.8792855, -20.7860637], [-42.8789822, -20.7861638], [-42.8787701, -20.7861866], [-42.8784695, -20.7862143], [-42.8781108, -20.7861298], [-42.877939, -20.7860783], [-42.8778093, -20.786053], [-42.8778056, -20.7860223], [-42.877884, -20.7860248], [-42.8779989, -20.7860376], [-42.8780954, -20.78605]]}}, {"type": "Feature", "properties": {"osm_id": 148771567, "highway": "path", "name": ""}, "geometry": {"type": "LineString", "coordinates": [[-42.8802514, -20.7824613], [-42.8801435, -20.7825744], [-42.8800955, -20.7827222], [-42.8800308, -20.7829192], [-42.8799506, -20.7830624], [-42.8799202, -20.7831339], [-42.8797636, -20.7833074], [-42.8796113, -20.7834606], [-42.8795267, -20.783607], [-42.8795097, -20.7837445], [-42.8795451, -20.7839271], [-42.8796044, -20.7839855], [-42.8796968, -20.7841748], [-42.8797541, -20.7843183], [-42.8797265, -20.7843633], [-42.8796503, -20.7843878], [-42.879611, -20.7844422], [-42.8795609, -20.7845559], [-42.8795193, -20.7847127], [-42.8795313, -20.7848141], [-42.879541, -20.784915], [-42.8795019, -20.7849764], [-42.8794198, -20.7850399], [-42.8791033, -20.7850396], [-42.8788618, -20.7850785], [-42.8787356, -20.7851014], [-42.8786382, -20.7851609], [-42.8785412, -20.7851912], [-42.8784289, -20.7852482]]}}, {"type": "Feature", "properties": {"osm_id": 148771643, "highway": "residential", "name": ""}, "geometry": {"type": "LineString", "coordinates": [[-42.8782629, -20.7817337], [-42.8780538, -20.7817736]]}}, {"type": "Feature", "properties": {"osm_id": 148771684, "highway": "unclassified", "name": ""}, "geometry": {"type": "LineString", "coordinates": [[-42.8767621, -20.7637147], [-42.8767969, -20.7640992], [-42.8767272, -20.764325], [-42.8766843, -20.7645557], [-42.8767253, -20.7647827], [-42.87699, -20.7651325], [-42.8775171, -20.765742], [-42.8779945, -20.7662711], [-42.8787696, -20.7669524], [-42.8789185, -20.7671191], [-42.879164, -20.767512], [-42.8794194, -20.767764], [-42.8799371, -20.7681937], [-42.8800109, -20.768496], [-42.8801356, -20.7688308], [-42.8802381, -20.7690195], [-42.8802395, -20.7692082], [-42.8800732, -20.7700302], [-42.8800578, -20.7706076], [-42.8800933, -20.7707681], [-42.8802449, -20.7709826], [-42.8804889, -20.7713901], [-42.8805413, -20.7714738], [-42.8806007, -20.7715687], [-42.8808658, -20.7717509], [-42.881012, -20.7718766], [-42.8812226, -20.7720192], [-42.8813835, -20.7721036], [-42.8815417, -20.7721675], [-42.8818528, -20.7722704], [-42.8819267, -20.7723014], [-42.8819963, -20.7723393], [-42.8821895, -20.7724898], [-42.8822585, -20.7725343], [-42.8823558, -20.7725691], [-42.8824731, -20.7725845], [-42.8828246, -20.7726113], [-42.8830732, -20.7726139], [-42.8833189, -20.7726011], [-42.8839351, -20.7725044], [-42.8842119, -20.7724706], [-42.8843607, -20.772466], [-42.8845123, -20.7724832], [-42.8848811, -20.7725537], [-42.8849615, -20.7725939], [-42.8850354, -20.7726462], [-42.8852056, -20.7727964], [-42.8852593, -20.7728644], [-42.8853102, -20.77294], [-42.8854041, -20.773123], [-42.8854436, -20.7732058], [-42.8854685, -20.7732873], [-42.8855966, -20.7737147], [-42.8856745, -20.7738619], [-42.8857466, -20.7739529], [-42.8858318, -20.7740345], [-42.8859007, -20.7740883]]}}, {"type": "Feature", "properties": {"osm_id": 148771685, "highway": "residential", "name": ""}, "geometry": {"type": "LineString", "coordinates": [[-42.8765649, -20.7587783], [-42.8764216, -20.758977], [-42.8763626, -20.7590777], [-42.8763222, -20.7591812], [-42.8759453, -20.7602444], [-42.8758221, -20.7604201], [-42.875517, -20.7606362], [-42.8751073, -20.7609416], [-42.8748577, -20.7612585], [-42.8747067, -20.7617367], [-42.874699, -20.762013], [-42.8746855, -20.7621172], [-42.874593, -20.7628332]]}}, {"type": "Feature", "properties": {"osm_id": 148771687, "highway": "residential", "name": "Rua João Gregório dos Santos"}, "geometry": {"type": "LineString", "coordinates": [[-42.8766267, -20.7626482], [-42.8765072, -20.76277], [-42.8762747, -20.7629318], [-42.8760119, -20.7631091], [-42.8756498, -20.763247], [-42.8753011, -20.7632696], [-42.874593, -20.7628332]]}}, {"type": "Feature", "properties": {"osm_id": 148771688, "highway": "trunk", "name": "Avenida Marechal Castelo Branco"}, "geometry": {"type": "LineString", "coordinates": [[-42.8652894, -20.7447385], [-42.8653599, -20.7448992], [-42.8654726, -20.7450826], [-42.8655852, -20.745266], [-42.8658156, -20.7456294], [-42.8659201, -20.7457731], [-42.8660118, -20.7458831], [-42.8661406, -20.7460555], [-42.8661797, -20.7461043], [-42.8662078, -20.7461409], [-42.8662969, -20.7462508], [-42.8665568, -20.7465671], [-42.8670598, -20.7471783], [-42.8678365, -20.7481219], [-42.8679571, -20.7482802]]}}, {"type": "Feature", "properties": {"osm_id": 148771689, "highway": "service", "name": ""}, "geometry": {"type": "LineString", "coordinates": [[-42.8767681, -20.7568563], [-42.8767214, -20.7568883], [-42.8766145, -20.7569663], [-42.8764514, -20.7570846], [-42.876295, -20.7572177], [-42.8760778, -20.7574579]]}}, {"type": "Feature", "properties": {"osm_id": 148771823, "highway": "tertiary", "name": "Rua Doutor Milton Bandeira"}, "geometry": {"type": "LineString", "coordinates": [[-42.8820575, -20.7518961], [-42.8818651, -20.7519073], [-42.8817147, -20.7519255], [-42.881552, -20.7519589], [-42.8812972, -20.7520202], [-42.8810485, -20.752113], [-42.8809034, -20.7521795], [-42.8807665, -20.7522588], [-42.8804023, -20.7524993]]}}, {"type": "Feature", "properties": {"osm_id": 148771824, "highway": "residential", "name": "Rua Agnelo Gomes da Silva"}, "geometry": {"type": "LineString", "coordinates": [[-42.884946, -20.7549523], [-42.8849452, -20.7550902], [-42.8849881, -20.7552357], [-42.8851099, -20.7553875], [-42.8852617, -20.7555568], [-42.8854924, -20.7556922]]}}, {"type": "Feature", "properties": {"osm_id": 148771825, "highway": "residential", "name": "Rua Hermerich"}, "geometry": {"type": "LineString", "coordinates": [[-42.8775921, -20.7473352], [-42.8773119, -20.7468379], [-42.8772944, -20.746816], [-42.8772716, -20.7468084], [-42.8772455, -20.7468091], [-42.8772173, -20.7468216], [-42.8768822, -20.7470059], [-42.876559, -20.7471638], [-42.876382, -20.7472403], [-42.8763141, -20.7472637], [-42.8762309, -20.7472725], [-42.8759117, -20.747285], [-42.8758058, -20.7472838], [-42.8757092, -20.747275], [-42.8751755, -20.7472123], [-42.8748732, -20.747204], [-42.8739251, -20.747219]]}}, {"type": "Feature", "properties": {"osm_id": 148771826, "highway": "residential", "name": "Rua Maestro João Salgado Amorim"}, "geometry": {"type": "LineString", "coordinates": [[-42.8872118, -20.7581032], [-42.8871538, -20.7583274], [-42.8870522, -20.7587266], [-42.8869707, -20.7590285]]}}, {"type": "Feature", "properties": {"osm_id": 148771827, "highway": "residential", "name": "Rua Capitão José Maria Santana"}, "geometry": {"type": "LineString", "coordinates": [[-42.884637, -20.7544851], [-42.8847837, -20.7547318], [-42.884946, -20.7549523], [-42.8851141, -20.7551003], [-42.8851357, -20.7551198], [-42.8852655, -20.755247], [-42.885523, -20.7553574], [-42.8857536, -20.7554326], [-42.885995, -20.7554326], [-42.8861935, -20.7554727], [-42.8864456, -20.755553], [-42.8867797, -20.7556825], [-42.886893, -20.7557325], [-42.8870968, -20.7558254], [-42.8872764, -20.7558711], [-42.8874878, -20.7559251], [-42.8878822, -20.7560139], [-42.8882806, -20.7560939]]}}, {"type": "Feature", "properties": {"osm_id": 148771828, "highway": "residential", "name": "Rua Papa João XXIII"}, "geometry": {"type": "LineString", "coordinates": [[-42.8852949, -20.7560934], [-42.8851904, -20.7562553], [-42.8849543, -20.7566516], [-42.8847421, -20.7570212], [-42.8845264, -20.7573842], [-42.8842478, -20.757779], [-42.8841425, -20.7579437], [-42.8839441, -20.758295], [-42.883864, -20.758422]]}}, {"type": "Feature", "properties": {"osm_id": 148771831, "highway": "residential", "name": "Rua Professor Alberto Pacheco"}, "geometry": {"type": "LineString", "coordinates": [[-42.8802195, -20.7578733], [-42.8805461, -20.7574411], [-42.8806139, -20.7573489], [-42.8808417, -20.7570115], [-42.8810329, -20.7567318], [-42.8811544, -20.7565838], [-42.8814103, -20.7562783], [-42.8816691, -20.7559988]]}}, {"type": "Feature", "properties": {"osm_id": 148771832, "highway": "residential", "name": ""}, "geometry": {"type": "LineString", "coordinates": [[-42.8854771, -20.7574198], [-42.8854381, -20.7574168], [-42.8854024, -20.7574016], [-42.8853744, -20.7573758], [-42.8853575, -20.7573427], [-42.8853537, -20.7573062], [-42.8853635, -20.7572707], [-42.8853856, -20.7572404], [-42.8854174, -20.757219], [-42.8854552, -20.757209], [-42.8854943, -20.7572117], [-42.8855301, -20.7572267], [-42.8855583, -20.7572522], [-42.8855755, -20.7572851], [-42.8855796, -20.7573216], [-42.8855698, -20.757358], [-42.885547, -20.757389], [-42.885515, -20.7574101], [-42.8854771, -20.7574198]]}}, {"type": "Feature", "properties": {"osm_id": 148771834, "highway": "residential", "name": "Alameda Fábio Ribeiro Gomes"}, "geometry": {"type": "LineString", "coordinates": [[-42.8848026, -20.7545475], [-42.8847398, -20.7544193], [-42.8846716, -20.7542927], [-42.8846153, -20.7541403], [-42.8846035, -20.7540034], [-42.8846319, -20.7539328], [-42.8846838, -20.7538643], [-42.8847546, -20.7538136], [-42.8848325, -20.7537937], [-42.884927, -20.7538136], [-42.885097, -20.7538423], [-42.8852032, -20.7538378], [-42.8853142, -20.7538599], [-42.885444, -20.7538511]]}}, {"type": "Feature", "properties": {"osm_id": 148771835, "highway": "service", "name": ""}, "geometry": {"type": "LineString", "coordinates": [[-42.885097, -20.7538423], [-42.8850901, -20.7540268], [-42.8850525, -20.7543127], [-42.8850525, -20.7544933]]}}, {"type": "Feature", "properties": {"osm_id": 148771836, "highway": "residential", "name": "Rua Domingos Cipriano"}, "geometry": {"type": "LineString", "coordinates": [[-42.8728401, -20.7472014], [-42.8729661, -20.7471224], [-42.8731491, -20.7470038], [-42.8733779, -20.746888], [-42.8734731, -20.7468503], [-42.8735756, -20.746832], [-42.8736797, -20.7468516], [-42.8737633, -20.7469022], [-42.8738339, -20.746982], [-42.8738821, -20.7470735], [-42.8739251, -20.747219]]}}, {"type": "Feature", "properties": {"osm_id": 148771838, "highway": "residential", "name": "Rua Otávio da Silva Araújo"}, "geometry": {"type": "LineString", "coordinates": [[-42.8740042, -20.7518421], [-42.8738855, -20.7518579], [-42.8737086, -20.7518792], [-42.8731949, -20.7519118], [-42.8728958, -20.7519306], [-42.87248, -20.751967], [-42.8723728, -20.7519657], [-42.8722881, -20.7519415], [-42.8722336, -20.7518878], [-42.8721406, -20.7517196]]}}, {"type": "Feature", "properties": {"osm_id": 148771839, "highway": "residential", "name": "Rua Floriano Peixoto"}, "geometry": {"type": "LineString", "coordinates": [[-42.883195, -20.7543178], [-42.8838029, -20.7553611], [-42.8841405, -20.755938], [-42.8846217, -20.7563707]]}}, {"type": "Feature", "properties": {"osm_id": 148771840, "highway": "tertiary", "name": "Avenida Brasil"}, "geometry": {"type": "LineString", "coordinates": [[-42.880089, -20.745369], [-42.8800779, -20.7454785], [-42.8801174, -20.7459581], [-42.8801161, -20.7460384], [-42.8801067, -20.7461036], [-42.8799941, -20.7464121], [-42.879864, -20.7467169], [-42.8798077, -20.7468436], [-42.8795327, -20.7473715], [-42.8791451, -20.7480751], [-42.8790888, -20.7481754], [-42.8790593, -20.7482519], [-42.8790258, -20.7483623], [-42.8789195, -20.7487974], [-42.8786861, -20.7493993], [-42.8786316, -20.74953], [-42.8785936, -20.7496401], [-42.8785734, -20.7497354], [-42.8786105, -20.7498867], [-42.8787116, -20.7500149], [-42.8787851, -20.7501288], [-42.8788227, -20.7502379], [-42.8788992, -20.7504325], [-42.8788947, -20.7504817], [-42.8789049, -20.75057], [-42.87891, -20.750673], [-42.8788826, -20.7508014], [-42.8788403, -20.7509858], [-42.8788144, -20.7510552], [-42.8787824, -20.7511723], [-42.8788017, -20.7512188], [-42.8788442, -20.7512583], [-42.8788735, -20.7513068], [-42.878883, -20.751365], [-42.878852, -20.7514512], [-42.8787563, -20.751544], [-42.8785501, -20.7516935], [-42.8783752, -20.7518071], [-42.8782832, -20.7518513], [-42.8782594, -20.751864], [-42.8781752, -20.7519048], [-42.8780435, -20.7519571], [-42.8775594, -20.752092], [-42.8770841, -20.7522351], [-42.876635, -20.752358], [-42.8764413, -20.7523502], [-42.8763356, -20.7523106], [-42.8762511, -20.7522875], [-42.8761535, -20.7522456], [-42.8760142, -20.7521904], [-42.8757486, -20.7520882], [-42.8755852, -20.7520496], [-42.8754959, -20.7520329], [-42.8753809, -20.7520217]]}}, {"type": "Feature", "properties": {"osm_id": 148771843, "highway": "residential", "name": "Rua Dona Gertrudes"}, "geometry": {"type": "LineString", "coordinates": [[-42.8854148, -20.7516243], [-42.8850555, -20.7516883], [-42.8847012, -20.7517518], [-42.884507, -20.7517585], [-42.8843125, -20.7517272], [-42.8840468, -20.7516531], [-42.8838078, -20.7516126], [-42.8835785, -20.7516042], [-42.8833597, -20.7516243], [-42.8830917, -20.7516791], [-42.8826315, -20.7517857], [-42.8822901, -20.7518547], [-42.8820575, -20.7518961]]}}, {"type": "Feature", "properties": {"osm_id": 148771896, "highway": "residential", "name": "Travessa Francisco Gouveia"}, "geometry": {"type": "LineString", "coordinates": [[-42.878281, -20.7584698], [-42.8788621, -20.7581517]]}}, {"type": "Feature", "properties": {"osm_id": 148771897, "highway": "tertiary", "name": "Avenida Santa Rita"}, "geometry": {"type": "LineString", "coordinates": [[-42.8801101, -20.7601681], [-42.8799447, -20.7599009], [-42.8797395, -20.7595694], [-42.8797089, -20.75952], [-42.879435, -20.7590773], [-42.8792676, -20.7588069], [-42.8789815, -20.7583446], [-42.8788621, -20.7581517], [-42.8787331, -20.7579433], [-42.8784488, -20.757484], [-42.8782558, -20.7571721], [-42.8782105, -20.7570989], [-42.8781552, -20.7570096], [-42.8778879, -20.7565777], [-42.8778558, -20.7565259]]}}, {"type": "Feature", "properties": {"osm_id": 148772063, "highway": "residential", "name": "Alameda Albano Braga"}, "geometry": {"type": "LineString", "coordinates": [[-42.8793812, -20.7602666], [-42.879168, -20.760292], [-42.87905, -20.7603221], [-42.8789453, -20.7603849], [-42.8788884, -20.7605142], [-42.8788254, -20.760594], [-42.8787034, -20.7606472], [-42.8786018, -20.7606415], [-42.8784981, -20.7605807], [-42.8784351, -20.7604781], [-42.878364, -20.7603735], [-42.878301, -20.7603279], [-42.8782237, -20.760326], [-42.8781648, -20.7603811], [-42.8781404, -20.7604457], [-42.8781058, -20.7605579], [-42.8780408, -20.7606871], [-42.8779656, -20.7607765], [-42.877866, -20.7607879], [-42.8777733, -20.7607234], [-42.8777124, -20.7606143], [-42.877679, -20.7605099]]}}, {"type": "Feature", "properties": {"osm_id": 148772064, "highway": "residential", "name": "Travessa Pergentino Rodrigues"}, "geometry": {"type": "LineString", "coordinates": [[-42.8765714, -20.7586576], [-42.87685, -20.7586981], [-42.8770968, -20.7587458], [-42.8771437, -20.7587796]]}}, {"type": "Feature", "properties": {"osm_id": 148772507, "highway": "service", "name": ""}, "geometry": {"type": "LineString", "coordinates": [[-42.8665294, -20.7616039], [-42.8660318, -20.7610272], [-42.8660198, -20.7610053], [-42.8660204, -20.7609771], [-42.8660526, -20.7609332], [-42.8661512, -20.7608479], [-42.8662529, -20.7607751]]}}, {"type": "Feature", "properties": {"osm_id": 148772750, "highway": "service", "name": ""}, "geometry": {"type": "LineString", "coordinates": [[-42.8699519, -20.7630105], [-42.8701208, -20.7627612]]}}, {"type": "Feature", "properties": {"osm_id": 148772751, "highway": "service", "name": ""}, "geometry": {"type": "LineString", "coordinates": [[-42.8675354, -20.7629934], [-42.867556, -20.7629775], [-42.8675734, -20.7629641], [-42.8679872, -20.7626449], [-42.8682062, -20.7624773], [-42.868234, -20.7624561]]}}, {"type": "Feature", "properties": {"osm_id": 148772875, "highway": "residential", "name": "Rua das Estrelas"}, "geometry": {"type": "LineString", "coordinates": [[-42.8871716, -20.7682783], [-42.8872302, -20.7684117], [-42.8874045, -20.7686951], [-42.887729, -20.7690485], [-42.8879922, -20.7693007], [-42.8882766, -20.7695028], [-42.8884069, -20.7695835], [-42.8885125, -20.7696669], [-42.8885625, -20.769744], [-42.8886899, -20.7699397], [-42.8888136, -20.7702732], [-42.8888495, -20.7706007], [-42.8888559, -20.7706555], [-42.8888747, -20.7708732], [-42.8888749, -20.7712986], [-42.8888635, -20.7714422], [-42.8888078, -20.7717726], [-42.8887984, -20.7718854], [-42.8887314, -20.7723105], [-42.888671, -20.7729989], [-42.8886442, -20.773345], [-42.8886201, -20.7734854], [-42.8885825, -20.7736359], [-42.8885557, -20.7737462], [-42.8885396, -20.7738346], [-42.8885335, -20.7739776], [-42.8885537, -20.7740848], [-42.8885852, -20.7741826], [-42.8886145, -20.7742212]]}}, {"type": "Feature", "properties": {"osm_id": 148772876, "highway": "tertiary", "name": "Rua Sebastião Cupertino"}, "geometry": {"type": "LineString", "coordinates": [[-42.8875051, -20.7671882], [-42.8876188, -20.7682562]]}}, {"type": "Feature", "properties": {"osm_id": 148772877, "highway": "residential", "name": "Rua Francisco José da Silva"}, "geometry": {"type": "LineString", "coordinates": [[-42.8895919, -20.7614711], [-42.8896257, -20.7613379], [-42.8896606, -20.7612226], [-42.8897179, -20.7611034], [-42.8899164, -20.7607523], [-42.8902345, -20.7601215], [-42.8904261, -20.7597215], [-42.8904787, -20.7595547], [-42.8905226, -20.7593653], [-42.8906433, -20.7586781], [-42.8906664, -20.7583659], [-42.8908096, -20.7580361], [-42.8909947, -20.7576974], [-42.8911127, -20.7575294], [-42.8913621, -20.757231], [-42.8915155, -20.7570168]]}}, {"type": "Feature", "properties": {"osm_id": 148772878, "highway": "tertiary", "name": "Rua Prefeito Moacir Dias Andrades"}, "geometry": {"type": "LineString", "coordinates": [[-42.8837744, -20.7654472], [-42.8838682, -20.7653016], [-42.8839797, -20.7651973], [-42.8841443, -20.765146], [-42.8842929, -20.7651228], [-42.8844787, -20.765141]]}}, {"type": "Feature", "properties": {"osm_id": 148772880, "highway": "residential", "name": "Travessa Dona Mariazinha"}, "geometry": {"type": "LineString", "coordinates": [[-42.8897131, -20.7748961], [-42.8900537, -20.7744509]]}}, {"type": "Feature", "properties": {"osm_id": 148772881, "highway": "residential", "name": "Rua Horácio Borges"}, "geometry": {"type": "LineString", "coordinates": [[-42.8888159, -20.761497], [-42.8889474, -20.7611798], [-42.8891566, -20.7607383], [-42.8893524, -20.7603371], [-42.8894558, -20.7601137], [-42.8895256, -20.759929], [-42.8896357, -20.7596105]]}}, {"type": "Feature", "properties": {"osm_id": 148772973, "highway": "trunk_link", "name": ""}, "geometry": {"type": "LineString", "coordinates": [[-42.8520808, -20.7429063], [-42.8521695, -20.7430407], [-42.8521792, -20.7431049], [-42.8521345, -20.7432047], [-42.8520247, -20.7432852]]}}, {"type": "Feature", "properties": {"osm_id": 148772975, "highway": "trunk", "name": ""}, "geometry": {"type": "LineString", "coordinates": [[-42.8534732, -20.743448], [-42.8531009, -20.7433517], [-42.8528824, -20.7433166], [-42.8526326, -20.7432913], [-42.8520247, -20.7432852], [-42.8517772, -20.7432489], [-42.851663, -20.7432257], [-42.8514192, -20.7431448], [-42.8512483, -20.743067], [-42.8509667, -20.7428387]]}}, {"type": "Feature", "properties": {"osm_id": 148772977, "highway": "trunk_link", "name": ""}, "geometry": {"type": "LineString", "coordinates": [[-42.8509667, -20.7428387], [-42.850953, -20.7427758], [-42.8509515, -20.7426759], [-42.8509832, -20.7426088], [-42.8510512, -20.7425629], [-42.8511433, -20.7425285]]}}, {"type": "Feature", "properties": {"osm_id": 148772981, "highway": "secondary", "name": ""}, "geometry": {"type": "LineString", "coordinates": [[-42.8514399, -20.7418744], [-42.8515797, -20.7419952], [-42.8516915, -20.7421527], [-42.851758, -20.7423002], [-42.8517835, -20.7424003], [-42.851851, -20.7426199], [-42.8519269, -20.7427492], [-42.8520808, -20.7429063]]}}, {"type": "Feature", "properties": {"osm_id": 148772985, "highway": "secondary", "name": ""}, "geometry": {"type": "LineString", "coordinates": [[-42.8679571, -20.7482802], [-42.8678076, -20.748298]]}}, {"type": "Feature", "properties": {"osm_id": 148772992, "highway": "secondary", "name": ""}, "geometry": {"type": "LineString", "coordinates": [[-42.8513344, -20.7426128], [-42.8514793, -20.7425521], [-42.8515711, -20.7424933], [-42.8516242, -20.7424309], [-42.8516466, -20.7423403], [-42.8516434, -20.7422351], [-42.8516172, -20.7421395], [-42.8514399, -20.7418744]]}}, {"type": "Feature", "properties": {"osm_id": 148772997, "highway": "residential", "name": "Rua Mário Dutra dos Santos"}, "geometry": {"type": "LineString", "coordinates": [[-42.876994, -20.7500137], [-42.8768196, -20.7498704], [-42.8763277, -20.7494885], [-42.8762234, -20.7494165], [-42.8760796, -20.7493448], [-42.8758686, -20.7492783]]}}, {"type": "Feature", "properties": {"osm_id": 148773121, "highway": "residential", "name": "Rua Guanabara"}, "geometry": {"type": "LineString", "coordinates": [[-42.8800291, -20.744747], [-42.8796923, -20.7447997], [-42.8796078, -20.7448043], [-42.8795234, -20.7448032], [-42.8792456, -20.7447975], [-42.8788658, -20.7447835], [-42.8785076, -20.7447747]]}}, {"type": "Feature", "properties": {"osm_id": 148773122, "highway": "residential", "name": "Rua Joaquim Policarpo"}, "geometry": {"type": "LineString", "coordinates": [[-42.8704634, -20.748576], [-42.8704577, -20.7488116], [-42.8705098, -20.7497277], [-42.8705581, -20.7505404]]}}, {"type": "Feature", "properties": {"osm_id": 148773123, "highway": "residential", "name": "Rua João Batista de Oliveira"}, "geometry": {"type": "LineString", "coordinates": [[-42.8792903, -20.7464509], [-42.8787758, -20.7459837]]}}, {"type": "Feature", "properties": {"osm_id": 148773124, "highway": "tertiary", "name": "Rua Nasser Simão Muanis"}, "geometry": {"type": "LineString", "coordinates": [[-42.8701985, -20.7509847], [-42.8703022, -20.7509476], [-42.8703607, -20.7509231], [-42.87074, -20.750755], [-42.8711268, -20.7506126]]}}, {"type": "Feature", "properties": {"osm_id": 148773125, "highway": "residential", "name": "Rua José Timóteo Silva"}, "geometry": {"type": "LineString", "coordinates": [[-42.87074, -20.750755], [-42.8706118, -20.7506006], [-42.8705581, -20.7505404], [-42.8703435, -20.75041], [-42.8697294, -20.7500105], [-42.869653, -20.7499404], [-42.8695978, -20.7498506], [-42.8695551, -20.7496507], [-42.8695751, -20.7493967], [-42.8696337, -20.7492008], [-42.8696779, -20.7490893], [-42.8696972, -20.7489997], [-42.8696906, -20.748902], [-42.8696488, -20.7488097], [-42.869488, -20.7486248], [-42.869429, -20.7485621], [-42.8693861, -20.7485169], [-42.8692279, -20.748379], [-42.8690185, -20.7482278]]}}, {"type": "Feature", "properties": {"osm_id": 148773126, "highway": "residential", "name": "Rua Benevenuto Saraiva"}, "geometry": {"type": "LineString", "coordinates": [[-42.8804971, -20.7459925], [-42.8807493, -20.7455773], [-42.8808512, -20.7454217], [-42.8809339, -20.7452729], [-42.8809974, -20.7451294], [-42.8810638, -20.7449509], [-42.8810434, -20.7446803]]}}, {"type": "Feature", "properties": {"osm_id": 148773127, "highway": "tertiary", "name": "Rua Dona Carlota"}, "geometry": {"type": "LineString", "coordinates": [[-42.8710531, -20.7491014], [-42.8710584, -20.7493522], [-42.8710731, -20.7496412], [-42.8710945, -20.7499739], [-42.8711134, -20.7503078], [-42.8711268, -20.7506126]]}}, {"type": "Feature", "properties": {"osm_id": 148773129, "highway": "residential", "name": "Rua Formiga"}, "geometry": {"type": "LineString", "coordinates": [[-42.8796923, -20.7447997], [-42.8795757, -20.7443149], [-42.879492, -20.7439746], [-42.879492, -20.7439068], [-42.8795054, -20.7438466], [-42.8795604, -20.7437926], [-42.8797589, -20.7436598]]}}, {"type": "Feature", "properties": {"osm_id": 148773131, "highway": "residential", "name": "Rua Violeta"}, "geometry": {"type": "LineString", "coordinates": [[-42.8739926, -20.7477528], [-42.874135, -20.7483539]]}}, {"type": "Feature", "properties": {"osm_id": 148773190, "highway": "residential", "name": "Rua Benjamin do Carmo"}, "geometry": {"type": "LineString", "coordinates": [[-42.8809046, -20.7481872], [-42.8815215, -20.7472152]]}}, {"type": "Feature", "properties": {"osm_id": 148773191, "highway": "residential", "name": "Alameda Vai e Volta"}, "geometry": {"type": "LineString", "coordinates": [[-42.8820178, -20.7431239], [-42.8821303, -20.7433108], [-42.8821712, -20.7433731], [-42.8822178, -20.7434253], [-42.8822994, -20.7434771]]}}, {"type": "Feature", "properties": {"osm_id": 148773192, "highway": "residential", "name": "Rua Juventino Alencar"}, "geometry": {"type": "LineString", "coordinates": [[-42.8807707, -20.7463197], [-42.8808579, -20.7464426], [-42.8810509, -20.7466827], [-42.8811393, -20.7467747], [-42.8815215, -20.7472152], [-42.8818448, -20.7475869]]}}, {"type": "Feature", "properties": {"osm_id": 148773194, "highway": "tertiary", "name": "Rua Cônego Modesto"}, "geometry": {"type": "LineString", "coordinates": [[-42.8807707, -20.7463197], [-42.8812038, -20.7456518], [-42.8812689, -20.7455728], [-42.8813395, -20.7455183], [-42.8814236, -20.7454707]]}}, {"type": "Feature", "properties": {"osm_id": 148773395, "highway": "residential", "name": "Rua Professor Frederico Vanetti"}, "geometry": {"type": "LineString", "coordinates": [[-42.8809342, -20.7579856], [-42.8814534, -20.7583826], [-42.8817314, -20.7589145]]}}, {"type": "Feature", "properties": {"osm_id": 148773396, "highway": "residential", "name": "Rua Elvira Vieira"}, "geometry": {"type": "LineString", "coordinates": [[-42.8798077, -20.7468436], [-42.8801604, -20.7475163], [-42.8802945, -20.7478073], [-42.8804125, -20.7481024], [-42.8804595, -20.7482316], [-42.8805607, -20.7484753]]}}, {"type": "Feature", "properties": {"osm_id": 148773397, "highway": "residential", "name": "Rua Antônio Torres"}, "geometry": {"type": "LineString", "coordinates": [[-42.8814534, -20.7583826], [-42.882349, -20.7571985]]}}, {"type": "Feature", "properties": {"osm_id": 148773398, "highway": "residential", "name": "Rua Didico Bonicontro"}, "geometry": {"type": "LineString", "coordinates": [[-42.8857809, -20.7632489], [-42.8844597, -20.7622689]]}}, {"type": "Feature", "properties": {"osm_id": 148773399, "highway": "residential", "name": "Rua Afonso Pena"}, "geometry": {"type": "LineString", "coordinates": [[-42.8826902, -20.7504922], [-42.8830514, -20.7504802], [-42.8831858, -20.7504788], [-42.8834226, -20.7504728], [-42.8837031, -20.7504662], [-42.8840537, -20.7504453], [-42.8844206, -20.7504011], [-42.8845868, -20.7503986], [-42.884788, -20.7504162], [-42.8851957, -20.7504789], [-42.8854076, -20.750504], [-42.8855658, -20.7505165]]}}, {"type": "Feature", "properties": {"osm_id": 148773400, "highway": "residential", "name": "Rua Presidente Médici"}, "geometry": {"type": "LineString", "coordinates": [[-42.8811398, -20.7603716], [-42.8815722, -20.7603573], [-42.8817926, -20.7603482], [-42.882097, -20.7603322], [-42.8826865, -20.7602862], [-42.8830493, -20.7602696]]}}, {"type": "Feature", "properties": {"osm_id": 148773401, "highway": "service", "name": ""}, "geometry": {"type": "LineString", "coordinates": [[-42.8831858, -20.7504788], [-42.8832116, -20.7505345], [-42.8832475, -20.750554], [-42.8832959, -20.750564], [-42.883513, -20.7506016], [-42.8836244, -20.7506369], [-42.8837198, -20.750699]]}}, {"type": "Feature", "properties": {"osm_id": 148773402, "highway": "residential", "name": "Rua Salvador D'Antonino"}, "geometry": {"type": "LineString", "coordinates": [[-42.8821708, -20.75836], [-42.8825047, -20.759655]]}}, {"type": "Feature", "properties": {"osm_id": 148773403, "highway": "residential", "name": "Rua Nagib Balut"}, "geometry": {"type": "LineString", "coordinates": [[-42.8833996, -20.7632618], [-42.8837219, -20.762942], [-42.8841118, -20.762605], [-42.8841298, -20.7625894], [-42.8844597, -20.7622689], [-42.8847782, -20.7619594], [-42.8850441, -20.7616244]]}}, {"type": "Feature", "properties": {"osm_id": 148773404, "highway": "residential", "name": "Rua João Alfredo"}, "geometry": {"type": "LineString", "coordinates": [[-42.8817314, -20.7589145], [-42.8821708, -20.75836], [-42.8825491, -20.7578421]]}}, {"type": "Feature", "properties": {"osm_id": 148773405, "highway": "residential", "name": "Rua Helio Stanciola"}, "geometry": {"type": "LineString", "coordinates": [[-42.8860607, -20.7628766], [-42.8847782, -20.7619594]]}}, {"type": "Feature", "properties": {"osm_id": 148773407, "highway": "residential", "name": "Rua Marcos VInícius"}, "geometry": {"type": "LineString", "coordinates": [[-42.8855126, -20.763648], [-42.8841118, -20.762605]]}}, {"type": "Feature", "properties": {"osm_id": 148773408, "highway": "residential", "name": "Rua Fuad Chequer"}, "geometry": {"type": "LineString", "coordinates": [[-42.8817926, -20.7603482], [-42.8821326, -20.7610156], [-42.8822955, -20.7613003], [-42.8827353, -20.7617668], [-42.8834013, -20.7624711]]}}, {"type": "Feature", "properties": {"osm_id": 148773409, "highway": "residential", "name": "Rua José Teotônio Pacheco"}, "geometry": {"type": "LineString", "coordinates": [[-42.8828202, -20.7596008], [-42.8830493, -20.7602696], [-42.8833469, -20.7608589], [-42.8832551, -20.7612549], [-42.8833679, -20.7613165], [-42.8835582, -20.7613744], [-42.8837485, -20.7613951], [-42.8838945, -20.7613909], [-42.8839742, -20.761362], [-42.8841186, -20.7613504], [-42.8842198, -20.7613948], [-42.8843196, -20.7614994], [-42.8844315, -20.7616302], [-42.8845191, -20.7617085], [-42.8845924, -20.7617878], [-42.8847782, -20.7619594]]}}, {"type": "Feature", "properties": {"osm_id": 148773538, "highway": "pedestrian", "name": "Travessa Sagrados Corações"}, "geometry": {"type": "LineString", "coordinates": [[-42.880615, -20.7555283], [-42.88023, -20.7544986]]}}, {"type": "Feature", "properties": {"osm_id": 148774538, "highway": "secondary", "name": "Avenida Peter Henry Rolfs"}, "geometry": {"type": "LineString", "coordinates": [[-42.8548156, -20.7750738], [-42.8548632, -20.7750403], [-42.8554454, -20.7740695], [-42.8556792, -20.7736598], [-42.8558158, -20.7733656], [-42.855985, -20.7730565], [-42.8567722, -20.7717398], [-42.856788, -20.771643]]}}, {"type": "Feature", "properties": {"osm_id": 148774549, "highway": "tertiary", "name": "Avenida Santa Rita"}, "geometry": {"type": "LineString", "coordinates": [[-42.8779357, -20.7564177], [-42.8783086, -20.7569752], [-42.878346, -20.7570306], [-42.8790083, -20.7580865], [-42.8794118, -20.7587204], [-42.8798302, -20.7593776], [-42.8798653, -20.7594246], [-42.8801021, -20.7598269], [-42.8801101, -20.7601681]]}}, {"type": "Feature", "properties": {"osm_id": 148775443, "highway": "unclassified", "name": ""}, "geometry": {"type": "LineString", "coordinates": [[-42.8698007, -20.7552581], [-42.8699132, -20.7553092], [-42.8700754, -20.7553309], [-42.8704133, -20.7554061], [-42.8707717, -20.755529], [-42.8711536, -20.755682], [-42.8714851, -20.755815], [-42.8717437, -20.7558676], [-42.8719154, -20.7558977], [-42.8719583, -20.7559931], [-42.8718363, -20.7560934], [-42.8715184, -20.7563291], [-42.871277, -20.7565198], [-42.8710624, -20.756595], [-42.8707298, -20.7565097], [-42.8703543, -20.7561686], [-42.8701398, -20.7557974], [-42.8699735, -20.7554914], [-42.8698007, -20.7552581]]}}, {"type": "Feature", "properties": {"osm_id": 148775444, "highway": "unclassified", "name": ""}, "geometry": {"type": "LineString", "coordinates": [[-42.8699132, -20.7553092], [-42.8701152, -20.7554626], [-42.8703084, -20.7556174], [-42.8704723, -20.7557322], [-42.8706319, -20.7558325]]}}, {"type": "Feature", "properties": {"osm_id": 148775447, "highway": "unclassified", "name": ""}, "geometry": {"type": "LineString", "coordinates": [[-42.8618141, -20.7582107], [-42.861305, -20.7577083], [-42.8611093, -20.7575241], [-42.8609953, -20.7573936]]}}, {"type": "Feature", "properties": {"osm_id": 148775448, "highway": "unclassified", "name": ""}, "geometry": {"type": "LineString", "coordinates": [[-42.8609953, -20.7573936], [-42.8608692, -20.7574244], [-42.8608015, -20.7574325], [-42.8607559, -20.7574288], [-42.860713, -20.7574137], [-42.8606869, -20.7573893], [-42.8606741, -20.7573516], [-42.8606801, -20.7573109], [-42.8607016, -20.7572789], [-42.8607251, -20.7572595], [-42.8607673, -20.757245], [-42.8608263, -20.7572419], [-42.8608679, -20.7572475], [-42.8609008, -20.7572651]]}}, {"type": "Feature", "properties": {"osm_id": 148775940, "highway": "unclassified", "name": ""}, "geometry": {"type": "LineString", "coordinates": [[-42.8632428, -20.7581983], [-42.8631808, -20.7583763]]}}, {"type": "Feature", "properties": {"osm_id": 148775942, "highway": "unclassified", "name": ""}, "geometry": {"type": "LineString", "coordinates": [[-42.8618668, -20.7580547], [-42.8618141, -20.7582107]]}}, {"type": "Feature", "properties": {"osm_id": 148776323, "highway": "trunk", "name": "Rua Jacob Lopes de Castro"}, "geometry": {"type": "LineString", "coordinates": [[-42.8800849, -20.7450544], [-42.8801454, -20.7452731]]}}, {"type": "Feature", "properties": {"osm_id": 148777296, "highway": "residential", "name": "Rua Guararapes"}, "geometry": {"type": "LineString", "coordinates": [[-42.8890693, -20.7496127], [-42.88896, -20.7495964], [-42.8888521, -20.7495675], [-42.8887133, -20.7495217], [-42.8885329, -20.7494559], [-42.8883156, -20.7493154], [-42.8882302, -20.749234], [-42.888089, -20.7491135], [-42.8879468, -20.7489856], [-42.8877108, -20.7487768], [-42.887635, -20.748721], [-42.8874754, -20.7486125], [-42.887283, -20.7485586], [-42.887097, -20.7485088]]}}, {"type": "Feature", "properties": {"osm_id": 148777298, "highway": "residential", "name": "Rua Aimorés"}, "geometry": {"type": "LineString", "coordinates": [[-42.8871821, -20.7504887], [-42.8873401, -20.7500132], [-42.8874116, -20.7497514], [-42.8874923, -20.7493917], [-42.8874399, -20.7491374], [-42.8874143, -20.7490704], [-42.8873646, -20.7489877], [-42.8873017, -20.7488966], [-42.8872387, -20.7487912], [-42.887097, -20.7485088], [-42.8868904, -20.7482292], [-42.8867536, -20.7481238], [-42.8866061, -20.7480536], [-42.8863134, -20.7479271], [-42.8861873, -20.7478682], [-42.8859392, -20.7477315], [-42.8858654, -20.7476976], [-42.8857796, -20.7476813], [-42.8856857, -20.7476788], [-42.8852995, -20.7477177], [-42.8849937, -20.7477578], [-42.8848864, -20.7477791], [-42.8847724, -20.747813], [-42.8846316, -20.7478594], [-42.8845257, -20.747887], [-42.8843768, -20.747902]]}}, {"type": "Feature", "properties": {"osm_id": 148777300, "highway": "residential", "name": "Rua Álvaro Gouveia"}, "geometry": {"type": "LineString", "coordinates": [[-42.8844849, -20.7534988], [-42.8847702, -20.7535069], [-42.8848164, -20.7535096], [-42.884898, -20.7535143], [-42.885101, -20.7533662], [-42.8854537, -20.7531141], [-42.8857608, -20.7528896], [-42.8861833, -20.7526075], [-42.8863509, -20.7524846], [-42.8864998, -20.7523529], [-42.8866325, -20.7521961], [-42.8867787, -20.7520243], [-42.8868417, -20.7519315], [-42.8869021, -20.7518011], [-42.8869624, -20.7516393], [-42.8870054, -20.7515101], [-42.8871126, -20.7510825], [-42.8871904, -20.7507652], [-42.8871998, -20.7506448], [-42.8871821, -20.7504887]]}}, {"type": "Feature", "properties": {"osm_id": 148777302, "highway": "residential", "name": "Rua Eurico Marangom"}, "geometry": {"type": "LineString", "coordinates": [[-42.8828267, -20.7456093], [-42.8827111, -20.7458979], [-42.882687, -20.7460033], [-42.8826749, -20.7460986], [-42.8826672, -20.74625], [-42.8826749, -20.7463432], [-42.8826891, -20.7464479], [-42.8827887, -20.7468737], [-42.8828318, -20.7470793]]}}, {"type": "Feature", "properties": {"osm_id": 148777639, "highway": "residential", "name": "Rua José da Cruz Reis"}, "geometry": {"type": "LineString", "coordinates": [[-42.8792853, -20.7566069], [-42.8791091, -20.7563191], [-42.878758, -20.7557121], [-42.8785845, -20.755588], [-42.8785609, -20.7555711]]}}, {"type": "Feature", "properties": {"osm_id": 148779141, "highway": "service", "name": ""}, "geometry": {"type": "LineString", "coordinates": [[-42.8660171, -20.7647165], [-42.8659534, -20.7647723], [-42.8659212, -20.7648068], [-42.8658776, -20.7648814], [-42.8658079, -20.7650563], [-42.8657844, -20.7651918], [-42.8657616, -20.7652658], [-42.8657167, -20.7653247], [-42.8656302, -20.7653987], [-42.8651455, -20.7657744], [-42.8648926, -20.766], [-42.8644507, -20.7663379], [-42.8643729, -20.7663868], [-42.8643259, -20.7663956], [-42.8642777, -20.7663906], [-42.8641985, -20.7663624]]}}, {"type": "Feature", "properties": {"osm_id": 148779144, "highway": "service", "name": ""}, "geometry": {"type": "LineString", "coordinates": [[-42.8744552, -20.7561081], [-42.8745671, -20.7559436]]}}, {"type": "Feature", "properties": {"osm_id": 148779147, "highway": "residential", "name": "Rua Santana"}, "geometry": {"type": "LineString", "coordinates": [[-42.8848672, -20.7528827], [-42.8850031, -20.7527993], [-42.8850903, -20.7527354], [-42.8852592, -20.7525774], [-42.8853585, -20.7524846], [-42.8854242, -20.7524256], [-42.8855073, -20.7523692], [-42.8856294, -20.752324], [-42.8857929, -20.752281], [-42.8860424, -20.7522137], [-42.8861511, -20.7521736], [-42.8862584, -20.7520958], [-42.8863589, -20.7519967], [-42.8865063, -20.7517994], [-42.8866111, -20.751623], [-42.8866822, -20.7514838], [-42.8867237, -20.7513659], [-42.8867559, -20.7511352], [-42.8867573, -20.751006], [-42.8867438, -20.7508768], [-42.8866929, -20.7505119], [-42.8866138, -20.7499325], [-42.8865883, -20.749792], [-42.8865574, -20.7496591], [-42.8865252, -20.7495512], [-42.8864327, -20.7492954], [-42.8863724, -20.7491637], [-42.8862543, -20.7489693], [-42.8861819, -20.7488778], [-42.886084, -20.7487812], [-42.8859499, -20.7486796], [-42.8858292, -20.7486056], [-42.8857112, -20.7485542], [-42.885295, -20.7484459], [-42.8851121, -20.748446], [-42.8850205, -20.7484557], [-42.8848103, -20.748504]]}}, {"type": "Feature", "properties": {"osm_id": 148779150, "highway": "unclassified", "name": ""}, "geometry": {"type": "LineString", "coordinates": [[-42.8610004, -20.7734622], [-42.8609237, -20.7736643], [-42.8607617, -20.7739978], [-42.8604505, -20.7747301], [-42.8603336, -20.7751339], [-42.8602156, -20.7755903], [-42.8600375, -20.7758536], [-42.8596523, -20.7760969], [-42.859427, -20.7763326], [-42.8593026, -20.7766411], [-42.8590139, -20.7775414]]}}, {"type": "Feature", "properties": {"osm_id": 148779153, "highway": "residential", "name": "Rua João Carlos da Cruz"}, "geometry": {"type": "LineString", "coordinates": [[-42.8848103, -20.748504], [-42.8850901, -20.7485211], [-42.8851799, -20.7485362], [-42.8852619, -20.7485743], [-42.8853209, -20.7486257], [-42.8853449, -20.7487018], [-42.8853518, -20.7487749], [-42.885337, -20.7488815]]}}, {"type": "Feature", "properties": {"osm_id": 148779155, "highway": "residential", "name": "Travessa Felício"}, "geometry": {"type": "LineString", "coordinates": [[-42.8786332, -20.756898], [-42.878358, -20.7564094], [-42.8782615, -20.7563041], [-42.8780799, -20.7562224]]}}, {"type": "Feature", "properties": {"osm_id": 148779156, "highway": "service", "name": ""}, "geometry": {"type": "LineString", "coordinates": [[-42.8743468, -20.7585368], [-42.8741845, -20.7587118], [-42.8740665, -20.7588824], [-42.8737668, -20.7590973], [-42.8732784, -20.7594476]]}}, {"type": "Feature", "properties": {"osm_id": 148779158, "highway": "service", "name": ""}, "geometry": {"type": "LineString", "coordinates": [[-42.8656174, -20.7640525], [-42.865549, -20.7641133], [-42.8660171, -20.7647165]]}}, {"type": "Feature", "properties": {"osm_id": 148779161, "highway": "residential", "name": "Praça Doutor Cristóvão Lopes Carvalho"}, "geometry": {"type": "LineString", "coordinates": [[-42.8778558, -20.7565259], [-42.8776042, -20.7563741], [-42.8775968, -20.7563584], [-42.8775995, -20.75634], [-42.877931, -20.755881], [-42.8779522, -20.7558743], [-42.8779751, -20.7558795], [-42.8782214, -20.756037]]}}, {"type": "Feature", "properties": {"osm_id": 148819669, "highway": "footway", "name": ""}, "geometry": {"type": "LineString", "coordinates": [[-42.8747661, -20.7565217], [-42.8745274, -20.7567203], [-42.8736329, -20.7573887], [-42.8735595, -20.7573312], [-42.8734751, -20.7572651], [-42.8728328, -20.7577739], [-42.8718672, -20.7585313], [-42.8714767, -20.7588356], [-42.8711591, -20.7590831], [-42.8704474, -20.7596377], [-42.8701855, -20.7598362], [-42.8699219, -20.7600376], [-42.8697125, -20.7601975], [-42.8690529, -20.7607015], [-42.8690456, -20.760708], [-42.8690061, -20.7607385], [-42.868963, -20.760773], [-42.8683895, -20.7612334], [-42.868347, -20.7612642], [-42.8676804, -20.7618028], [-42.8670273, -20.7623372], [-42.8669772, -20.7623781]]}}, {"type": "Feature", "properties": {"osm_id": 148822737, "highway": "secondary", "name": "Rua Padre Serafim"}, "geometry": {"type": "LineString", "coordinates": [[-42.8785609, -20.7555711], [-42.8785447, -20.755593], [-42.8782214, -20.756037], [-42.8780799, -20.7562224], [-42.8779596, -20.7563853], [-42.8779357, -20.7564177], [-42.8778558, -20.7565259]]}}, {"type": "Feature", "properties": {"osm_id": 148825351, "highway": "tertiary", "name": ""}, "geometry": {"type": "LineString", "coordinates": [[-42.8841932, -20.7540226], [-42.8843002, -20.7540593], [-42.8843545, -20.754078]]}}, {"type": "Feature", "properties": {"osm_id": 148825352, "highway": "tertiary", "name": "Rua Doutor Brito"}, "geometry": {"type": "LineString", "coordinates": [[-42.8824965, -20.7500496], [-42.8825985, -20.750016], [-42.8832918, -20.749987], [-42.8837028, -20.7499878], [-42.8844954, -20.7499933], [-42.8851108, -20.7499788], [-42.8852713, -20.7500112], [-42.8853248, -20.7500463], [-42.8853606, -20.7500947], [-42.8855658, -20.7505165], [-42.8856242, -20.7506378], [-42.8856435, -20.7507312], [-42.8856374, -20.7508467], [-42.8855918, -20.7511301], [-42.8855704, -20.7512192], [-42.8854148, -20.7516243], [-42.8853437, -20.7517773]]}}, {"type": "Feature", "properties": {"osm_id": 148827853, "highway": "tertiary", "name": "Rua Presidente Tancredo Neves"}, "geometry": {"type": "LineString", "coordinates": [[-42.880615, -20.7527929], [-42.8806618, -20.7528688], [-42.8809829, -20.7533892]]}}, {"type": "Feature", "properties": {"osm_id": 148829415, "highway": "residential", "name": ""}, "geometry": {"type": "LineString", "coordinates": [[-42.8778766, -20.7813678], [-42.8778897, -20.7813849], [-42.8780406, -20.7815829], [-42.8780607, -20.7816677], [-42.8780538, -20.7817736], [-42.8780348, -20.7818373], [-42.8779978, -20.7819618], [-42.8779994, -20.7820268], [-42.8780331, -20.7821045], [-42.8780744, -20.7821817], [-42.878159, -20.7823043], [-42.8782488, -20.7824362], [-42.8783797, -20.782558], [-42.8786976, -20.782721], [-42.8789338, -20.7827986], [-42.879045, -20.7828131], [-42.8791846, -20.7828282], [-42.8793385, -20.7828205], [-42.8793728, -20.7828188], [-42.8794858, -20.7827616], [-42.8796052, -20.7826763], [-42.8796874, -20.7825562], [-42.8797225, -20.7823865], [-42.8797026, -20.7822132], [-42.8796612, -20.7820501], [-42.8795994, -20.7818521], [-42.8794935, -20.7816398], [-42.879106, -20.7810019], [-42.8790459, -20.7808792], [-42.8790424, -20.7808685], [-42.8790268, -20.7808061], [-42.8790213, -20.780768]]}}, {"type": "Feature", "properties": {"osm_id": 148830398, "highway": "residential", "name": "Rua Francisco Machado"}, "geometry": {"type": "LineString", "coordinates": [[-42.8809385, -20.7598157], [-42.8808892, -20.7593348], [-42.8806615, -20.7590252], [-42.8806263, -20.758585], [-42.8805947, -20.7584541], [-42.8802195, -20.7578733]]}}, {"type": "Feature", "properties": {"osm_id": 148830400, "highway": "residential", "name": "Rua Cristóvão Longuinho Santana"}, "geometry": {"type": "LineString", "coordinates": [[-42.8858944, -20.7649111], [-42.8866275, -20.7656452], [-42.8869337, -20.7659479], [-42.8878787, -20.7668108], [-42.8879033, -20.7668304], [-42.8880129, -20.7669182], [-42.8880535, -20.7669524], [-42.8881186, -20.7670512], [-42.8882069, -20.7671586], [-42.8884804, -20.7674523]]}}, {"type": "Feature", "properties": {"osm_id": 148830835, "highway": "residential", "name": "Rua Cimba T. Jaceba"}, "geometry": {"type": "LineString", "coordinates": [[-42.8789195, -20.7487974], [-42.8794148, -20.7492863], [-42.8804446, -20.7504409], [-42.8808496, -20.7507394], [-42.8810003, -20.7509152]]}}, {"type": "Feature", "properties": {"osm_id": 148830836, "highway": "residential", "name": "Rua Nasser Simão Muanis"}, "geometry": {"type": "LineString", "coordinates": [[-42.8711268, -20.7506126], [-42.8714995, -20.7505278], [-42.8719383, -20.7504144], [-42.8732217, -20.7500169], [-42.8734175, -20.7499517], [-42.8735775, -20.7498876], [-42.8743818, -20.7494989]]}}, {"type": "Feature", "properties": {"osm_id": 148830837, "highway": "residential", "name": "Rua Mariquinha Freitas Castro Araújo"}, "geometry": {"type": "LineString", "coordinates": [[-42.8783189, -20.7519716], [-42.8783605, -20.7520049], [-42.8784787, -20.7520522], [-42.878725, -20.7520872], [-42.8789502, -20.7520851], [-42.8791307, -20.7520715], [-42.8793634, -20.7519995], [-42.8798857, -20.7518023]]}}, {"type": "Feature", "properties": {"osm_id": 148831443, "highway": "unclassified", "name": ""}, "geometry": {"type": "LineString", "coordinates": [[-42.8439885, -20.7672835], [-42.8444767, -20.7677199], [-42.8446698, -20.7682616], [-42.8447771, -20.7691604], [-42.8446269, -20.7700873], [-42.8445625, -20.7711908], [-42.8446912, -20.7717686], [-42.8453779, -20.7737548]]}}, {"type": "Feature", "properties": {"osm_id": 148832305, "highway": "residential", "name": ""}, "geometry": {"type": "LineString", "coordinates": [[-42.875785, -20.7812066], [-42.8751281, -20.78126], [-42.8731331, -20.7814058]]}}, {"type": "Feature", "properties": {"osm_id": 148832310, "highway": "residential", "name": ""}, "geometry": {"type": "LineString", "coordinates": [[-42.875728, -20.7827536], [-42.8755517, -20.7828411], [-42.8752586, -20.7829289], [-42.8750261, -20.782988], [-42.874914, -20.7830283], [-42.8747717, -20.7830737]]}}, {"type": "Feature", "properties": {"osm_id": 148832314, "highway": "residential", "name": ""}, "geometry": {"type": "LineString", "coordinates": [[-42.8751281, -20.78126], [-42.8751331, -20.7814298], [-42.8751673, -20.7816009], [-42.8752203, -20.7818287], [-42.8752289, -20.7820207], [-42.8752245, -20.7821346], [-42.875168, -20.7822443], [-42.8750743, -20.7823199]]}}, {"type": "Feature", "properties": {"osm_id": 148832577, "highway": "service", "name": ""}, "geometry": {"type": "LineString", "coordinates": [[-42.8721957, -20.7701196], [-42.8721875, -20.7701412], [-42.8721393, -20.7702692], [-42.8720976, -20.7703418], [-42.8720514, -20.7703989], [-42.8720111, -20.7704641], [-42.8720031, -20.7705192], [-42.8720071, -20.7705757], [-42.8720158, -20.7706239]]}}, {"type": "Feature", "properties": {"osm_id": 148832579, "highway": "service", "name": ""}, "geometry": {"type": "LineString", "coordinates": [[-42.8721393, -20.7702692], [-42.8727302, -20.770938], [-42.8728554, -20.7710897]]}}, {"type": "Feature", "properties": {"osm_id": 148832581, "highway": "service", "name": ""}, "geometry": {"type": "LineString", "coordinates": [[-42.87251, -20.7704774], [-42.8725241, -20.7704686], [-42.872547, -20.7704524], [-42.873176, -20.7700078], [-42.8730733, -20.769896]]}}, {"type": "Feature", "properties": {"osm_id": 148834582, "highway": "trunk", "name": "Avenida Joaquim Lopes de Faria"}, "geometry": {"type": "LineString", "coordinates": [[-42.8690185, -20.7482278], [-42.8697574, -20.7484137], [-42.8701048, -20.7485003], [-42.8704634, -20.748576], [-42.8709953, -20.7486633], [-42.8711693, -20.7486956], [-42.8713547, -20.7487097], [-42.8714485, -20.7487059], [-42.8715599, -20.7486846], [-42.8716806, -20.7486508], [-42.8718536, -20.7485956], [-42.8724597, -20.7483861], [-42.8727736, -20.7482494], [-42.8735836, -20.7478707], [-42.8737217, -20.7478092], [-42.8738739, -20.7477583], [-42.8739926, -20.7477528], [-42.874171, -20.7477566], [-42.8746578, -20.7477691], [-42.8751393, -20.7478005], [-42.8754129, -20.7478519], [-42.8757052, -20.7479008], [-42.8758957, -20.7479171], [-42.8760365, -20.7479096], [-42.876252, -20.7478808], [-42.8765139, -20.7478318], [-42.8766292, -20.7478042], [-42.876741, -20.7477652], [-42.8769277, -20.7476864], [-42.877509, -20.7473791], [-42.8775921, -20.7473352], [-42.8776565, -20.7473026], [-42.8781759, -20.7470381], [-42.8790407, -20.7466076], [-42.8791706, -20.74653], [-42.8792903, -20.7464509], [-42.8793798, -20.7463632], [-42.8794751, -20.7462491], [-42.8795475, -20.7461425], [-42.8796025, -20.7460497], [-42.8798435, -20.7456755], [-42.8799249, -20.7455054], [-42.8799572, -20.7454489]]}}, {"type": "Feature", "properties": {"osm_id": 148834585, "highway": "tertiary", "name": "Rua José Medina Floresta"}, "geometry": {"type": "LineString", "coordinates": [[-42.8690185, -20.7482278], [-42.8688152, -20.7480905], [-42.8681837, -20.747664]]}}, {"type": "Feature", "properties": {"osm_id": 148834890, "highway": "residential", "name": "Rua Vila Gianetti"}, "geometry": {"type": "LineString", "coordinates": [[-42.8736045, -20.7546133], [-42.8738334, -20.7545457], [-42.8754536, -20.7540413]]}}, {"type": "Feature", "properties": {"osm_id": 148834892, "highway": "tertiary", "name": "Rua Vila Gianetti"}, "geometry": {"type": "LineString", "coordinates": [[-42.8731946, -20.7545796], [-42.8730869, -20.754558], [-42.8717195, -20.7541576], [-42.8714972, -20.7540803], [-42.8710409, -20.7539216], [-42.870945, -20.7538889], [-42.8708722, -20.7538271], [-42.87081, -20.7537428]]}}, {"type": "Feature", "properties": {"osm_id": 148836178, "highway": "secondary", "name": "Avenida Peter Henry Rolfs"}, "geometry": {"type": "LineString", "coordinates": [[-42.8611427, -20.7668717], [-42.8611757, -20.7668579], [-42.8613539, -20.7668005], [-42.8616111, -20.7667054], [-42.8618133, -20.7666295], [-42.8619772, -20.7665585], [-42.8621716, -20.7664495], [-42.862358, -20.7663163], [-42.8626327, -20.766107], [-42.8627346, -20.7660209], [-42.863011, -20.7658099], [-42.8634308, -20.7654395], [-42.8637212, -20.7652037], [-42.8642485, -20.7647921], [-42.8653217, -20.7639422], [-42.8653619, -20.7639104]]}}, {"type": "Feature", "properties": {"osm_id": 148838774, "highway": "service", "name": ""}, "geometry": {"type": "LineString", "coordinates": [[-42.8693112, -20.7583283], [-42.870385, -20.7575132], [-42.8704611, -20.7575049], [-42.8708061, -20.7579021]]}}, {"type": "Feature", "properties": {"osm_id": 148843654, "highway": "residential", "name": "Avenida dos Inconfidentes"}, "geometry": {"type": "LineString", "coordinates": [[-42.8649156, -20.7330248], [-42.865136, -20.7329746], [-42.8654525, -20.7329019], [-42.8655866, -20.7328643], [-42.8662357, -20.7326209], [-42.8666192, -20.7324453], [-42.8668204, -20.7323199], [-42.8669384, -20.7322171], [-42.8670377, -20.7320941], [-42.8673753, -20.7314408]]}}, {"type": "Feature", "properties": {"osm_id": 148843655, "highway": "residential", "name": "Rua Padre Rolim"}, "geometry": {"type": "LineString", "coordinates": [[-42.8685135, -20.7305404], [-42.8686581, -20.7316427]]}}, {"type": "Feature", "properties": {"osm_id": 148843656, "highway": "residential", "name": "Rua Álvares Maciel"}, "geometry": {"type": "LineString", "coordinates": [[-42.8696334, -20.7297133], [-42.8690921, -20.7272062]]}}, {"type": "Feature", "properties": {"osm_id": 148843657, "highway": "residential", "name": "Avenida dos Inconfidentes"}, "geometry": {"type": "LineString", "coordinates": [[-42.8673753, -20.7314408], [-42.8674155, -20.7313616], [-42.8678262, -20.7304084], [-42.8678906, -20.7302453], [-42.8679282, -20.7300923], [-42.867955, -20.7298992], [-42.8679394, -20.7295047], [-42.8679155, -20.7292742], [-42.8678155, -20.7279575], [-42.867727, -20.7272325], [-42.8677364, -20.7271786], [-42.8677605, -20.7271397], [-42.8678034, -20.7271134], [-42.8678698, -20.727105]]}}, {"type": "Feature", "properties": {"osm_id": 148843658, "highway": "residential", "name": "Rua Cláudio Manoel"}, "geometry": {"type": "LineString", "coordinates": [[-42.8703568, -20.7311529], [-42.8702578, -20.7308693], [-42.8701906, -20.7306491], [-42.8700981, -20.7303582], [-42.8700687, -20.7301813], [-42.8700632, -20.7300028], [-42.8700771, -20.7297293], [-42.8702404, -20.72928], [-42.8703223, -20.7290637], [-42.8702676, -20.7288224], [-42.8697333, -20.7272187]]}}, {"type": "Feature", "properties": {"osm_id": 148843659, "highway": "residential", "name": "Rua Tomás Antônio Gonzaga"}, "geometry": {"type": "LineString", "coordinates": [[-42.868878, -20.7302777], [-42.8684031, -20.7271677]]}}, {"type": "Feature", "properties": {"osm_id": 148874317, "highway": "residential", "name": "Rua Mariquinha Maciel"}, "geometry": {"type": "LineString", "coordinates": [[-42.8710584, -20.7493522], [-42.8716114, -20.7492513], [-42.8724812, -20.7490265], [-42.8729963, -20.7488693], [-42.8736307, -20.7485696], [-42.8738614, -20.7484529], [-42.874135, -20.7483539], [-42.8744003, -20.7483924], [-42.8745224, -20.7483999], [-42.8746245, -20.748394], [-42.8748974, -20.7483633], [-42.8749334, -20.748368], [-42.8749555, -20.7483849], [-42.8749617, -20.7484251]]}}, {"type": "Feature", "properties": {"osm_id": 148874318, "highway": "residential", "name": "Rua João Batista da Costa"}, "geometry": {"type": "LineString", "coordinates": [[-42.8660802, -20.7457779], [-42.8662341, -20.7460274]]}}, {"type": "Feature", "properties": {"osm_id": 148874319, "highway": "residential", "name": "Rua Duque de Caxias"}, "geometry": {"type": "LineString", "coordinates": [[-42.8678964, -20.7450744], [-42.8680734, -20.7452249], [-42.8683899, -20.7454758], [-42.8686394, -20.745671], [-42.8688031, -20.7457437], [-42.8691437, -20.7457826], [-42.8694556, -20.7457424], [-42.8695924, -20.7456923], [-42.8697105, -20.7456395], [-42.8699238, -20.7455354], [-42.8700511, -20.7454715], [-42.8701986, -20.7453963], [-42.8703207, -20.7453787], [-42.8704995, -20.7453662]]}}, {"type": "Feature", "properties": {"osm_id": 148874320, "highway": "residential", "name": "Rua João Paulino Gouveia"}, "geometry": {"type": "LineString", "coordinates": [[-42.8792687, -20.7402583], [-42.879752, -20.7401958], [-42.8797802, -20.7402046], [-42.8797983, -20.7402272], [-42.8797983, -20.740268], [-42.8797124, -20.7407583], [-42.8797051, -20.740791], [-42.8796863, -20.7408135], [-42.8796581, -20.7408242], [-42.8793175, -20.7408455]]}}, {"type": "Feature", "properties": {"osm_id": 148874321, "highway": "residential", "name": "Rua José Vidigal"}, "geometry": {"type": "LineString", "coordinates": [[-42.8704332, -20.7470555], [-42.8704265, -20.7471869], [-42.8704193, -20.7472843], [-42.8704063, -20.7473838]]}}, {"type": "Feature", "properties": {"osm_id": 148874322, "highway": "residential", "name": "Rua Dona Boneca"}, "geometry": {"type": "LineString", "coordinates": [[-42.866624, -20.7458574], [-42.8671585, -20.7462556], [-42.8671946, -20.7462812], [-42.8680184, -20.7468704]]}}, {"type": "Feature", "properties": {"osm_id": 148874323, "highway": "residential", "name": "Rua Juscelino Kubitschek"}, "geometry": {"type": "LineString", "coordinates": [[-42.8715806, -20.7455326], [-42.8716087, -20.7455021], [-42.8716155, -20.7454557], [-42.8715792, -20.7451167], [-42.8715518, -20.7449147], [-42.8715335, -20.7448469], [-42.8714852, -20.7447855], [-42.8713738, -20.744706], [-42.8711172, -20.7445254], [-42.8708722, -20.7443297], [-42.8707032, -20.7442219], [-42.8705056, -20.7441799], [-42.8703539, -20.7441659], [-42.8701414, -20.74418], [-42.8698674, -20.7442215], [-42.8694322, -20.7442872], [-42.869201, -20.7442523], [-42.8690349, -20.7441592], [-42.8687345, -20.7440237], [-42.8676345, -20.7435075]]}}, {"type": "Feature", "properties": {"osm_id": 148874324, "highway": "residential", "name": ""}, "geometry": {"type": "LineString", "coordinates": [[-42.8825985, -20.750016], [-42.8825037, -20.7499217], [-42.8824416, -20.7498553], [-42.8821647, -20.7495269], [-42.8820178, -20.7493915]]}}, {"type": "Feature", "properties": {"osm_id": 148874326, "highway": "residential", "name": "Travessa Josino Lopes Ladeira"}, "geometry": {"type": "LineString", "coordinates": [[-42.8664521, -20.7451573], [-42.8660802, -20.7457779], [-42.8660118, -20.7458831]]}}, {"type": "Feature", "properties": {"osm_id": 148874327, "highway": "residential", "name": "Benevenuto Saraiva"}, "geometry": {"type": "LineString", "coordinates": [[-42.8810434, -20.7446803], [-42.8810529, -20.7445699], [-42.8810556, -20.7444369], [-42.8810583, -20.7442788], [-42.8810636, -20.7440054], [-42.881069, -20.7435966], [-42.8810728, -20.7431261]]}}, {"type": "Feature", "properties": {"osm_id": 148874328, "highway": "living_street", "name": ""}, "geometry": {"type": "LineString", "coordinates": [[-42.8821647, -20.7495269], [-42.8820503, -20.7496526]]}}, {"type": "Feature", "properties": {"osm_id": 148874329, "highway": "residential", "name": "Rua Laura de Freitas Ribeiro"}, "geometry": {"type": "LineString", "coordinates": [[-42.8696906, -20.748902], [-42.8698931, -20.748863], [-42.870219, -20.7488342], [-42.8704577, -20.7488116]]}}, {"type": "Feature", "properties": {"osm_id": 148874330, "highway": "residential", "name": "Rua José Simeão da Cunha"}, "geometry": {"type": "LineString", "coordinates": [[-42.8727736, -20.7482494], [-42.8729963, -20.7488693]]}}, {"type": "Feature", "properties": {"osm_id": 148874331, "highway": "residential", "name": "Rua São Judas"}, "geometry": {"type": "LineString", "coordinates": [[-42.8676657, -20.7451974], [-42.8673868, -20.7449566], [-42.8672285, -20.7448362], [-42.8671078, -20.7447734]]}}, {"type": "Feature", "properties": {"osm_id": 148874332, "highway": "residential", "name": "Rua R"}, "geometry": {"type": "LineString", "coordinates": [[-42.867199, -20.744095], [-42.8673814, -20.7442266], [-42.867604, -20.7443671], [-42.8679339, -20.7446054], [-42.8680573, -20.7447082], [-42.8682058, -20.7448464], [-42.8682571, -20.7449302], [-42.8682839, -20.7450168], [-42.8682947, -20.745087], [-42.868292, -20.7452011]]}}, {"type": "Feature", "properties": {"osm_id": 148874334, "highway": "residential", "name": "Rua Israel Pinheiro"}, "geometry": {"type": "LineString", "coordinates": [[-42.8715806, -20.7455326], [-42.8715384, -20.7455436], [-42.8710133, -20.7456588], [-42.8706768, -20.745773]]}}, {"type": "Feature", "properties": {"osm_id": 148874336, "highway": "residential", "name": "Travessa Professora Maria Lucas"}, "geometry": {"type": "LineString", "coordinates": [[-42.8655852, -20.745266], [-42.8654762, -20.7453216], [-42.8652496, -20.7454308], [-42.8649848, -20.7455889], [-42.8646374, -20.7457583]]}}, {"type": "Feature", "properties": {"osm_id": 148874337, "highway": "residential", "name": "Rua José Manoel Cabral"}, "geometry": {"type": "LineString", "coordinates": [[-42.8658002, -20.7445226], [-42.8657587, -20.7445841], [-42.865761, -20.7446433], [-42.8658001, -20.744706], [-42.8661113, -20.7449218], [-42.8664521, -20.7451573], [-42.8667243, -20.7453378], [-42.8670809, -20.7456268], [-42.8673907, -20.7458822], [-42.8678991, -20.7462333], [-42.8681918, -20.7464537]]}}, {"type": "Feature", "properties": {"osm_id": 148874338, "highway": "residential", "name": "Rua Padre Álvaro Correia Borges"}, "geometry": {"type": "LineString", "coordinates": [[-42.880618, -20.7415087], [-42.8803283, -20.7415789], [-42.8796349, -20.7417244], [-42.8793587, -20.7417872]]}}, {"type": "Feature", "properties": {"osm_id": 148874340, "highway": "residential", "name": "Travessa Professora Maria Lucas"}, "geometry": {"type": "LineString", "coordinates": [[-42.8646374, -20.7457583], [-42.8645889, -20.7460492], [-42.8644376, -20.7460504]]}}, {"type": "Feature", "properties": {"osm_id": 148874341, "highway": "residential", "name": "Rua Joseli Aguiar Neves"}, "geometry": {"type": "LineString", "coordinates": [[-42.8825037, -20.7499217], [-42.8831668, -20.7492468]]}}, {"type": "Feature", "properties": {"osm_id": 148874343, "highway": "residential", "name": "Rua Hélio de Souza Lima"}, "geometry": {"type": "LineString", "coordinates": [[-42.8692485, -20.7476192], [-42.8697454, -20.7477209], [-42.8701099, -20.747805], [-42.8703131, -20.7478635], [-42.8707028, -20.7479539], [-42.8709087, -20.7480079], [-42.8711271, -20.7480556]]}}, {"type": "Feature", "properties": {"osm_id": 148874344, "highway": "residential", "name": "Travessa Um"}, "geometry": {"type": "LineString", "coordinates": [[-42.8736307, -20.7485696], [-42.8739217, -20.7490988]]}}, {"type": "Feature", "properties": {"osm_id": 148874345, "highway": "residential", "name": "Rua Pio Poleto"}, "geometry": {"type": "LineString", "coordinates": [[-42.8644349, -20.7455663], [-42.8643944, -20.7456742], [-42.8643408, -20.7458949], [-42.8642468, -20.7462059], [-42.8641584, -20.7464468], [-42.8640779, -20.7467126], [-42.8639813, -20.7469685], [-42.8638687, -20.7472093], [-42.8637134, -20.7473798], [-42.8633754, -20.7476006]]}}, {"type": "Feature", "properties": {"osm_id": 148874348, "highway": "residential", "name": "Rua Marcos R. de Arruda"}, "geometry": {"type": "LineString", "coordinates": [[-42.8696337, -20.7492008], [-42.869775, -20.7491866], [-42.8701077, -20.7491616]]}}, {"type": "Feature", "properties": {"osm_id": 148874349, "highway": "residential", "name": "Rua A"}, "geometry": {"type": "LineString", "coordinates": [[-42.8656536, -20.7485076], [-42.8656934, -20.7485843], [-42.8657429, -20.7486946], [-42.8657971, -20.7488089], [-42.8658703, -20.7489527], [-42.8658945, -20.7490023], [-42.8673016, -20.7518192]]}}, {"type": "Feature", "properties": {"osm_id": 148874350, "highway": "residential", "name": "Rua Angelina Bernardes"}, "geometry": {"type": "LineString", "coordinates": [[-42.8710945, -20.7499739], [-42.8715277, -20.7498886], [-42.8717047, -20.7498535], [-42.8718616, -20.7498096], [-42.8724906, -20.7495926], [-42.8727065, -20.7495312], [-42.8728835, -20.749491], [-42.8733033, -20.749402], [-42.873432, -20.7493631], [-42.8738022, -20.7492076], [-42.8738612, -20.7491762], [-42.8738974, -20.7491449], [-42.8739217, -20.7490988], [-42.8741967, -20.7489759], [-42.8743027, -20.7489572], [-42.8747213, -20.7489556]]}}, {"type": "Feature", "properties": {"osm_id": 148874351, "highway": "residential", "name": "Rua Dona Militina"}, "geometry": {"type": "LineString", "coordinates": [[-42.8713687, -20.7459999], [-42.8708651, -20.7461269], [-42.8704857, -20.7461896]]}}, {"type": "Feature", "properties": {"osm_id": 148874352, "highway": "residential", "name": "Rua São Miguel"}, "geometry": {"type": "LineString", "coordinates": [[-42.8654416, -20.7458075], [-42.8654153, -20.7459749], [-42.8653564, -20.7463562], [-42.8653174, -20.7467349], [-42.8652987, -20.7469882], [-42.8652826, -20.7472554]]}}, {"type": "Feature", "properties": {"osm_id": 148874353, "highway": "residential", "name": "Rua Arapongas"}, "geometry": {"type": "LineString", "coordinates": [[-42.8652496, -20.7454308], [-42.8653546, -20.745599], [-42.8654416, -20.7458075], [-42.8656179, -20.7460765], [-42.8658337, -20.7464314], [-42.8660252, -20.7467377], [-42.866111, -20.7469133], [-42.8661723, -20.747173]]}}, {"type": "Feature", "properties": {"osm_id": 148874354, "highway": "residential", "name": "Rua Chiquito Frontino"}, "geometry": {"type": "LineString", "coordinates": [[-42.8714377, -20.7473222], [-42.8714553, -20.7473057], [-42.8714606, -20.7472806], [-42.8714553, -20.7472461], [-42.8712532, -20.7468926], [-42.871052, -20.7465041], [-42.8708651, -20.7461269], [-42.8706768, -20.745773], [-42.8704995, -20.7453662], [-42.8702704, -20.7449511]]}}, {"type": "Feature", "properties": {"osm_id": 148874355, "highway": "residential", "name": "Rua Jorge Ramos"}, "geometry": {"type": "LineString", "coordinates": [[-42.8680408, -20.7474923], [-42.8684816, -20.7471614], [-42.8685996, -20.7471034], [-42.8687027, -20.7470744], [-42.8691705, -20.7470637], [-42.8695848, -20.7469739], [-42.8697142, -20.7469723], [-42.8703537, -20.7470519], [-42.8704332, -20.7470555], [-42.8705391, -20.7470536], [-42.870878, -20.7469758], [-42.8712532, -20.7468926], [-42.8714795, -20.7468503]]}}, {"type": "Feature", "properties": {"osm_id": 148874356, "highway": "residential", "name": "Rua Raimundo da Paixão"}, "geometry": {"type": "LineString", "coordinates": [[-42.8825394, -20.7458934], [-42.8825019, -20.7459105], [-42.8824617, -20.7459085], [-42.8821518, -20.745867], [-42.8819708, -20.7458658], [-42.8818715, -20.7458859]]}}, {"type": "Feature", "properties": {"osm_id": 148874359, "highway": "residential", "name": "Rua do Caju"}, "geometry": {"type": "LineString", "coordinates": [[-42.8695551, -20.7496507], [-42.8696598, -20.7496218], [-42.8698019, -20.7496068], [-42.8699548, -20.7495942], [-42.8702176, -20.7495817]]}}, {"type": "Feature", "properties": {"osm_id": 148874360, "highway": "residential", "name": "Rua Cajuri"}, "geometry": {"type": "LineString", "coordinates": [[-42.8678076, -20.748298], [-42.8676035, -20.7481089], [-42.8672335, -20.7477523], [-42.866981, -20.7474323], [-42.8667132, -20.747154], [-42.8664887, -20.7471599], [-42.8661723, -20.747173]]}}, {"type": "Feature", "properties": {"osm_id": 148876019, "highway": "residential", "name": "Rua José Sabino Alves"}, "geometry": {"type": "LineString", "coordinates": [[-42.8902592, -20.7498416], [-42.8904583, -20.7502807], [-42.8906719, -20.7507445]]}}, {"type": "Feature", "properties": {"osm_id": 148876021, "highway": "residential", "name": "Rua José Mayrink"}, "geometry": {"type": "LineString", "coordinates": [[-42.8890747, -20.7515415], [-42.8892222, -20.7519252], [-42.889367, -20.752309], [-42.8894596, -20.752551], [-42.8894971, -20.7526815], [-42.8895186, -20.7527918], [-42.8895427, -20.7529975], [-42.8895749, -20.7531618], [-42.8896393, -20.7533599]]}}, {"type": "Feature", "properties": {"osm_id": 148876026, "highway": "residential", "name": "Rua Joaquim Andrade"}, "geometry": {"type": "LineString", "coordinates": [[-42.8914114, -20.7579343], [-42.8920295, -20.7579868], [-42.8923967, -20.7580246], [-42.8928902, -20.7580647], [-42.8935339, -20.7580672], [-42.8939708, -20.7580873], [-42.8942927, -20.7581099], [-42.8945476, -20.7581324]]}}, {"type": "Feature", "properties": {"osm_id": 148876028, "highway": "tertiary", "name": "Rua José Guimarães de Souza"}, "geometry": {"type": "LineString", "coordinates": [[-42.8914541, -20.7530389], [-42.8915289, -20.7530329], [-42.8915993, -20.7530421], [-42.8917046, -20.7530677], [-42.891832, -20.7531053], [-42.8919178, -20.7531367], [-42.8919936, -20.7531718], [-42.8920653, -20.7532452], [-42.892119, -20.7533104], [-42.8921652, -20.7534089], [-42.8921985, -20.7535401], [-42.8922638, -20.7537938], [-42.8923041, -20.7539468], [-42.8923564, -20.7540918], [-42.8924707, -20.7542538], [-42.8926854, -20.754454], [-42.8927949, -20.7545267], [-42.8929435, -20.7546061]]}}, {"type": "Feature", "properties": {"osm_id": 148876029, "highway": "residential", "name": ""}, "geometry": {"type": "LineString", "coordinates": [[-42.8945476, -20.7581324], [-42.8944837, -20.7580095], [-42.8943222, -20.7578239], [-42.8941592, -20.7577186], [-42.893716, -20.7575004], [-42.893341, -20.7573047], [-42.8932177, -20.7572571], [-42.8930836, -20.7572495], [-42.8927788, -20.7572827], [-42.8926259, -20.7572877], [-42.8924972, -20.7572626], [-42.8923658, -20.7571899], [-42.8922558, -20.7570845], [-42.8921995, -20.7569842], [-42.8921553, -20.7568508]]}}, {"type": "Feature", "properties": {"osm_id": 148876034, "highway": "residential", "name": "Avenida das Arábias"}, "geometry": {"type": "LineString", "coordinates": [[-42.8896728, -20.751401], [-42.8897399, -20.7516631], [-42.8898163, -20.7518901], [-42.8899075, -20.7521284], [-42.8900014, -20.7523667], [-42.8900812, -20.7525655], [-42.8901328, -20.7526815], [-42.8901865, -20.7527692], [-42.8902991, -20.752857], [-42.8904191, -20.7529279], [-42.8906612, -20.7530589]]}}, {"type": "Feature", "properties": {"osm_id": 148876036, "highway": "residential", "name": "Rua Teresa Araújo"}, "geometry": {"type": "LineString", "coordinates": [[-42.8880715, -20.7541462], [-42.8885044, -20.7542745], [-42.8889613, -20.7544042], [-42.8892803, -20.7545072]]}}, {"type": "Feature", "properties": {"osm_id": 148876038, "highway": "residential", "name": "Rua Capitão Arnaldo"}, "geometry": {"type": "LineString", "coordinates": [[-42.8899688, -20.7555028], [-42.8903099, -20.7555716], [-42.8907364, -20.7556043], [-42.8907981, -20.7555792], [-42.8908252, -20.7555189], [-42.8908771, -20.7553333], [-42.8909151, -20.7552381], [-42.890952, -20.7552093], [-42.891004, -20.7552098]]}}, {"type": "Feature", "properties": {"osm_id": 148876041, "highway": "residential", "name": "Rua José G. Souza"}, "geometry": {"type": "LineString", "coordinates": [[-42.8906069, -20.7512819], [-42.8907497, -20.7516142], [-42.8908892, -20.7519278], [-42.8910783, -20.7523679], [-42.8912922, -20.7528752]]}}, {"type": "Feature", "properties": {"osm_id": 148876043, "highway": "residential", "name": "Rua A"}, "geometry": {"type": "LineString", "coordinates": [[-42.8901972, -20.7508968], [-42.8898132, -20.750034], [-42.8895508, -20.7494057], [-42.8894207, -20.7491461], [-42.8892624, -20.7488778], [-42.8891297, -20.7486846], [-42.8885677, -20.7479096], [-42.8883773, -20.7476261], [-42.8883337, -20.7475534], [-42.8883109, -20.7474913], [-42.8883096, -20.7474148], [-42.8884578, -20.7467206]]}}, {"type": "Feature", "properties": {"osm_id": 148876044, "highway": "residential", "name": "Rua Planaltina"}, "geometry": {"type": "LineString", "coordinates": [[-42.8897817, -20.7623134], [-42.8896152, -20.7623234], [-42.8891538, -20.7623535], [-42.8887623, -20.7623761], [-42.888159, -20.7624237], [-42.8877511, -20.7624187], [-42.8874007, -20.7624301]]}}, {"type": "Feature", "properties": {"osm_id": 148876049, "highway": "residential", "name": "Rua Rio Doce"}, "geometry": {"type": "LineString", "coordinates": [[-42.8906171, -20.757616], [-42.8905297, -20.757559], [-42.890302, -20.7573936], [-42.8901037, -20.7572044], [-42.8898377, -20.7569458], [-42.8898204, -20.7569119], [-42.8898239, -20.7568691], [-42.8898789, -20.756638]]}}, {"type": "Feature", "properties": {"osm_id": 148876051, "highway": "service", "name": ""}, "geometry": {"type": "LineString", "coordinates": [[-42.8969792, -20.7556373], [-42.8966503, -20.756008], [-42.8965195, -20.7562112], [-42.8964632, -20.7563542], [-42.8963017, -20.7570615], [-42.896291, -20.757242], [-42.8963339, -20.7576233], [-42.8963773, -20.7578691]]}}, {"type": "Feature", "properties": {"osm_id": 148876053, "highway": "residential", "name": "Rua Nhanhá Simonine"}, "geometry": {"type": "LineString", "coordinates": [[-42.88965, -20.753785], [-42.8897858, -20.7540764], [-42.8898328, -20.754133], [-42.8898976, -20.7541554], [-42.8901523, -20.7541795], [-42.8901772, -20.7541819], [-42.8904214, -20.754217], [-42.8904352, -20.754219], [-42.8906167, -20.7542588], [-42.8906502, -20.7542662], [-42.8908269, -20.7543458], [-42.8909939, -20.7544534], [-42.8913613, -20.7547622], [-42.8914652, -20.7548084]]}}, {"type": "Feature", "properties": {"osm_id": 148876054, "highway": "residential", "name": "Rua Zé de Tata"}, "geometry": {"type": "LineString", "coordinates": [[-42.8855087, -20.7609841], [-42.886259, -20.7612151], [-42.8869292, -20.7614258]]}}, {"type": "Feature", "properties": {"osm_id": 148876055, "highway": "residential", "name": "Rua Adelino M. Azevedo"}, "geometry": {"type": "LineString", "coordinates": [[-42.8889734, -20.7527329], [-42.8887717, -20.7526032], [-42.8886021, -20.7524955], [-42.8883787, -20.7523504], [-42.8882331, -20.7522331], [-42.888154, -20.7521535], [-42.8880943, -20.75204], [-42.8880554, -20.7519127], [-42.8880487, -20.7517635], [-42.888101, -20.7515866]]}}, {"type": "Feature", "properties": {"osm_id": 148876064, "highway": "residential", "name": "Rua José Dias do Carmo"}, "geometry": {"type": "LineString", "coordinates": [[-42.8917932, -20.7513659], [-42.8916214, -20.7513659], [-42.8914417, -20.7513509], [-42.8912137, -20.7513333], [-42.8910045, -20.7513095], [-42.8908449, -20.7512994], [-42.8906069, -20.7512819], [-42.890575, -20.7512828], [-42.8905385, -20.7512926], [-42.8904902, -20.751311], [-42.8903736, -20.7513665], [-42.8903062, -20.7514086], [-42.8902784, -20.7514466], [-42.8902655, -20.7514913]]}}, {"type": "Feature", "properties": {"osm_id": 148876067, "highway": "residential", "name": "Rua José de Alencar"}, "geometry": {"type": "LineString", "coordinates": [[-42.8889752, -20.766158], [-42.8884809, -20.7666059], [-42.8883518, -20.7667217], [-42.888146, -20.7668849], [-42.8880535, -20.7669524]]}}, {"type": "Feature", "properties": {"osm_id": 148876072, "highway": "residential", "name": "Rua Gersonito Mendes"}, "geometry": {"type": "LineString", "coordinates": [[-42.8898171, -20.7635419], [-42.889811, -20.7632193], [-42.8897781, -20.762727], [-42.8897817, -20.7623134], [-42.8897869, -20.7619811]]}}, {"type": "Feature", "properties": {"osm_id": 148876074, "highway": "residential", "name": "Rua Tupis"}, "geometry": {"type": "LineString", "coordinates": [[-42.8850605, -20.7468572], [-42.8854398, -20.746943]]}}, {"type": "Feature", "properties": {"osm_id": 148876078, "highway": "residential", "name": "Rua Machado de Assis"}, "geometry": {"type": "LineString", "coordinates": [[-42.889111, -20.7654143], [-42.8894409, -20.7657192], [-42.8897628, -20.7660176]]}}, {"type": "Feature", "properties": {"osm_id": 148876079, "highway": "residential", "name": "Avenida Vicentina de Barros"}, "geometry": {"type": "LineString", "coordinates": [[-42.8920295, -20.7579868], [-42.8919031, -20.7584434], [-42.8918844, -20.7585788], [-42.8919139, -20.7590102], [-42.8919192, -20.7591733], [-42.8918937, -20.7593995], [-42.8918642, -20.7595073], [-42.8917998, -20.75957], [-42.8916362, -20.7596478], [-42.8915785, -20.7596841], [-42.8915222, -20.7597526], [-42.8911926, -20.7603671], [-42.8909522, -20.7608291], [-42.8908047, -20.7611426], [-42.890757, -20.7612475], [-42.8907135, -20.7613432], [-42.8906599, -20.7615238], [-42.8906277, -20.761737], [-42.8906009, -20.762063], [-42.8905955, -20.7626951], [-42.890566, -20.7631941], [-42.8905553, -20.7633772], [-42.8905633, -20.7634901], [-42.8905982, -20.7636481], [-42.8907564, -20.7640042], [-42.890849, -20.7641919], [-42.8909174, -20.7643303], [-42.8909603, -20.7644858], [-42.8910488, -20.7648394], [-42.89111, -20.7651588], [-42.8912165, -20.7656691], [-42.891297, -20.7657994], [-42.8914176, -20.7659098], [-42.8919407, -20.7662058], [-42.892413, -20.766449], [-42.8926387, -20.7664925], [-42.8928721, -20.7664875], [-42.8933656, -20.7663797], [-42.8936151, -20.7663321]]}}, {"type": "Feature", "properties": {"osm_id": 148876084, "highway": "residential", "name": ""}, "geometry": {"type": "LineString", "coordinates": [[-42.893332, -20.7514863], [-42.893208, -20.7515804], [-42.892988, -20.7517371]]}}, {"type": "Feature", "properties": {"osm_id": 148876087, "highway": "residential", "name": "Travessa Quatro"}, "geometry": {"type": "LineString", "coordinates": [[-42.8879396, -20.763248], [-42.8880482, -20.7638339]]}}, {"type": "Feature", "properties": {"osm_id": 148876089, "highway": "residential", "name": "Rua Plínio Dias de Andrade"}, "geometry": {"type": "LineString", "coordinates": [[-42.8919936, -20.7531718], [-42.8920868, -20.7530752], [-42.8923014, -20.7528771], [-42.8926809, -20.7525586], [-42.8928338, -20.7524281], [-42.8929156, -20.7523466], [-42.8929827, -20.7522538], [-42.8930437, -20.7521322], [-42.8930732, -20.7520877]]}}, {"type": "Feature", "properties": {"osm_id": 148876094, "highway": "residential", "name": "Rua Costantino Isidoro Neves"}, "geometry": {"type": "LineString", "coordinates": [[-42.8853049, -20.7613101], [-42.8862329, -20.7616863], [-42.8866681, -20.7618561]]}}, {"type": "Feature", "properties": {"osm_id": 148876095, "highway": "residential", "name": "Rua Tupinambás"}, "geometry": {"type": "LineString", "coordinates": [[-42.8881, -20.7497971], [-42.8880284, -20.7493727], [-42.8879468, -20.7489856], [-42.8878811, -20.7488384], [-42.887747, -20.7486182], [-42.8876343, -20.74843], [-42.88757, -20.748336], [-42.8874949, -20.7482494], [-42.8873286, -20.7480663], [-42.8872669, -20.7480112], [-42.8870523, -20.7478506], [-42.8868109, -20.7476625], [-42.8866929, -20.7475628], [-42.8866513, -20.7475296], [-42.8866185, -20.7475114], [-42.8865679, -20.7474978]]}}, {"type": "Feature", "properties": {"osm_id": 148876101, "highway": "residential", "name": "Rua Antônio Ferreira Mendes"}, "geometry": {"type": "LineString", "coordinates": [[-42.8840537, -20.7504453], [-42.8840883, -20.7508863], [-42.8841067, -20.7509141], [-42.8841442, -20.7509266], [-42.8844822, -20.7508978], [-42.8847129, -20.7509103]]}}, {"type": "Feature", "properties": {"osm_id": 148876103, "highway": "residential", "name": "Rua Aimorés"}, "geometry": {"type": "LineString", "coordinates": [[-42.8874923, -20.7493917], [-42.8875803, -20.7497797], [-42.887591, -20.7498467]]}}, {"type": "Feature", "properties": {"osm_id": 148876106, "highway": "residential", "name": "Rua Marli Azevedo"}, "geometry": {"type": "LineString", "coordinates": [[-42.8901865, -20.7527692], [-42.8898552, -20.7527805], [-42.8895186, -20.7527918], [-42.8890049, -20.7528244], [-42.8888051, -20.7528232], [-42.8883518, -20.7527755], [-42.8878503, -20.7527254], [-42.8875941, -20.752699], [-42.887401, -20.7526664], [-42.8872414, -20.7526075], [-42.8870456, -20.7524908], [-42.8866325, -20.7521961]]}}, {"type": "Feature", "properties": {"osm_id": 148876112, "highway": "residential", "name": "Travessa Doutor Felicíssimo"}, "geometry": {"type": "LineString", "coordinates": [[-42.8899045, -20.7565927], [-42.8908996, -20.7570336]]}}, {"type": "Feature", "properties": {"osm_id": 148876115, "highway": "residential", "name": "Rua Tupis"}, "geometry": {"type": "LineString", "coordinates": [[-42.8854398, -20.746943], [-42.8855288, -20.7469301], [-42.88562, -20.7469301], [-42.8857809, -20.7469502], [-42.8860532, -20.7469991], [-42.8861953, -20.7470317], [-42.8863335, -20.7470806], [-42.8864595, -20.7471408], [-42.8870255, -20.7475509], [-42.8874533, -20.7478494], [-42.8875431, -20.7479133], [-42.8876156, -20.7479785], [-42.8876826, -20.7480638], [-42.8878908, -20.7483982], [-42.8880246, -20.7485918], [-42.8880976, -20.748723], [-42.8881949, -20.7489718], [-42.8883156, -20.7493154], [-42.8883628, -20.7498116]]}}, {"type": "Feature", "properties": {"osm_id": 148876117, "highway": "residential", "name": "Rua Ivone Lentine"}, "geometry": {"type": "LineString", "coordinates": [[-42.8921579, -20.7509797], [-42.8922813, -20.7513057], [-42.8924462, -20.7517421], [-42.892583, -20.7520845]]}}, {"type": "Feature", "properties": {"osm_id": 148876123, "highway": "residential", "name": "Rua Joaquim Andrade"}, "geometry": {"type": "LineString", "coordinates": [[-42.8945476, -20.7581324], [-42.8945722, -20.7583405], [-42.8945502, -20.7584685], [-42.8943357, -20.7589099], [-42.8943184, -20.7590132], [-42.8943308, -20.7591206], [-42.8945449, -20.7596774], [-42.8945746, -20.7597268], [-42.8946188, -20.7597606], [-42.8946912, -20.7597782], [-42.8948372, -20.7597978], [-42.8950383, -20.759853], [-42.8951553, -20.7599462], [-42.8952127, -20.7600361], [-42.8953388, -20.7605025]]}}, {"type": "Feature", "properties": {"osm_id": 148876796, "highway": "steps", "name": ""}, "geometry": {"type": "LineString", "coordinates": [[-42.8879033, -20.7668304], [-42.8878696, -20.7668564], [-42.8879549, -20.7669343], [-42.8878754, -20.7669982]]}}, {"type": "Feature", "properties": {"osm_id": 148877881, "highway": "pedestrian", "name": "Rua Doutor Horta"}, "geometry": {"type": "LineString", "coordinates": [[-42.8805461, -20.7574411], [-42.8804723, -20.7573483], [-42.8804126, -20.757227], [-42.8802945, -20.7568508], [-42.8801856, -20.7565441], [-42.8800114, -20.7562717]]}}, {"type": "Feature", "properties": {"osm_id": 148878848, "highway": "residential", "name": "Rua Triunfo Trindade"}, "geometry": {"type": "LineString", "coordinates": [[-42.8845191, -20.7674385], [-42.8845229, -20.7676291], [-42.8845389, -20.7681879], [-42.8845755, -20.7686859]]}}, {"type": "Feature", "properties": {"osm_id": 148878849, "highway": "residential", "name": "Rua Custódio Parreira"}, "geometry": {"type": "LineString", "coordinates": [[-42.8811411, -20.7698022], [-42.8810871, -20.7700171], [-42.8809597, -20.7704542], [-42.8808795, -20.7706498]]}}, {"type": "Feature", "properties": {"osm_id": 148878850, "highway": "residential", "name": "Rua Oliveira"}, "geometry": {"type": "LineString", "coordinates": [[-42.8833519, -20.7709449], [-42.8837711, -20.77116], [-42.8840485, -20.7713385], [-42.8842642, -20.7714774]]}}, {"type": "Feature", "properties": {"osm_id": 148878851, "highway": "residential", "name": "Rua Geraldo Ribeiro"}, "geometry": {"type": "LineString", "coordinates": [[-42.8811411, -20.7698022], [-42.8812228, -20.7695513], [-42.8813702, -20.7690609], [-42.8814622, -20.7688273], [-42.8815144, -20.7687244]]}}, {"type": "Feature", "properties": {"osm_id": 148878852, "highway": "residential", "name": ""}, "geometry": {"type": "LineString", "coordinates": [[-42.8848681, -20.7680557], [-42.8847725, -20.7684362], [-42.8846203, -20.7690948], [-42.8845849, -20.7692966], [-42.8845944, -20.7694872], [-42.8846351, -20.7695815], [-42.8847006, -20.769651], [-42.884729, -20.7697854], [-42.8847699, -20.7700057], [-42.8847909, -20.7702037], [-42.8847754, -20.770367], [-42.8847044, -20.7705406], [-42.8846777, -20.7707633], [-42.8846766, -20.7708518], [-42.8847088, -20.7710125], [-42.8847503, -20.7711729], [-42.8847597, -20.7712618], [-42.8847676, -20.7714632], [-42.884771, -20.7716156]]}}, {"type": "Feature", "properties": {"osm_id": 148878853, "highway": "residential", "name": "Rua Dona Mimi Pacheco Bhering"}, "geometry": {"type": "LineString", "coordinates": [[-42.8816203, -20.7659924], [-42.8820511, -20.76597], [-42.8826863, -20.7659463]]}}, {"type": "Feature", "properties": {"osm_id": 148878854, "highway": "residential", "name": "Rua Bárbara Simonini"}, "geometry": {"type": "LineString", "coordinates": [[-42.8835504, -20.7659463], [-42.8838998, -20.7664763], [-42.8840778, -20.7667176], [-42.8843244, -20.7671626], [-42.8845191, -20.7674385], [-42.8848681, -20.7680557]]}}, {"type": "Feature", "properties": {"osm_id": 148878856, "highway": "residential", "name": "Rua Castrolino A de Castro"}, "geometry": {"type": "LineString", "coordinates": [[-42.8818466, -20.7700772], [-42.8817688, -20.7702857], [-42.8816484, -20.7706794]]}}, {"type": "Feature", "properties": {"osm_id": 148878859, "highway": "residential", "name": "Rua José de Castro Cardoso"}, "geometry": {"type": "LineString", "coordinates": [[-42.8834113, -20.7715225], [-42.8832513, -20.7714805], [-42.8830338, -20.7714006], [-42.8828855, -20.7713369]]}}, {"type": "Feature", "properties": {"osm_id": 148878861, "highway": "residential", "name": "Rua Novo Horizonte"}, "geometry": {"type": "LineString", "coordinates": [[-42.8834864, -20.7659142], [-42.8835504, -20.7659463], [-42.8837975, -20.7660703], [-42.8843557, -20.7663512], [-42.8849431, -20.7666739], [-42.8854229, -20.7669581], [-42.8856429, -20.7672089], [-42.8859218, -20.7674748], [-42.8861419, -20.7677909], [-42.8864572, -20.7681577], [-42.8866883, -20.7683956], [-42.8868552, -20.7686736], [-42.886925, -20.7689996], [-42.8869773, -20.7691602]]}}, {"type": "Feature", "properties": {"osm_id": 148878862, "highway": "residential", "name": "Rua Alice Moreira Pinto"}, "geometry": {"type": "LineString", "coordinates": [[-42.8837711, -20.77116], [-42.8838856, -20.7709579], [-42.8839875, -20.7706871], [-42.884068, -20.7705466], [-42.8842074, -20.7704162], [-42.8843469, -20.7703335], [-42.8844462, -20.7702658], [-42.8845266, -20.770178], [-42.8845856, -20.7699422], [-42.8846227, -20.769699], [-42.8846528, -20.7696675], [-42.8847006, -20.769651]]}}, {"type": "Feature", "properties": {"osm_id": 148878863, "highway": "residential", "name": "Rua Abdo Zahran Jamim"}, "geometry": {"type": "LineString", "coordinates": [[-42.8840778, -20.7667176], [-42.8844949, -20.7669581], [-42.8849723, -20.7671939], [-42.8852623, -20.7673745], [-42.8854122, -20.7675199], [-42.8856375, -20.767856], [-42.8859272, -20.7682723], [-42.8862329, -20.7685732], [-42.8865709, -20.7688842]]}}, {"type": "Feature", "properties": {"osm_id": 148878865, "highway": "residential", "name": "Rua São Pedro"}, "geometry": {"type": "LineString", "coordinates": [[-42.8827867, -20.7704195], [-42.8821731, -20.7702104], [-42.8818466, -20.7700772], [-42.8815246, -20.7699514], [-42.881387, -20.769897], [-42.8811411, -20.7698022], [-42.8808571, -20.7697196], [-42.8807696, -20.769694]]}}, {"type": "Feature", "properties": {"osm_id": 148878866, "highway": "residential", "name": "Rua José Romualdo de Lima"}, "geometry": {"type": "LineString", "coordinates": [[-42.8833333, -20.7717812], [-42.8831251, -20.7717432], [-42.8829629, -20.7717096], [-42.8827634, -20.771642], [-42.8826731, -20.7716133]]}}, {"type": "Feature", "properties": {"osm_id": 148878867, "highway": "residential", "name": "Rua José Damásio Aruda"}, "geometry": {"type": "LineString", "coordinates": [[-42.8825242, -20.7718118], [-42.8826731, -20.7716133]]}}, {"type": "Feature", "properties": {"osm_id": 148878868, "highway": "residential", "name": "Rua Manoel Soares de Freitas"}, "geometry": {"type": "LineString", "coordinates": [[-42.8826524, -20.7675365], [-42.8823289, -20.7676546], [-42.8820208, -20.767767], [-42.8816881, -20.767911], [-42.8812567, -20.7680983], [-42.8809147, -20.768251], [-42.8808469, -20.7682855], [-42.8808161, -20.7683374], [-42.8808161, -20.768395], [-42.8808654, -20.7684642], [-42.880924, -20.7684872], [-42.8810041, -20.7685275]]}}, {"type": "Feature", "properties": {"osm_id": 148878869, "highway": "residential", "name": "Rua Jesus Felipe"}, "geometry": {"type": "LineString", "coordinates": [[-42.8816603, -20.7668019], [-42.8816542, -20.766413], [-42.8816203, -20.7659924], [-42.8815833, -20.7657244]]}}, {"type": "Feature", "properties": {"osm_id": 148878870, "highway": "residential", "name": "Rua Getúlio Vargas"}, "geometry": {"type": "LineString", "coordinates": [[-42.8820208, -20.767767], [-42.8820275, -20.7674748], [-42.8820651, -20.7669882], [-42.8820597, -20.7663813], [-42.8820511, -20.76597], [-42.882049, -20.7658697], [-42.8820487, -20.7654935], [-42.8820262, -20.7652405], [-42.8818773, -20.7651323], [-42.8817376, -20.7651073], [-42.8815977, -20.7651067], [-42.8815127, -20.7652059], [-42.8813039, -20.7658049], [-42.8811861, -20.7663187]]}}, {"type": "Feature", "properties": {"osm_id": 148878871, "highway": "residential", "name": "Rua Manoel Clemente"}, "geometry": {"type": "LineString", "coordinates": [[-42.881387, -20.769897], [-42.8815069, -20.7696617], [-42.8816252, -20.7693306], [-42.8817278, -20.7690736], [-42.8818277, -20.768838], [-42.8819846, -20.768508], [-42.8821294, -20.768187], [-42.8823185, -20.7680331], [-42.8825157, -20.7679207], [-42.8826386, -20.7678911]]}}, {"type": "Feature", "properties": {"osm_id": 148878872, "highway": "residential", "name": "Rua Randolfo L de Faria"}, "geometry": {"type": "LineString", "coordinates": [[-42.8815246, -20.7699514], [-42.8812662, -20.7707853]]}}, {"type": "Feature", "properties": {"osm_id": 148878873, "highway": "residential", "name": "Rua Josefino Fialho Freitas"}, "geometry": {"type": "LineString", "coordinates": [[-42.8838998, -20.7664763], [-42.8838967, -20.7667528], [-42.883906, -20.7671763], [-42.8839121, -20.7676747], [-42.8839121, -20.768055], [-42.883937, -20.7684779], [-42.8839072, -20.7689672]]}}, {"type": "Feature", "properties": {"osm_id": 148878874, "highway": "residential", "name": "Rua Joaquim Rocha Oliveira"}, "geometry": {"type": "LineString", "coordinates": [[-42.8843244, -20.7671626], [-42.8843297, -20.7682335], [-42.8843822, -20.7685281], [-42.8844627, -20.7689243]]}}, {"type": "Feature", "properties": {"osm_id": 148878875, "highway": "residential", "name": "Rua Alagoas"}, "geometry": {"type": "LineString", "coordinates": [[-42.8869773, -20.7691602], [-42.8871866, -20.769375], [-42.8873256, -20.7694886], [-42.8876159, -20.7697344], [-42.8876159, -20.7697973], [-42.8874285, -20.7701539], [-42.8873305, -20.7703395], [-42.8871985, -20.7705093], [-42.8869847, -20.7707654], [-42.8868124, -20.7709394], [-42.8864687, -20.7711842], [-42.8859939, -20.771633]]}}, {"type": "Feature", "properties": {"osm_id": 148878876, "highway": "residential", "name": "Rua José Rigueira Filho"}, "geometry": {"type": "LineString", "coordinates": [[-42.8865382, -20.769662], [-42.8864853, -20.7694309], [-42.88626, -20.7691852], [-42.8860455, -20.7689494], [-42.8860185, -20.7689195], [-42.8858201, -20.7687705], [-42.8856482, -20.7686392], [-42.8856078, -20.7686083], [-42.8851831, -20.7682906], [-42.8848681, -20.7680557]]}}, {"type": "Feature", "properties": {"osm_id": 148878877, "highway": "residential", "name": "Rua Terezinha de Jesus Pereira"}, "geometry": {"type": "LineString", "coordinates": [[-42.8833448, -20.7720658], [-42.8829084, -20.7719902], [-42.8827429, -20.7719382], [-42.8826212, -20.7718728], [-42.8825242, -20.7718118], [-42.882351, -20.7717091], [-42.8822343, -20.7716046], [-42.8820501, -20.771483], [-42.8818265, -20.7713702], [-42.8816711, -20.7713095], [-42.8815666, -20.7712862]]}}, {"type": "Feature", "properties": {"osm_id": 148878878, "highway": "residential", "name": "Rua Vicente de Paula"}, "geometry": {"type": "LineString", "coordinates": [[-42.887729, -20.7690485], [-42.8875061, -20.7692934], [-42.8873256, -20.7694886], [-42.8865065, -20.7702636], [-42.8864528, -20.7703194], [-42.8860237, -20.7707651], [-42.885512, -20.7711951]]}}, {"type": "Feature", "properties": {"osm_id": 148878880, "highway": "residential", "name": "Rua Nossa Senhora do Carmo"}, "geometry": {"type": "LineString", "coordinates": [[-42.8808571, -20.7697196], [-42.8807881, -20.7699225], [-42.8807022, -20.7702084], [-42.8806271, -20.7704191], [-42.8806079, -20.7705173]]}}, {"type": "Feature", "properties": {"osm_id": 148895720, "highway": "residential", "name": "Rua Guarani"}, "geometry": {"type": "LineString", "coordinates": [[-42.8864859, -20.7474291], [-42.8865679, -20.7474978], [-42.8866761, -20.7476273], [-42.8870035, -20.7479979], [-42.8870751, -20.7480801], [-42.8871287, -20.7481529], [-42.8873021, -20.7484031], [-42.8874754, -20.7486125], [-42.8876934, -20.749019], [-42.8877497, -20.7491323], [-42.8877765, -20.7492277], [-42.8877914, -20.7493361], [-42.8878243, -20.7497364]]}}, {"type": "Feature", "properties": {"osm_id": 148895721, "highway": "residential", "name": "Rua Tupinambás"}, "geometry": {"type": "LineString", "coordinates": [[-42.8864859, -20.7474291], [-42.8862525, -20.7473249], [-42.8860921, -20.7472624], [-42.8859808, -20.7472336], [-42.8858574, -20.7472185], [-42.8854443, -20.7472511], [-42.8852002, -20.7472675], [-42.8850299, -20.7472838], [-42.8845096, -20.7473992]]}}, {"type": "Feature", "properties": {"osm_id": 148896099, "highway": "residential", "name": "Rua F"}, "geometry": {"type": "LineString", "coordinates": [[-42.8831717, -20.7466877], [-42.8834534, -20.7467398], [-42.8838886, -20.746825], [-42.8840756, -20.7468682], [-42.8843398, -20.7469434], [-42.8844178, -20.7469515], [-42.8844731, -20.7469353], [-42.884673, -20.7467951]]}}, {"type": "Feature", "properties": {"osm_id": 148896101, "highway": "residential", "name": "Rua Aymorés"}, "geometry": {"type": "LineString", "coordinates": [[-42.8843768, -20.747902], [-42.8841916, -20.7479176], [-42.8839923, -20.7479081], [-42.8838944, -20.747923], [-42.8835939, -20.7479944], [-42.8831463, -20.7480682], [-42.8831054, -20.7480701], [-42.8830758, -20.7480555], [-42.8830598, -20.7480266]]}}, {"type": "Feature", "properties": {"osm_id": 148896102, "highway": "tertiary", "name": "Rua Reinaldo de Jesus Araújo"}, "geometry": {"type": "LineString", "coordinates": [[-42.8831662, -20.7440476], [-42.8832851, -20.744038], [-42.8833763, -20.7440292], [-42.883489, -20.7440079], [-42.8836204, -20.743964], [-42.8838645, -20.743868], [-42.8839906, -20.7437558], [-42.884075, -20.7436806], [-42.8841233, -20.7436517], [-42.884189, -20.7436304], [-42.8842963, -20.7436154], [-42.8844546, -20.7436016], [-42.8846247, -20.7435969], [-42.8848462, -20.7436016], [-42.8849347, -20.7436141], [-42.8850232, -20.7436379], [-42.885156, -20.7436793], [-42.8854805, -20.7437947], [-42.8856817, -20.7438549], [-42.885785, -20.7438712], [-42.8858735, -20.743875], [-42.8860157, -20.7438637], [-42.8862181, -20.7438537]]}}, {"type": "Feature", "properties": {"osm_id": 148896103, "highway": "residential", "name": ""}, "geometry": {"type": "LineString", "coordinates": [[-42.8827008, -20.7428652], [-42.8826982, -20.7427564], [-42.8826836, -20.7426735], [-42.8825939, -20.7423847]]}}, {"type": "Feature", "properties": {"osm_id": 148896104, "highway": "residential", "name": "Avenida Maria de Castro Silva"}, "geometry": {"type": "LineString", "coordinates": [[-42.8830335, -20.7436125], [-42.8830858, -20.7434707], [-42.8832341, -20.7430864]]}}, {"type": "Feature", "properties": {"osm_id": 148896105, "highway": "residential", "name": "Rua Wiliam Martins Ramos"}, "geometry": {"type": "LineString", "coordinates": [[-42.8846247, -20.7435969], [-42.8846147, -20.743865], [-42.8845949, -20.7439666], [-42.8845636, -20.7441398], [-42.8844992, -20.7444463], [-42.8844755, -20.7446876], [-42.8844117, -20.7451066], [-42.8842852, -20.7455062], [-42.8842123, -20.7457353], [-42.8841433, -20.7458868], [-42.8840939, -20.7459465]]}}, {"type": "Feature", "properties": {"osm_id": 148896107, "highway": "residential", "name": "Travessa F"}, "geometry": {"type": "LineString", "coordinates": [[-42.8844992, -20.7444463], [-42.8847341, -20.7444032], [-42.884941, -20.7443672]]}}, {"type": "Feature", "properties": {"osm_id": 148896108, "highway": "residential", "name": "Rua Drumond"}, "geometry": {"type": "LineString", "coordinates": [[-42.8826672, -20.74625], [-42.8830078, -20.7463013], [-42.8831041, -20.74632], [-42.8835364, -20.7464563], [-42.8838887, -20.7465573], [-42.8840389, -20.7466024], [-42.8842428, -20.7466576], [-42.88446, -20.7467229], [-42.884673, -20.7467951], [-42.8847765, -20.7468369], [-42.884922, -20.7469429]]}}, {"type": "Feature", "properties": {"osm_id": 148896109, "highway": "residential", "name": "Travessa G"}, "geometry": {"type": "LineString", "coordinates": [[-42.8831041, -20.74632], [-42.8831498, -20.7465899], [-42.8831717, -20.7466877], [-42.8832033, -20.746893], [-42.8832167, -20.7469924]]}}, {"type": "Feature", "properties": {"osm_id": 148896113, "highway": "residential", "name": "Rua José Lopes da Silva"}, "geometry": {"type": "LineString", "coordinates": [[-42.8838645, -20.743868], [-42.8838287, -20.7446551], [-42.8838028, -20.7448206], [-42.8837813, -20.7449184], [-42.8836781, -20.7452458], [-42.8834863, -20.7458391]]}}, {"type": "Feature", "properties": {"osm_id": 148896115, "highway": "residential", "name": "Travessa T"}, "geometry": {"type": "LineString", "coordinates": [[-42.8845636, -20.7441398], [-42.8847745, -20.7441151], [-42.8849496, -20.7441044]]}}, {"type": "Feature", "properties": {"osm_id": 148896116, "highway": "residential", "name": "Rua São Dimas"}, "geometry": {"type": "LineString", "coordinates": [[-42.883139, -20.7457249], [-42.8832288, -20.7455468], [-42.8833415, -20.7452709], [-42.8834394, -20.7449661], [-42.8835111, -20.7446676], [-42.8835185, -20.7446344], [-42.8835346, -20.7446225], [-42.8835724, -20.7446229], [-42.8838287, -20.7446551]]}}, {"type": "Feature", "properties": {"osm_id": 148896117, "highway": "residential", "name": ""}, "geometry": {"type": "LineString", "coordinates": [[-42.8827525, -20.7429604], [-42.8827914, -20.7428275], [-42.8828194, -20.7427447], [-42.8828974, -20.7425292]]}}, {"type": "Feature", "properties": {"osm_id": 148896118, "highway": "residential", "name": "Rua Eurico Marangom"}, "geometry": {"type": "LineString", "coordinates": [[-42.8828318, -20.7470793], [-42.8828863, -20.747362], [-42.8829494, -20.747637], [-42.8829993, -20.7478275], [-42.8830598, -20.7480266]]}}, {"type": "Feature", "properties": {"osm_id": 148897292, "highway": "residential", "name": "Rua do Conforto"}, "geometry": {"type": "LineString", "coordinates": [[-42.8888495, -20.7706007], [-42.8893918, -20.7707301]]}}, {"type": "Feature", "properties": {"osm_id": 148897293, "highway": "residential", "name": "Rua São Dimas"}, "geometry": {"type": "LineString", "coordinates": [[-42.8867184, -20.7735257], [-42.8870207, -20.7732965], [-42.8873542, -20.7730193]]}}, {"type": "Feature", "properties": {"osm_id": 148897295, "highway": "residential", "name": "Rua Alípio Peres"}, "geometry": {"type": "LineString", "coordinates": [[-42.8885625, -20.769744], [-42.8886791, -20.7693941]]}}, {"type": "Feature", "properties": {"osm_id": 148897302, "highway": "residential", "name": "Rua do Sol"}, "geometry": {"type": "LineString", "coordinates": [[-42.8872196, -20.7728858], [-42.8873542, -20.7730193], [-42.8878652, -20.7733115], [-42.8880737, -20.7734663], [-42.8881306, -20.7735036], [-42.8881839, -20.773518], [-42.8882304, -20.7735136], [-42.8883358, -20.7734704], [-42.888433, -20.7734584], [-42.8885088, -20.7734603], [-42.8886201, -20.7734854]]}}, {"type": "Feature", "properties": {"osm_id": 148897303, "highway": "residential", "name": "Rua Ana Amélia"}, "geometry": {"type": "LineString", "coordinates": [[-42.887735, -20.7710446], [-42.887963, -20.7708741], [-42.8885212, -20.7706507]]}}, {"type": "Feature", "properties": {"osm_id": 148897304, "highway": "residential", "name": "Rua Carlos Lacerda"}, "geometry": {"type": "LineString", "coordinates": [[-42.8888635, -20.7714422], [-42.8885798, -20.7715689], [-42.8884825, -20.7716252], [-42.8883927, -20.7717136], [-42.8883077, -20.7718769], [-42.8881985, -20.772124], [-42.8881547, -20.7722403], [-42.888097, -20.7723494], [-42.8880137, -20.7724505], [-42.8878633, -20.7725115]]}}, {"type": "Feature", "properties": {"osm_id": 148897305, "highway": "residential", "name": "Rua Mato Grosso"}, "geometry": {"type": "LineString", "coordinates": [[-42.8851225, -20.7711565], [-42.8852124, -20.7713107], [-42.8853236, -20.7714616], [-42.8854042, -20.7715628], [-42.8857381, -20.7718913], [-42.8862021, -20.7723377], [-42.8864741, -20.7725819], [-42.8865969, -20.7727751]]}}, {"type": "Feature", "properties": {"osm_id": 148897308, "highway": "residential", "name": "Rua G"}, "geometry": {"type": "LineString", "coordinates": [[-42.8862575, -20.7729162], [-42.8867184, -20.7735257]]}}, {"type": "Feature", "properties": {"osm_id": 148897309, "highway": "residential", "name": "Rua José Guy Costa"}, "geometry": {"type": "LineString", "coordinates": [[-42.8886899, -20.7699397], [-42.8883956, -20.7701059], [-42.88808, -20.7703155], [-42.8877998, -20.7704618], [-42.887578, -20.770643], [-42.8873622, -20.7708628], [-42.8872021, -20.7709747]]}}, {"type": "Feature", "properties": {"osm_id": 148897313, "highway": "residential", "name": ""}, "geometry": {"type": "LineString", "coordinates": [[-42.8872196, -20.7728858], [-42.8870838, -20.7727818]]}}, {"type": "Feature", "properties": {"osm_id": 148897314, "highway": "residential", "name": "Travessa Diamantna"}, "geometry": {"type": "LineString", "coordinates": [[-42.88619, -20.773386], [-42.8862437, -20.7734913], [-42.8863041, -20.773618]]}}, {"type": "Feature", "properties": {"osm_id": 148897315, "highway": "residential", "name": "Rua Dona Zair Santos"}, "geometry": {"type": "LineString", "coordinates": [[-42.8875061, -20.7692934], [-42.8871238, -20.7689029]]}}, {"type": "Feature", "properties": {"osm_id": 148897317, "highway": "residential", "name": "Rua Princesa Isabel"}, "geometry": {"type": "LineString", "coordinates": [[-42.8870838, -20.7727818], [-42.8871497, -20.7726718], [-42.8872151, -20.7725751], [-42.8873304, -20.7724535], [-42.8874336, -20.7723331], [-42.887532, -20.7721739], [-42.8875979, -20.772019], [-42.8876496, -20.7718786], [-42.8877501, -20.7716686], [-42.8878274, -20.7714735], [-42.8879903, -20.771239], [-42.8881083, -20.7710107], [-42.8884745, -20.7708612]]}}, {"type": "Feature", "properties": {"osm_id": 148897318, "highway": "residential", "name": "Rua Diamantina"}, "geometry": {"type": "LineString", "coordinates": [[-42.8859007, -20.7740883], [-42.8859687, -20.774066], [-42.8860304, -20.7740008], [-42.8861017, -20.7739021], [-42.886131, -20.7738215], [-42.8861492, -20.7737221], [-42.88619, -20.773386], [-42.8862147, -20.773145], [-42.8862575, -20.7729162], [-42.8860284, -20.7725933], [-42.885903, -20.7724384], [-42.8857762, -20.7723036], [-42.8855265, -20.7721111]]}}, {"type": "Feature", "properties": {"osm_id": 148897319, "highway": "residential", "name": "Rua São Bento"}, "geometry": {"type": "LineString", "coordinates": [[-42.8888559, -20.7706555], [-42.8885798, -20.7707544], [-42.8884745, -20.7708612], [-42.88847, -20.771011], [-42.8884612, -20.771294], [-42.8883421, -20.7714774], [-42.8882417, -20.7716957], [-42.8882239, -20.7717521], [-42.8881226, -20.771745], [-42.8879944, -20.7717236], [-42.8878687, -20.7716987], [-42.8877501, -20.7716686]]}}, {"type": "Feature", "properties": {"osm_id": 148897321, "highway": "residential", "name": "Rua Goiás"}, "geometry": {"type": "LineString", "coordinates": [[-42.8860237, -20.7707651], [-42.8864687, -20.7711842], [-42.8868182, -20.7715375], [-42.8871281, -20.7718147], [-42.887167, -20.7718428], [-42.8872175, -20.7718649], [-42.8873151, -20.7718786]]}}, {"type": "Feature", "properties": {"osm_id": 148897322, "highway": "service", "name": ""}, "geometry": {"type": "LineString", "coordinates": [[-42.8888078, -20.7717726], [-42.8889245, -20.77176], [-42.8890318, -20.7717337], [-42.8891404, -20.7716823], [-42.8892745, -20.7716083]]}}, {"type": "Feature", "properties": {"osm_id": 148897585, "highway": "residential", "name": "Rua Professor Arlindo de Paula Gonçalves"}, "geometry": {"type": "LineString", "coordinates": [[-42.8871447, -20.7572249], [-42.8867341, -20.7577209], [-42.8864457, -20.7580925]]}}, {"type": "Feature", "properties": {"osm_id": 148897587, "highway": "residential", "name": "Rua B"}, "geometry": {"type": "LineString", "coordinates": [[-42.8785932, -20.7612794], [-42.8788378, -20.7615897], [-42.8788609, -20.7616086], [-42.8788925, -20.7616065], [-42.8790774, -20.7614822]]}}, {"type": "Feature", "properties": {"osm_id": 148897588, "highway": "residential", "name": "Rua Santa Luzia"}, "geometry": {"type": "LineString", "coordinates": [[-42.8805467, -20.7611247], [-42.8806272, -20.761551], [-42.8814324, -20.7628228], [-42.88158, -20.763056]]}}, {"type": "Feature", "properties": {"osm_id": 148897589, "highway": "residential", "name": ""}, "geometry": {"type": "LineString", "coordinates": [[-42.8817314, -20.7589145], [-42.8813025, -20.7587252], [-42.881267, -20.7587068], [-42.8812629, -20.7587014], [-42.8812639, -20.7586948]]}}, {"type": "Feature", "properties": {"osm_id": 148897591, "highway": "residential", "name": "Rua Tabelião Machado"}, "geometry": {"type": "LineString", "coordinates": [[-42.8853008, -20.7579311], [-42.8855802, -20.758067], [-42.8859862, -20.7585012], [-42.8863658, -20.7589141], [-42.8863689, -20.7590063]]}}, {"type": "Feature", "properties": {"osm_id": 148897593, "highway": "residential", "name": "Rua Ana Koester"}, "geometry": {"type": "LineString", "coordinates": [[-42.8806701, -20.7623439], [-42.8801706, -20.7626064], [-42.8797985, -20.7628053]]}}, {"type": "Feature", "properties": {"osm_id": 148897594, "highway": "residential", "name": "Rua Pedro Gomide Filho"}, "geometry": {"type": "LineString", "coordinates": [[-42.8816318, -20.7612649], [-42.8821326, -20.7610156], [-42.8827944, -20.7607134]]}}, {"type": "Feature", "properties": {"osm_id": 148897596, "highway": "residential", "name": "Rua Augusta Siqueira"}, "geometry": {"type": "LineString", "coordinates": [[-42.880517, -20.7631894], [-42.8801706, -20.7626064], [-42.8798941, -20.7621151], [-42.8796186, -20.7616865], [-42.8795592, -20.7615916], [-42.8794108, -20.7613546]]}}, {"type": "Feature", "properties": {"osm_id": 148897597, "highway": "residential", "name": "Rua Emídio Aniceto Dornelo"}, "geometry": {"type": "LineString", "coordinates": [[-42.8766958, -20.7629436], [-42.8773234, -20.7629185], [-42.8776499, -20.762881], [-42.8782172, -20.7628364], [-42.8784447, -20.7627663], [-42.8786024, -20.7626673], [-42.8787263, -20.7625228], [-42.8788311, -20.762296], [-42.8789188, -20.7621117], [-42.8790304, -20.7619597], [-42.8792111, -20.7617912]]}}, {"type": "Feature", "properties": {"osm_id": 148897599, "highway": "residential", "name": "Rua São José"}, "geometry": {"type": "LineString", "coordinates": [[-42.8796001, -20.7606242], [-42.8792807, -20.7608408], [-42.8788026, -20.7611517], [-42.8786304, -20.761254], [-42.8785932, -20.7612794], [-42.8784207, -20.7613982], [-42.8783192, -20.7614635], [-42.8781534, -20.7615694]]}}, {"type": "Feature", "properties": {"osm_id": 148897601, "highway": "residential", "name": "Rua Elvira Santana"}, "geometry": {"type": "LineString", "coordinates": [[-42.8809525, -20.7599673], [-42.8808355, -20.7600713], [-42.8807505, -20.7602519], [-42.8807585, -20.7603961], [-42.8808256, -20.7605315], [-42.8808458, -20.7606218], [-42.8808534, -20.7607537], [-42.8809027, -20.7608585], [-42.8810134, -20.7609207], [-42.8810849, -20.7609768], [-42.8811239, -20.7610654]]}}, {"type": "Feature", "properties": {"osm_id": 148897828, "highway": "tertiary", "name": "Via da Saúde"}, "geometry": {"type": "LineString", "coordinates": [[-42.8623714, -20.7615967], [-42.8621264, -20.7616397], [-42.8611064, -20.7617802], [-42.8609551, -20.7617976], [-42.860898, -20.7618144], [-42.8606205, -20.7618636], [-42.8603693, -20.7619383], [-42.8589688, -20.7624474], [-42.8588583, -20.7625116], [-42.8587181, -20.7626802], [-42.8585788, -20.7629184], [-42.8584094, -20.7632456], [-42.8583103, -20.763506], [-42.8582889, -20.7637443], [-42.8582838, -20.7639727], [-42.8583272, -20.7643577], [-42.8584034, -20.7647487], [-42.8585029, -20.7649899], [-42.8586383, -20.7652156], [-42.8587684, -20.765356], [-42.859038, -20.765499], [-42.8590939, -20.7655236], [-42.8594765, -20.7656457], [-42.8598785, -20.7657453]]}}, {"type": "Feature", "properties": {"osm_id": 148897830, "highway": "track", "name": ""}, "geometry": {"type": "LineString", "coordinates": [[-42.846008, -20.7676551], [-42.8463971, -20.7686634], [-42.8462109, -20.7690822], [-42.845689, -20.7696465]]}}, {"type": "Feature", "properties": {"osm_id": 148897832, "highway": "tertiary", "name": ""}, "geometry": {"type": "LineString", "coordinates": [[-42.8397362, -20.7554298], [-42.8401851, -20.7552103], [-42.8403681, -20.7550891], [-42.8407001, -20.7548692], [-42.8411936, -20.7546184], [-42.8417499, -20.7542928], [-42.8424451, -20.7546059], [-42.8430781, -20.7549771], [-42.8435003, -20.7553608], [-42.8439325, -20.7555127], [-42.8443597, -20.7556137], [-42.8451047, -20.7558077], [-42.8460286, -20.7560812], [-42.8463649, -20.7561534], [-42.8469701, -20.7567046], [-42.8471443, -20.7568632], [-42.8478739, -20.7572143], [-42.8485965, -20.7577084], [-42.8492295, -20.7582301], [-42.8494832, -20.758649], [-42.8498909, -20.759281], [-42.8501317, -20.7601105], [-42.8501961, -20.7603739], [-42.8502993, -20.7605645], [-42.8510571, -20.7613658], [-42.8513937, -20.7616893], [-42.8515238, -20.7617796], [-42.8516713, -20.7618348], [-42.8519744, -20.7618611], [-42.8522466, -20.7618674], [-42.85248, -20.7619213], [-42.8526141, -20.7620053], [-42.852661, -20.7620743], [-42.852661, -20.762132], [-42.8526396, -20.7621947], [-42.8525095, -20.7624029], [-42.8524719, -20.7625095], [-42.8524706, -20.7625985], [-42.8525497, -20.7627979], [-42.8526597, -20.7629433], [-42.8527696, -20.7630412], [-42.8529145, -20.7630763], [-42.853062, -20.7630738], [-42.8532739, -20.7630261], [-42.8536682, -20.7628142], [-42.8539512, -20.7626487], [-42.8541563, -20.7626073], [-42.8542328, -20.7626123], [-42.8543334, -20.7626637], [-42.8544112, -20.7627402], [-42.8546418, -20.763144], [-42.8548457, -20.7634337], [-42.8550576, -20.7636845], [-42.8551112, -20.7637622], [-42.8551394, -20.7638839], [-42.8551327, -20.7640368], [-42.8551139, -20.7642776], [-42.8551206, -20.7645811], [-42.8551501, -20.764793]]}}, {"type": "Feature", "properties": {"osm_id": 148897833, "highway": "unclassified", "name": ""}, "geometry": {"type": "LineString", "coordinates": [[-42.8616854, -20.7734585], [-42.8618791, -20.7736017], [-42.8619432, -20.7736491], [-42.8622972, -20.7737795], [-42.8627257, -20.7738803], [-42.8628468, -20.7739087], [-42.8631839, -20.7739074], [-42.8634951, -20.7738673], [-42.863692, -20.7736992], [-42.8638422, -20.7734986], [-42.8639602, -20.7734484], [-42.8640889, -20.7735488], [-42.8641925, -20.7739475], [-42.8643893, -20.7743412], [-42.8646109, -20.77475], [-42.8650545, -20.7748528], [-42.8656194, -20.7750911], [-42.8660416, -20.7753544], [-42.866188, -20.7755625], [-42.8662883, -20.776187], [-42.8663205, -20.776498], [-42.8665029, -20.7767989], [-42.8667282, -20.7770597], [-42.8669068, -20.7770572], [-42.8668784, -20.7768189], [-42.8668355, -20.7764277], [-42.8669106, -20.7761067], [-42.8670608, -20.7756955], [-42.8670394, -20.7751839], [-42.8668854, -20.7747099], [-42.8667389, -20.7742209], [-42.8664455, -20.7737068], [-42.8664063, -20.7731876], [-42.8662738, -20.7727437]]}}, {"type": "Feature", "properties": {"osm_id": 148897834, "highway": "residential", "name": ""}, "geometry": {"type": "LineString", "coordinates": [[-42.8509162, -20.7797762], [-42.8508519, -20.7797611], [-42.8508063, -20.7797712], [-42.8507526, -20.779805], [-42.8507057, -20.7798627], [-42.8506386, -20.7799668], [-42.850475, -20.7802263], [-42.8503583, -20.7804194], [-42.8502792, -20.7805411], [-42.850235, -20.7806389], [-42.8502041, -20.7807329], [-42.8501773, -20.7810087], [-42.85018, -20.7811442], [-42.8501708, -20.7812139]]}}, {"type": "Feature", "properties": {"osm_id": 148897835, "highway": "tertiary", "name": ""}, "geometry": {"type": "LineString", "coordinates": [[-42.8563373, -20.7716463], [-42.8561059, -20.7716002], [-42.8557423, -20.7715942], [-42.8554486, -20.7715696], [-42.8550307, -20.7714558], [-42.8545694, -20.7713078], [-42.854433, -20.7714422], [-42.8543886, -20.7715107], [-42.8543112, -20.7716303], [-42.8540859, -20.7720817], [-42.8536675, -20.7728742], [-42.8533064, -20.7733582]]}}, {"type": "Feature", "properties": {"osm_id": 148897836, "highway": "unclassified", "name": ""}, "geometry": {"type": "LineString", "coordinates": [[-42.8403681, -20.7550891], [-42.8408465, -20.7551276], [-42.8414403, -20.7552204], [-42.8419945, -20.755268], [-42.8422949, -20.7553383], [-42.8424987, -20.7557797], [-42.8428566, -20.7562236], [-42.8433249, -20.7562914], [-42.8435824, -20.7562713], [-42.8437433, -20.7565522], [-42.8438506, -20.7570639], [-42.8437969, -20.7573949], [-42.8436398, -20.7576181], [-42.8434536, -20.757726], [-42.8431961, -20.7578163], [-42.8430282, -20.7579492], [-42.8429923, -20.7582376], [-42.8431317, -20.7583881], [-42.8433715, -20.7584408], [-42.8436398, -20.7583104], [-42.8439509, -20.75819], [-42.8443264, -20.7581599], [-42.8447196, -20.7582376], [-42.8451847, -20.7584207], [-42.8456353, -20.7586214], [-42.8460393, -20.7587694], [-42.8463434, -20.7586715], [-42.8465258, -20.7585411], [-42.8466867, -20.7585411], [-42.8468906, -20.7583405], [-42.8470837, -20.7582803], [-42.8472194, -20.7583781], [-42.8473197, -20.7586816], [-42.8473267, -20.7589299], [-42.8473696, -20.7592609], [-42.8473589, -20.7595418], [-42.8475772, -20.759755], [-42.8479705, -20.7601237], [-42.8483889, -20.7604347], [-42.8486142, -20.7608661], [-42.8489076, -20.7613401], [-42.8491399, -20.7617389], [-42.8492472, -20.7621402], [-42.8493867, -20.7623107], [-42.8496281, -20.7624449], [-42.849779, -20.7625251], [-42.8498514, -20.7625546], [-42.8499091, -20.762564], [-42.8500398, -20.7625596], [-42.8501967, -20.7625508], [-42.8503355, -20.7625559], [-42.8505266, -20.7625816], [-42.8506956, -20.7625972], [-42.8507654, -20.762591], [-42.8508914, -20.7625283], [-42.8510182, -20.7624223], [-42.8512649, -20.7622568], [-42.8514782, -20.7621778], [-42.8517618, -20.7621132], [-42.8520347, -20.7620517], [-42.8522352, -20.7620499], [-42.852425, -20.7620768], [-42.8525128, -20.7621038], [-42.8526396, -20.7621947]]}}, {"type": "Feature", "properties": {"osm_id": 148897837, "highway": "residential", "name": ""}, "geometry": {"type": "LineString", "coordinates": [[-42.8526871, -20.7785332], [-42.8515316, -20.7783286]]}}, {"type": "Feature", "properties": {"osm_id": 148897838, "highway": "unclassified", "name": ""}, "geometry": {"type": "LineString", "coordinates": [[-42.8469701, -20.7567046], [-42.846837, -20.7568958], [-42.8468332, -20.7571541], [-42.8469121, -20.7574677], [-42.846919, -20.7576859], [-42.8466224, -20.7581198], [-42.8462576, -20.758501], [-42.8460607, -20.758649], [-42.8460393, -20.7587694]]}}, {"type": "Feature", "properties": {"osm_id": 148897839, "highway": "track", "name": ""}, "geometry": {"type": "LineString", "coordinates": [[-42.8588854, -20.7725958], [-42.8588854, -20.7728666], [-42.8588318, -20.7731375], [-42.8589139, -20.7734961], [-42.8589031, -20.7738271]]}}, {"type": "Feature", "properties": {"osm_id": 148897982, "highway": "service", "name": ""}, "geometry": {"type": "LineString", "coordinates": [[-42.8679563, -20.7634669], [-42.8679356, -20.763483], [-42.867897, -20.7635131], [-42.8676354, -20.7637171]]}}, {"type": "Feature", "properties": {"osm_id": 148898023, "highway": "service", "name": ""}, "geometry": {"type": "LineString", "coordinates": [[-42.8697741, -20.7592885], [-42.8698469, -20.7592339], [-42.8698839, -20.7592425], [-42.8700434, -20.7594199], [-42.8702228, -20.7596196], [-42.8702413, -20.7596401], [-42.8702505, -20.7596775], [-42.8702074, -20.7597208], [-42.8701488, -20.7597524], [-42.8700987, -20.7597375], [-42.8697375, -20.759317], [-42.8697741, -20.7592885]]}}, {"type": "Feature", "properties": {"osm_id": 148898379, "highway": "residential", "name": "Rua da Mantiqueira"}, "geometry": {"type": "LineString", "coordinates": [[-42.8600316, -20.7353901], [-42.8601469, -20.7353224], [-42.8603387, -20.7352095], [-42.8608174, -20.7349185], [-42.8613192, -20.7346478], [-42.8614533, -20.73455], [-42.8615673, -20.7344258], [-42.8616598, -20.7342201], [-42.8617336, -20.7340219], [-42.8617953, -20.7338426], [-42.8619441, -20.733381], [-42.8620246, -20.7331703], [-42.8621198, -20.7329909], [-42.8621493, -20.7329019], [-42.8621426, -20.7328204], [-42.8621185, -20.7327576], [-42.8620513, -20.7326508], [-42.861983, -20.7325708], [-42.8619227, -20.7324729]]}}, {"type": "Feature", "properties": {"osm_id": 148898381, "highway": "residential", "name": "Rua Tiradentes"}, "geometry": {"type": "LineString", "coordinates": [[-42.8635491, -20.7383056], [-42.8635667, -20.7381953], [-42.8635741, -20.7381461], [-42.8636921, -20.7373865], [-42.8638738, -20.7374147]]}}, {"type": "Feature", "properties": {"osm_id": 148898382, "highway": "tertiary", "name": "Avenida Quinquim Fontes"}, "geometry": {"type": "LineString", "coordinates": [[-42.8637135, -20.740272], [-42.8636018, -20.7402171], [-42.8635585, -20.7401593], [-42.8635284, -20.7400914], [-42.8634245, -20.739584], [-42.8633969, -20.7394478], [-42.8633536, -20.7393692], [-42.8632898, -20.7393097], [-42.8632074, -20.7392713], [-42.8626636, -20.7390721], [-42.8624329, -20.7389291], [-42.8621735, -20.7386738], [-42.8619214, -20.738285], [-42.8618934, -20.7382309], [-42.861798, -20.7380467], [-42.861697, -20.7378824], [-42.8615424, -20.7377326], [-42.8614532, -20.7376704], [-42.8609621, -20.737328], [-42.8606348, -20.7371048], [-42.8605262, -20.7370245], [-42.8599854, -20.7363586]]}}, {"type": "Feature", "properties": {"osm_id": 148898384, "highway": "tertiary", "name": "Rua da Violeira"}, "geometry": {"type": "LineString", "coordinates": [[-42.8502859, -20.7290655], [-42.850261, -20.7294017], [-42.8502552, -20.730069], [-42.8503772, -20.730323], [-42.8504502, -20.7305895], [-42.850447, -20.7308869], [-42.8504514, -20.731022], [-42.8505059, -20.7311408], [-42.8506199, -20.7312312], [-42.8508693, -20.7313943], [-42.8512642, -20.7315643], [-42.8516525, -20.7317003], [-42.8519073, -20.731753], [-42.8522319, -20.7317806], [-42.8524277, -20.7318207], [-42.8528193, -20.7319486], [-42.8530848, -20.7320866], [-42.8533423, -20.7322697], [-42.8535596, -20.7324629], [-42.8537863, -20.7326309], [-42.8543595, -20.732954], [-42.8547428, -20.7331936], [-42.8548619, -20.733268], [-42.8553447, -20.7335515], [-42.8555378, -20.7336466], [-42.8558194, -20.7337547], [-42.8559953, -20.7337872], [-42.8561883, -20.7337822], [-42.8564351, -20.7337596], [-42.8566387, -20.7337548], [-42.8569016, -20.7337999], [-42.8572127, -20.7339078], [-42.8574112, -20.7339881], [-42.8579047, -20.7340984], [-42.8582105, -20.7342163], [-42.8583714, -20.7343041], [-42.8585002, -20.7344045], [-42.8587468, -20.7346476], [-42.8590928, -20.7350289], [-42.859461, -20.735618], [-42.8599854, -20.7363586]]}}, {"type": "Feature", "properties": {"osm_id": 148898386, "highway": "service", "name": ""}, "geometry": {"type": "LineString", "coordinates": [[-42.8758201, -20.7717616], [-42.8759816, -20.7717233], [-42.8756973, -20.7712518]]}}, {"type": "Feature", "properties": {"osm_id": 148898387, "highway": "residential", "name": "Rua Santa Maria"}, "geometry": {"type": "LineString", "coordinates": [[-42.8610052, -20.7361477], [-42.8608273, -20.7362581], [-42.8606972, -20.7363508], [-42.8607407, -20.7364174], [-42.860996, -20.7367598], [-42.8612282, -20.7370783]]}}, {"type": "Feature", "properties": {"osm_id": 148898389, "highway": "service", "name": ""}, "geometry": {"type": "LineString", "coordinates": [[-42.8784228, -20.7771379], [-42.8784978, -20.7771847], [-42.8785532, -20.7772192], [-42.8788263, -20.7774059]]}}, {"type": "Feature", "properties": {"osm_id": 148898390, "highway": "residential", "name": "Rua Tiradentes"}, "geometry": {"type": "LineString", "coordinates": [[-42.8599605, -20.7347931], [-42.8598875, -20.7346823], [-42.8597246, -20.7343468], [-42.859557, -20.7340433], [-42.859439, -20.73382], [-42.8592888, -20.7337297], [-42.8592405, -20.7336946], [-42.8591828, -20.7336319], [-42.8590098, -20.7333609], [-42.8588784, -20.7331716], [-42.8587228, -20.7329646], [-42.8584479, -20.7326435], [-42.8582051, -20.7323876], [-42.8580093, -20.7321982]]}}, {"type": "Feature", "properties": {"osm_id": 148898391, "highway": "residential", "name": "Rua C"}, "geometry": {"type": "LineString", "coordinates": [[-42.8592753, -20.7342113], [-42.8592566, -20.7342389], [-42.8592472, -20.7342702], [-42.85951, -20.7351545], [-42.8596791, -20.7357314]]}}, {"type": "Feature", "properties": {"osm_id": 148898392, "highway": "residential", "name": "Rua A"}, "geometry": {"type": "LineString", "coordinates": [[-42.859439, -20.73382], [-42.8597714, -20.7339477], [-42.8601684, -20.7340982], [-42.8604469, -20.7342032], [-42.860575, -20.7342514]]}}, {"type": "Feature", "properties": {"osm_id": 148898393, "highway": "residential", "name": "Avenida Quinquim Fontes"}, "geometry": {"type": "LineString", "coordinates": [[-42.8599854, -20.7363586], [-42.8599884, -20.7363079], [-42.8599958, -20.7361822], [-42.8600233, -20.7358381], [-42.8600316, -20.7353901], [-42.8600235, -20.7352396], [-42.8599605, -20.7347931]]}}, {"type": "Feature", "properties": {"osm_id": 148898394, "highway": "residential", "name": "Rua Santa Luzia"}, "geometry": {"type": "LineString", "coordinates": [[-42.8636921, -20.7373865], [-42.8635258, -20.7371783], [-42.8633663, -20.7370027], [-42.8631101, -20.7367142], [-42.8628459, -20.7363931], [-42.8628229, -20.7363166], [-42.8627076, -20.7360394]]}}, {"type": "Feature", "properties": {"osm_id": 148898395, "highway": "service", "name": ""}, "geometry": {"type": "LineString", "coordinates": [[-42.8759816, -20.7717233], [-42.8765073, -20.772581]]}}, {"type": "Feature", "properties": {"osm_id": 148898396, "highway": "residential", "name": "Rua Rui Barbosa"}, "geometry": {"type": "LineString", "coordinates": [[-42.8617107, -20.7371117], [-42.8622351, -20.7367756], [-42.8624375, -20.7366406], [-42.8628459, -20.7363931]]}}, {"type": "Feature", "properties": {"osm_id": 148898398, "highway": "residential", "name": "Rua B"}, "geometry": {"type": "LineString", "coordinates": [[-42.8598875, -20.7346823], [-42.8598078, -20.7346553], [-42.8597341, -20.7346189], [-42.859675, -20.7345688], [-42.8592753, -20.7342113], [-42.8590876, -20.7340445], [-42.8588127, -20.7337924], [-42.8584237, -20.7333823], [-42.8580858, -20.7330261], [-42.8577116, -20.7326473]]}}, {"type": "Feature", "properties": {"osm_id": 148898509, "highway": "residential", "name": "Rua Ervália"}, "geometry": {"type": "LineString", "coordinates": [[-42.8649465, -20.736067], [-42.8650771, -20.7355106], [-42.8652401, -20.7348349], [-42.8653539, -20.7341706], [-42.8654377, -20.7336206]]}}, {"type": "Feature", "properties": {"osm_id": 148898510, "highway": "residential", "name": "Rua Senador Firmino"}, "geometry": {"type": "LineString", "coordinates": [[-42.8637897, -20.7379589], [-42.8639652, -20.7379731], [-42.8642892, -20.738029], [-42.8645889, -20.738272]]}}, {"type": "Feature", "properties": {"osm_id": 148898511, "highway": "residential", "name": ""}, "geometry": {"type": "LineString", "coordinates": [[-42.8642318, -20.736303], [-42.8642938, -20.7360826], [-42.8643569, -20.7358718], [-42.8643783, -20.7358079]]}}, {"type": "Feature", "properties": {"osm_id": 148898512, "highway": "residential", "name": "Rua São Geraldo"}, "geometry": {"type": "LineString", "coordinates": [[-42.8653754, -20.7378116], [-42.8660635, -20.7380192], [-42.8663417, -20.7381044]]}}, {"type": "Feature", "properties": {"osm_id": 148898513, "highway": "residential", "name": ""}, "geometry": {"type": "LineString", "coordinates": [[-42.8639652, -20.7379731], [-42.8638955, -20.7383602], [-42.8638848, -20.7388318], [-42.8638894, -20.7388826], [-42.8639304, -20.7390977], [-42.8639813, -20.7393497], [-42.8640403, -20.7394213]]}}, {"type": "Feature", "properties": {"osm_id": 148898514, "highway": "residential", "name": "Rua Coimbra"}, "geometry": {"type": "LineString", "coordinates": [[-42.8660635, -20.7380192], [-42.865993, -20.7377532], [-42.8659716, -20.7375375], [-42.8660056, -20.7372334], [-42.8659359, -20.7369525], [-42.8656846, -20.7364865]]}}, {"type": "Feature", "properties": {"osm_id": 148898515, "highway": "residential", "name": "Rua Hotel Mundial"}, "geometry": {"type": "LineString", "coordinates": [[-42.8639304, -20.7390977], [-42.8641772, -20.7389785], [-42.8643944, -20.7389008], [-42.8646828, -20.7388256], [-42.8649644, -20.7388393], [-42.8652581, -20.7388393], [-42.8657663, -20.7386474], [-42.8659394, -20.7386311], [-42.8663471, -20.7387415], [-42.8665469, -20.7388054], [-42.8668272, -20.7387302], [-42.8669546, -20.7386587], [-42.8671491, -20.7384906], [-42.8676238, -20.738004]]}}, {"type": "Feature", "properties": {"osm_id": 148898516, "highway": "residential", "name": "Rua Teixeiras"}, "geometry": {"type": "LineString", "coordinates": [[-42.8643783, -20.7358079], [-42.8644347, -20.7355206], [-42.864525, -20.7349959], [-42.8646693, -20.7343192], [-42.864739, -20.7339279], [-42.8648007, -20.7337084], [-42.8648423, -20.7336143], [-42.8648597, -20.7335936], [-42.8648892, -20.7335829], [-42.8649268, -20.7335842]]}}, {"type": "Feature", "properties": {"osm_id": 148898517, "highway": "residential", "name": "Rua Porto Firme"}, "geometry": {"type": "LineString", "coordinates": [[-42.8660667, -20.7336745], [-42.8661297, -20.7337272], [-42.8666098, -20.7344622]]}}, {"type": "Feature", "properties": {"osm_id": 148898518, "highway": "residential", "name": "Rua Senador Firmino"}, "geometry": {"type": "LineString", "coordinates": [[-42.8645889, -20.738272], [-42.864918, -20.7386068]]}}, {"type": "Feature", "properties": {"osm_id": 148898645, "highway": "residential", "name": "Rua Luisa Gouveia"}, "geometry": {"type": "LineString", "coordinates": [[-42.8658827, -20.7275674], [-42.8664637, -20.7276113]]}}, {"type": "Feature", "properties": {"osm_id": 148898646, "highway": "residential", "name": "Rua Camilo Rosa de Oliveira"}, "geometry": {"type": "LineString", "coordinates": [[-42.8664114, -20.7254036], [-42.86641, -20.72576], [-42.8663953, -20.7259895], [-42.8663832, -20.7260535], [-42.8663363, -20.7261614], [-42.8662477, -20.7262956], [-42.8661445, -20.7264285], [-42.8660131, -20.7265916]]}}, {"type": "Feature", "properties": {"osm_id": 148898648, "highway": "secondary", "name": ""}, "geometry": {"type": "LineString", "coordinates": [[-42.8585176, -20.7120033], [-42.8584345, -20.712051], [-42.8583272, -20.7121024], [-42.8582212, -20.7121588], [-42.8581247, -20.7122241], [-42.8580469, -20.712283], [-42.8579611, -20.7123608], [-42.8578846, -20.7124423], [-42.8578122, -20.7125101], [-42.8577063, -20.7125979], [-42.857611, -20.7126782], [-42.8574944, -20.7127923], [-42.8573187, -20.7129817], [-42.8571068, -20.7131762], [-42.856856, -20.7134296], [-42.8567474, -20.7135575], [-42.8566401, -20.7137168], [-42.8565475, -20.7138787], [-42.8564832, -20.7140267], [-42.8564376, -20.7141872], [-42.8564121, -20.714329], [-42.8563799, -20.7145259], [-42.8563732, -20.714625], [-42.8563719, -20.7148169], [-42.8563812, -20.7149135], [-42.8563946, -20.7150139], [-42.8564322, -20.7151293], [-42.8564671, -20.7152196], [-42.8565167, -20.71533], [-42.8565985, -20.7155332], [-42.856687, -20.7157201], [-42.8567809, -20.7159459], [-42.8568439, -20.7161077], [-42.8569056, -20.7162708], [-42.8569713, -20.7164527], [-42.857029, -20.7166158], [-42.8571349, -20.7168315], [-42.8571886, -20.716977], [-42.8572556, -20.717105], [-42.8573227, -20.7172078], [-42.8574488, -20.7173358], [-42.8576016, -20.7174763], [-42.8577331, -20.7175716], [-42.8579155, -20.7178074], [-42.8579959, -20.717978], [-42.8580308, -20.7180859], [-42.8580523, -20.7182389], [-42.8580388, -20.7185049], [-42.8580013, -20.718678], [-42.8579021, -20.7189037], [-42.8577387, -20.7191663], [-42.8570733, -20.7200578], [-42.856805, -20.7204516], [-42.8566682, -20.720705], [-42.8564, -20.7213648], [-42.8563061, -20.7215856], [-42.856223, -20.721711], [-42.855995, -20.7219293], [-42.8555927, -20.7223256], [-42.8553459, -20.722579], [-42.8551903, -20.7226919], [-42.8549956, -20.7227765], [-42.8548192, -20.7228007], [-42.8545345, -20.7227871], [-42.8543704, -20.7227365], [-42.8541522, -20.7226219], [-42.8540109, -20.722515], [-42.8538613, -20.7223708], [-42.85364, -20.7221224], [-42.8535005, -20.7219393], [-42.8533557, -20.7217787], [-42.8531975, -20.7216533], [-42.8529748, -20.7215329], [-42.8527737, -20.7214426], [-42.8526101, -20.7213347], [-42.8524008, -20.7211716], [-42.8523016, -20.7210851], [-42.8522171, -20.7210324], [-42.8521205, -20.721001], [-42.8519905, -20.7209822], [-42.8518016, -20.7209722], [-42.8516619, -20.7209584], [-42.8515559, -20.7209358], [-42.8514782, -20.7209032], [-42.8512944, -20.7208041], [-42.8509927, -20.7206147], [-42.8507379, -20.7204441], [-42.8504194, -20.7202375], [-42.8501879, -20.7200784], [-42.8501108, -20.7200209], [-42.8500462, -20.7199591], [-42.8499769, -20.7198736], [-42.8498998, -20.719744], [-42.8498415, -20.719582], [-42.8497668, -20.719287], [-42.8497229, -20.7191921], [-42.8496477, -20.7190646], [-42.8495506, -20.7189797], [-42.8494097, -20.7189123], [-42.8491591, -20.7188068], [-42.8488647, -20.7186633], [-42.8487629, -20.7185959], [-42.8486893, -20.71853], [-42.8485781, -20.718385], [-42.8484131, -20.7181017], [-42.8483244, -20.717879], [-42.8482544, -20.7175645], [-42.8482474, -20.7173134], [-42.8482357, -20.7171278], [-42.8481937, -20.7169422], [-42.8481003, -20.7167653], [-42.8479275, -20.7165579], [-42.8477408, -20.7164225], [-42.847547, -20.7163373], [-42.8472949, -20.716298], [-42.8470567, -20.7163046], [-42.8468489, -20.7163832], [-42.8466062, -20.7165404], [-42.8465092, -20.7166216]]}}, {"type": "Feature", "properties": {"osm_id": 148898649, "highway": "tertiary", "name": "Rua Juquinha Moreira"}, "geometry": {"type": "LineString", "coordinates": [[-42.8667681, -20.7243614], [-42.8671141, -20.7239588], [-42.8673676, -20.7236439], [-42.8675285, -20.7234257], [-42.8675795, -20.7233366], [-42.8676985, -20.7230669]]}}, {"type": "Feature", "properties": {"osm_id": 148898651, "highway": "residential", "name": "Avenida Coronel Aristides Bittencourt"}, "geometry": {"type": "LineString", "coordinates": [[-42.8667681, -20.7243614], [-42.8671707, -20.7246979], [-42.8675334, -20.7249366]]}}, {"type": "Feature", "properties": {"osm_id": 148898653, "highway": "tertiary", "name": "Avenida Coronel Aristides Bittencourt"}, "geometry": {"type": "LineString", "coordinates": [[-42.8656051, -20.7245725], [-42.8657521, -20.7242738], [-42.8658471, -20.7241791], [-42.8659487, -20.7241055], [-42.8660131, -20.7240817], [-42.8661083, -20.7240679], [-42.8662263, -20.7240754], [-42.8663926, -20.7241193], [-42.866689, -20.7243112], [-42.8667681, -20.7243614]]}}, {"type": "Feature", "properties": {"osm_id": 149079568, "highway": "residential", "name": "Rua Moacir Fortunato Souza"}, "geometry": {"type": "LineString", "coordinates": [[-42.881778, -20.7424807], [-42.8815084, -20.7425822], [-42.8805898, -20.7429096]]}}, {"type": "Feature", "properties": {"osm_id": 149079569, "highway": "residential", "name": "Rua B"}, "geometry": {"type": "LineString", "coordinates": [[-42.8792218, -20.7397817], [-42.8791438, -20.739666], [-42.8791156, -20.7395932], [-42.8790609, -20.7393371], [-42.8790139, -20.7390161], [-42.8789791, -20.7388655], [-42.8789278, -20.7387567], [-42.8788617, -20.7386831], [-42.8787946, -20.7386668], [-42.8787061, -20.7386857], [-42.8786417, -20.7387132], [-42.8785953, -20.7387817], [-42.8785861, -20.7388543], [-42.8785828, -20.7389365], [-42.8785894, -20.7391459], [-42.8785935, -20.7392174], [-42.8785915, -20.7393434]]}}, {"type": "Feature", "properties": {"osm_id": 149079571, "highway": "residential", "name": "Rua Rafael Arcanjo Freitas"}, "geometry": {"type": "LineString", "coordinates": [[-42.8785915, -20.7393434], [-42.878521, -20.739225], [-42.8783976, -20.738934], [-42.8783574, -20.7387734], [-42.8782582, -20.7381639], [-42.8782313, -20.7379507], [-42.8781965, -20.7378127], [-42.8781769, -20.7376655], [-42.8781715, -20.7375363], [-42.8781777, -20.7373938], [-42.8782252, -20.7370233], [-42.8782439, -20.7368402], [-42.8782501, -20.7366338], [-42.8782555, -20.7362123], [-42.878293, -20.7357872], [-42.8783096, -20.7357252], [-42.8783338, -20.7356813], [-42.8784298, -20.7355915]]}}, {"type": "Feature", "properties": {"osm_id": 149079572, "highway": "residential", "name": "Rua Amador Bezerra Reco"}, "geometry": {"type": "LineString", "coordinates": [[-42.8806595, -20.7418586], [-42.8813073, -20.7417244]]}}, {"type": "Feature", "properties": {"osm_id": 149079576, "highway": "residential", "name": "Rua Vicente da Paixão"}, "geometry": {"type": "LineString", "coordinates": [[-42.8804477, -20.7407474], [-42.8812898, -20.7405261]]}}, {"type": "Feature", "properties": {"osm_id": 149079578, "highway": "residential", "name": "Rua Padre Antônio Pinto"}, "geometry": {"type": "LineString", "coordinates": [[-42.8806274, -20.7420969], [-42.8805027, -20.7421083], [-42.8803269, -20.7421408], [-42.8798938, -20.7422273]]}}, {"type": "Feature", "properties": {"osm_id": 149079712, "highway": "trunk", "name": "Rua Francisco de Souza Fortes"}, "geometry": {"type": "LineString", "coordinates": [[-42.8798822, -20.7385577], [-42.8798948, -20.7384469], [-42.8799042, -20.7383666], [-42.8799267, -20.7382666], [-42.8799735, -20.7380899]]}}, {"type": "Feature", "properties": {"osm_id": 149080160, "highway": "residential", "name": "Rua São Lucas"}, "geometry": {"type": "LineString", "coordinates": [[-42.8777659, -20.7354585], [-42.87774, -20.7359567], [-42.877719, -20.7363603]]}}, {"type": "Feature", "properties": {"osm_id": 149080162, "highway": "residential", "name": "Rua Rita de Oliveira Pimentel"}, "geometry": {"type": "LineString", "coordinates": [[-42.8789822, -20.7360041], [-42.878796, -20.7358988], [-42.8786063, -20.7357589], [-42.8784298, -20.7355915], [-42.8783463, -20.735442], [-42.8783132, -20.7352779], [-42.8783091, -20.7351914], [-42.8783145, -20.7350108], [-42.878336, -20.7347323], [-42.8782099, -20.7347047], [-42.8779631, -20.7346997], [-42.877821, -20.7347298], [-42.8776547, -20.7347499], [-42.8774412, -20.7347156], [-42.8773983, -20.734698], [-42.877334, -20.7346654], [-42.8770684, -20.7345249], [-42.8769627, -20.7344585], [-42.8768883, -20.7343717], [-42.8768464, -20.7343094], [-42.8768221, -20.7342733], [-42.8766319, -20.7339906], [-42.8764495, -20.7336896], [-42.8763655, -20.7334597], [-42.8763476, -20.7333585], [-42.8761265, -20.7332429], [-42.8760653, -20.7331802], [-42.8759345, -20.7330123], [-42.8758165, -20.7327464], [-42.8757038, -20.7325508], [-42.8756375, -20.7324099], [-42.8752787, -20.732255], [-42.8749119, -20.7321178], [-42.8748416, -20.7320764], [-42.8747372, -20.7319811], [-42.8745172, -20.731818], [-42.8742069, -20.7315766]]}}, {"type": "Feature", "properties": {"osm_id": 149080163, "highway": "residential", "name": "Rua Geraldo Frontino"}, "geometry": {"type": "LineString", "coordinates": [[-42.8790682, -20.7345538], [-42.8789153, -20.734471], [-42.8786961, -20.7343115], [-42.8783742, -20.7340506], [-42.8781339, -20.733815], [-42.8779783, -20.733504], [-42.8779502, -20.7332368], [-42.8778483, -20.7328793], [-42.8778335, -20.7325206], [-42.877855, -20.7322208], [-42.8778966, -20.7319474], [-42.8780266, -20.7316979], [-42.8782429, -20.7314371], [-42.8782966, -20.7313084], [-42.878246, -20.7310842], [-42.878119, -20.7308471], [-42.8779289, -20.7306684], [-42.8778271, -20.7305602], [-42.8777327, -20.7304398], [-42.8776681, -20.7303345], [-42.8776306, -20.7302191], [-42.8775508, -20.7298174], [-42.8775229, -20.7296814], [-42.8775031, -20.7296029]]}}, {"type": "Feature", "properties": {"osm_id": 149080165, "highway": "residential", "name": "Rua Maria das Neves Costa Amaral"}, "geometry": {"type": "LineString", "coordinates": [[-42.8783463, -20.735442], [-42.8782354, -20.7354385], [-42.8781147, -20.7354384], [-42.8779256, -20.7354435], [-42.8777659, -20.7354585], [-42.8776533, -20.7354688], [-42.8776049, -20.7354732], [-42.8774641, -20.7354853], [-42.877177, -20.7355146], [-42.8769625, -20.735571], [-42.8768605, -20.7356186], [-42.8767116, -20.7357177], [-42.8765901, -20.7357978], [-42.8764086, -20.7359147], [-42.8762557, -20.7359974], [-42.8759144, -20.7361579], [-42.8758004, -20.7362231], [-42.875673, -20.7363034], [-42.8753015, -20.7365354], [-42.8752144, -20.7365818], [-42.8750601, -20.7366483], [-42.8748697, -20.7366972], [-42.8744486, -20.7368126], [-42.8743024, -20.7368603], [-42.8740382, -20.7369556], [-42.8739497, -20.7370083], [-42.8738867, -20.7370572], [-42.873711, -20.7372089], [-42.8736037, -20.7372779], [-42.8734924, -20.7373344], [-42.8734012, -20.7373758], [-42.8732671, -20.7374134], [-42.8730217, -20.7374711], [-42.8727695, -20.7374999], [-42.8726032, -20.7375024], [-42.8724504, -20.7374924], [-42.871765, -20.7373995], [-42.8714579, -20.7373369], [-42.8711468, -20.7372591], [-42.8710516, -20.7372165], [-42.8709416, -20.737145], [-42.8706774, -20.7368904], [-42.8705165, -20.7367185], [-42.8704306, -20.7366445], [-42.8703488, -20.7366057], [-42.8702174, -20.7365705], [-42.8698097, -20.7364752], [-42.8696917, -20.7364313], [-42.8695951, -20.7363699], [-42.8694436, -20.7361956], [-42.8692641, -20.7359429], [-42.8690898, -20.7356355], [-42.8689506, -20.7353875]]}}, {"type": "Feature", "properties": {"osm_id": 149080166, "highway": "residential", "name": "Rua Professor Miguel Ribon"}, "geometry": {"type": "LineString", "coordinates": [[-42.8750601, -20.7366483], [-42.8751368, -20.7370469], [-42.8751661, -20.7370923], [-42.875223, -20.7371237], [-42.8752868, -20.7371275], [-42.875354, -20.7371122], [-42.8758954, -20.7368132]]}}, {"type": "Feature", "properties": {"osm_id": 149080167, "highway": "residential", "name": ""}, "geometry": {"type": "LineString", "coordinates": [[-42.8749119, -20.7321178], [-42.8750028, -20.7320806], [-42.875172, -20.7320125], [-42.8753169, -20.7319287], [-42.8754204, -20.7318457], [-42.8754463, -20.7317229], [-42.8754184, -20.7314518], [-42.8754184, -20.7313163]]}}, {"type": "Feature", "properties": {"osm_id": 149080169, "highway": "residential", "name": "Rua Santa Edwiges"}, "geometry": {"type": "LineString", "coordinates": [[-42.875215, -20.7354243], [-42.8750537, -20.7352609], [-42.8748659, -20.7350666], [-42.874705, -20.7348934], [-42.8746318, -20.7347869], [-42.8745942, -20.7347231], [-42.8745533, -20.7346571], [-42.874496, -20.7346603], [-42.8744099, -20.7346877]]}}, {"type": "Feature", "properties": {"osm_id": 149080171, "highway": "residential", "name": "Rua Paulo César Vieira"}, "geometry": {"type": "LineString", "coordinates": [[-42.8759016, -20.7348778], [-42.8757745, -20.7349883], [-42.8755919, -20.7351144], [-42.8754389, -20.7352411], [-42.875215, -20.7354243], [-42.8750943, -20.7355245], [-42.874918, -20.7356662], [-42.8747483, -20.7357792], [-42.8744989, -20.7358732], [-42.874245, -20.7359558], [-42.8738927, -20.7360702], [-42.8735616, -20.7361379], [-42.8730534, -20.7362194]]}}, {"type": "Feature", "properties": {"osm_id": 149080172, "highway": "residential", "name": "Rua Rita de Oliveira Pimentel"}, "geometry": {"type": "LineString", "coordinates": [[-42.8763476, -20.7333585], [-42.8763036, -20.7331877], [-42.8762499, -20.7329519], [-42.8761963, -20.7327813]]}}, {"type": "Feature", "properties": {"osm_id": 149080173, "highway": "residential", "name": "Rua Maria Pimentel Vieira"}, "geometry": {"type": "LineString", "coordinates": [[-42.8763655, -20.7334597], [-42.8767999, -20.7332058], [-42.8770088, -20.7330837]]}}, {"type": "Feature", "properties": {"osm_id": 149080174, "highway": "residential", "name": "Rua Bromélia"}, "geometry": {"type": "LineString", "coordinates": [[-42.8738927, -20.7360702], [-42.8739845, -20.7358896], [-42.8740994, -20.7356789], [-42.8741214, -20.7356123], [-42.8741209, -20.7355347], [-42.8740972, -20.735423], [-42.8740529, -20.7352324], [-42.8739962, -20.7350154]]}}, {"type": "Feature", "properties": {"osm_id": 149080175, "highway": "residential", "name": "Travessa Sebastião Augusto de Oliveira"}, "geometry": {"type": "LineString", "coordinates": [[-42.8762831, -20.7353652], [-42.8765111, -20.7352095], [-42.8767546, -20.7350504]]}}, {"type": "Feature", "properties": {"osm_id": 149080176, "highway": "residential", "name": "Rua Paulo César Vieira"}, "geometry": {"type": "LineString", "coordinates": [[-42.8768221, -20.7342733], [-42.8765615, -20.7343795], [-42.8763308, -20.7345224], [-42.8761109, -20.7346955], [-42.8759016, -20.7348778]]}}, {"type": "Feature", "properties": {"osm_id": 149080182, "highway": "residential", "name": "Rua José Soares Valente"}, "geometry": {"type": "LineString", "coordinates": [[-42.870671, -20.7357399], [-42.8709059, -20.7354409], [-42.8711355, -20.7351345], [-42.871474, -20.7346876]]}}, {"type": "Feature", "properties": {"osm_id": 149080183, "highway": "residential", "name": "Rua Antônio Ivo Valente"}, "geometry": {"type": "LineString", "coordinates": [[-42.8728801, -20.7367018], [-42.8730317, -20.7366609], [-42.8732919, -20.7365794], [-42.8737479, -20.7364264]]}}, {"type": "Feature", "properties": {"osm_id": 149080184, "highway": "residential", "name": "Rua Jorge Antônio da Silva"}, "geometry": {"type": "LineString", "coordinates": [[-42.8704416, -20.7355535], [-42.8706731, -20.7352474], [-42.8711641, -20.7345698]]}}, {"type": "Feature", "properties": {"osm_id": 149080185, "highway": "residential", "name": "Rua Luís Pímentel"}, "geometry": {"type": "LineString", "coordinates": [[-42.871765, -20.7373995], [-42.8716584, -20.7378381], [-42.8716494, -20.7378817], [-42.8716584, -20.7379013], [-42.8716982, -20.7379207], [-42.8720231, -20.7380086], [-42.872278, -20.7380775], [-42.8727742, -20.7382027]]}}, {"type": "Feature", "properties": {"osm_id": 149080186, "highway": "residential", "name": "Rua Antônio Vitor de Oliveira"}, "geometry": {"type": "LineString", "coordinates": [[-42.8722874, -20.7364769], [-42.8724396, -20.7359786], [-42.8725625, -20.7355664]]}}, {"type": "Feature", "properties": {"osm_id": 149080187, "highway": "residential", "name": "Rua Rosângela Maria Vieira da Costa"}, "geometry": {"type": "LineString", "coordinates": [[-42.8718998, -20.7363655], [-42.8721744, -20.7354755]]}}, {"type": "Feature", "properties": {"osm_id": 149080188, "highway": "residential", "name": "Travessa São Judas Tadeu"}, "geometry": {"type": "LineString", "coordinates": [[-42.8692641, -20.7359429], [-42.868773, -20.7362583]]}}, {"type": "Feature", "properties": {"osm_id": 149080552, "highway": "residential", "name": ""}, "geometry": {"type": "LineString", "coordinates": [[-42.8800651, -20.7387955], [-42.8807654, -20.7387088]]}}, {"type": "Feature", "properties": {"osm_id": 149080553, "highway": "residential", "name": "Rua Maria de Castro Silva"}, "geometry": {"type": "LineString", "coordinates": [[-42.8831662, -20.7440476], [-42.8831491, -20.74398], [-42.8830335, -20.7436125], [-42.8829117, -20.7433299], [-42.8827525, -20.7429604], [-42.8827008, -20.7428652], [-42.882681, -20.7428287], [-42.8826537, -20.7427777], [-42.8826369, -20.7427378], [-42.8825591, -20.7425867], [-42.8825328, -20.7425037], [-42.8825034, -20.7422033], [-42.8825258, -20.7417974]]}}, {"type": "Feature", "properties": {"osm_id": 149080554, "highway": "unclassified", "name": ""}, "geometry": {"type": "LineString", "coordinates": [[-42.8811783, -20.7364253], [-42.8809847, -20.7362048], [-42.8808783, -20.7360689], [-42.8806256, -20.7356613], [-42.8805549, -20.7355707], [-42.8804476, -20.7355131], [-42.8803028, -20.7354704]]}}, {"type": "Feature", "properties": {"osm_id": 149080778, "highway": "residential", "name": "Avenida Maria de Castro Silva"}, "geometry": {"type": "LineString", "coordinates": [[-42.8825821, -20.7414473], [-42.8829005, -20.7414918], [-42.8830652, -20.7415209], [-42.8831363, -20.741546], [-42.8831982, -20.7415884], [-42.8833135, -20.7416762], [-42.8834554, -20.7417718], [-42.8835238, -20.741832], [-42.8835831, -20.741922]]}}, {"type": "Feature", "properties": {"osm_id": 149080779, "highway": "residential", "name": ""}, "geometry": {"type": "LineString", "coordinates": [[-42.8825328, -20.7425037], [-42.8824644, -20.7424565], [-42.8824319, -20.7424104], [-42.8824107, -20.742316], [-42.8824066, -20.7422279], [-42.8824349, -20.7419524], [-42.8824268, -20.741901], [-42.8823895, -20.7418631], [-42.8822766, -20.7418019], [-42.8822152, -20.741759], [-42.8821935, -20.7417065], [-42.8821746, -20.74163]]}}, {"type": "Feature", "properties": {"osm_id": 149119231, "highway": "residential", "name": "Rua dos Estudantes"}, "geometry": {"type": "LineString", "coordinates": [[-42.8778306, -20.7554855], [-42.8777618, -20.7554689], [-42.877722, -20.7554614], [-42.8769324, -20.7552899], [-42.876623, -20.7552264], [-42.8764067, -20.7552071], [-42.8762833, -20.7552197]]}}, {"type": "Feature", "properties": {"osm_id": 149299153, "highway": "residential", "name": "Rua José Gregorio"}, "geometry": {"type": "LineString", "coordinates": [[-42.9021183, -20.778323], [-42.9022604, -20.7781662], [-42.9023214, -20.778101], [-42.902412, -20.7780433], [-42.9026386, -20.7779468], [-42.9028827, -20.7778195], [-42.902988, -20.7777487], [-42.9031509, -20.7776308], [-42.9033045, -20.7775387], [-42.90357, -20.7774374], [-42.9037423, -20.777439], [-42.9038416, -20.7774409], [-42.9039837, -20.7774615], [-42.9040971, -20.7775023], [-42.9042386, -20.7775782], [-42.904376, -20.7776245], [-42.9045095, -20.777654], [-42.9047897, -20.7776684], [-42.905068, -20.7776709], [-42.9051887, -20.7776678]]}}, {"type": "Feature", "properties": {"osm_id": 149299156, "highway": "residential", "name": "Rua Major Marciano Pinheiro"}, "geometry": {"type": "LineString", "coordinates": [[-42.8964528, -20.7662067], [-42.8968391, -20.7660787], [-42.8973299, -20.7658906], [-42.8975446, -20.7657903], [-42.8977913, -20.7656574]]}}, {"type": "Feature", "properties": {"osm_id": 149299157, "highway": "residential", "name": "Rua Rafael Silva Araujo"}, "geometry": {"type": "LineString", "coordinates": [[-42.9016713, -20.7742284], [-42.9016264, -20.7742415], [-42.9015034, -20.7742716], [-42.9011916, -20.7743443], [-42.9007389, -20.774444], [-42.9005452, -20.774481], [-42.900338, -20.7745111], [-42.9001334, -20.7745763], [-42.8991102, -20.7748058], [-42.8985996, -20.7749378], [-42.8982157, -20.7750164]]}}, {"type": "Feature", "properties": {"osm_id": 149299161, "highway": "residential", "name": "Rua Francisco Santana"}, "geometry": {"type": "LineString", "coordinates": [[-42.8950367, -20.7707886], [-42.8951565, -20.7710437], [-42.8953156, -20.7713078], [-42.8953934, -20.7714106], [-42.8954791, -20.7714917], [-42.8955811, -20.7715435], [-42.8957091, -20.7715953]]}}, {"type": "Feature", "properties": {"osm_id": 149299162, "highway": "residential", "name": "Rua Antônio V. Pinheiro"}, "geometry": {"type": "LineString", "coordinates": [[-42.8948676, -20.7670393], [-42.8947568, -20.7670209], [-42.8946334, -20.7670184], [-42.8945458, -20.7670292], [-42.8944278, -20.767082]]}}, {"type": "Feature", "properties": {"osm_id": 149299163, "highway": "residential", "name": "Rua Antônio Valério Pinheiro"}, "geometry": {"type": "LineString", "coordinates": [[-42.8969535, -20.7676128], [-42.8971834, -20.7676863], [-42.8973309, -20.7677565], [-42.8974329, -20.7678367], [-42.8975445, -20.7679317], [-42.8979165, -20.7682423], [-42.8981857, -20.7684498]]}}, {"type": "Feature", "properties": {"osm_id": 149299165, "highway": "residential", "name": "Rua F. Comastri"}, "geometry": {"type": "LineString", "coordinates": [[-42.8955222, -20.7703824], [-42.89538, -20.7705303], [-42.8952325, -20.7706557], [-42.8950367, -20.7707886], [-42.8948918, -20.7708488], [-42.8947353, -20.7709107], [-42.8945431, -20.7709792]]}}, {"type": "Feature", "properties": {"osm_id": 149299167, "highway": "residential", "name": "Rua José Borges Ferreira"}, "geometry": {"type": "LineString", "coordinates": [[-42.8973014, -20.7692701], [-42.8974248, -20.7693578], [-42.8974784, -20.7694681], [-42.897549, -20.7698574], [-42.8975753, -20.7701365], [-42.8976314, -20.7704139], [-42.8977252, -20.7707396], [-42.8977743, -20.7709396], [-42.8978446, -20.7714475]]}}, {"type": "Feature", "properties": {"osm_id": 149299168, "highway": "residential", "name": ""}, "geometry": {"type": "LineString", "coordinates": [[-42.9015845, -20.7749224], [-42.9015731, -20.7749964], [-42.9015651, -20.7750315], [-42.9015443, -20.7750917], [-42.9014873, -20.7751563], [-42.9014544, -20.7752121], [-42.9014347, -20.7753466], [-42.901437, -20.7754917], [-42.9014269, -20.7757061], [-42.9013921, -20.775881], [-42.9013813, -20.7759732], [-42.9013867, -20.7761431], [-42.9013713, -20.776234], [-42.9013404, -20.7763205], [-42.9012975, -20.7763882], [-42.9011973, -20.7764913]]}}, {"type": "Feature", "properties": {"osm_id": 149299172, "highway": "residential", "name": "Rua João Martins de Oliveira"}, "geometry": {"type": "LineString", "coordinates": [[-42.8997184, -20.7664158], [-42.9002358, -20.766812], [-42.9004914, -20.7670234], [-42.9010761, -20.7674849], [-42.9014677, -20.7678135], [-42.9016581, -20.7679664], [-42.9017781, -20.7680787]]}}, {"type": "Feature", "properties": {"osm_id": 149299173, "highway": "residential", "name": "Rua Alípio Augusto"}, "geometry": {"type": "LineString", "coordinates": [[-42.9016328, -20.7746089], [-42.9015771, -20.7746541], [-42.9014857, -20.7746996], [-42.9012398, -20.7747632], [-42.900757, -20.774871], [-42.9006484, -20.774886], [-42.9002112, -20.7750202], [-42.8996426, -20.7751468], [-42.8991357, -20.7752785], [-42.8990422, -20.775319], [-42.8989724, -20.7753716], [-42.8989462, -20.7753957]]}}, {"type": "Feature", "properties": {"osm_id": 149299176, "highway": "residential", "name": "Rua Adilia Parreira"}, "geometry": {"type": "LineString", "coordinates": [[-42.901835, -20.7783233], [-42.9018204, -20.7782423], [-42.9017695, -20.7779013], [-42.9017065, -20.7775405], [-42.9016556, -20.7773274], [-42.9015696, -20.7771], [-42.9014356, -20.7768296], [-42.9013175, -20.7766587], [-42.9011973, -20.7764913]]}}, {"type": "Feature", "properties": {"osm_id": 149299178, "highway": "residential", "name": "Rua Cirílio da Paixão"}, "geometry": {"type": "LineString", "coordinates": [[-42.8968042, -20.767566], [-42.8967953, -20.76751], [-42.8968133, -20.7674546], [-42.8968784, -20.7674122], [-42.8970906, -20.7673251], [-42.8972759, -20.7672519], [-42.8974766, -20.7671564], [-42.8977582, -20.7670209], [-42.8980658, -20.7668602], [-42.8982545, -20.7668103], [-42.8983644, -20.7668203], [-42.8984798, -20.7668905], [-42.8986085, -20.7670937], [-42.898646, -20.7673696], [-42.8986809, -20.7676881], [-42.8986863, -20.7678185], [-42.8986617, -20.7679543], [-42.898608, -20.7680564], [-42.8981857, -20.7684498], [-42.8980916, -20.7685284], [-42.8980023, -20.7686035], [-42.8978928, -20.7686995]]}}, {"type": "Feature", "properties": {"osm_id": 149299180, "highway": "residential", "name": ""}, "geometry": {"type": "LineString", "coordinates": [[-42.90357, -20.7774374], [-42.903633, -20.7773813], [-42.9037618, -20.7773224], [-42.9039254, -20.7772521], [-42.9040287, -20.7771957], [-42.9041567, -20.7770816], [-42.9043056, -20.7768898], [-42.904437, -20.7766917], [-42.9045443, -20.7765362], [-42.904653, -20.7764271], [-42.9048313, -20.7763343]]}}, {"type": "Feature", "properties": {"osm_id": 149299183, "highway": "residential", "name": "Travessa Maria Aparecida Santana"}, "geometry": {"type": "LineString", "coordinates": [[-42.8940218, -20.7675099], [-42.8940157, -20.7673467], [-42.8940157, -20.7671762], [-42.8940165, -20.7670134], [-42.894063, -20.7668662], [-42.8942024, -20.7666355], [-42.8943768, -20.76648], [-42.8945834, -20.7663697], [-42.894873, -20.7662418]]}}, {"type": "Feature", "properties": {"osm_id": 149299187, "highway": "residential", "name": "Rua Maria Clementina Ladeira"}, "geometry": {"type": "LineString", "coordinates": [[-42.8954175, -20.7671647], [-42.8954756, -20.7676504], [-42.8955382, -20.7680425], [-42.8955892, -20.7684738], [-42.8955463, -20.7685516], [-42.8954309, -20.7685992], [-42.8952861, -20.7686393], [-42.8950715, -20.768692]]}}, {"type": "Feature", "properties": {"osm_id": 149299188, "highway": "residential", "name": "Rua Adilia Parreira"}, "geometry": {"type": "LineString", "coordinates": [[-42.9011973, -20.7764913], [-42.9010279, -20.7763669], [-42.9005277, -20.7761261], [-42.9002514, -20.776002], [-42.8999658, -20.7758892], [-42.899558, -20.7756957], [-42.8992791, -20.7755556], [-42.8989462, -20.7753957], [-42.8986716, -20.775249], [-42.8982157, -20.7750164], [-42.8980628, -20.7750302], [-42.8979307, -20.7750497]]}}, {"type": "Feature", "properties": {"osm_id": 149299191, "highway": "residential", "name": "Rua J. Cardoso"}, "geometry": {"type": "LineString", "coordinates": [[-42.8970796, -20.7699477], [-42.8969366, -20.7699371], [-42.8968642, -20.7699522], [-42.8967998, -20.7699948]]}}, {"type": "Feature", "properties": {"osm_id": 149299194, "highway": "tertiary", "name": "Rua Antônio Júlio"}, "geometry": {"type": "LineString", "coordinates": [[-42.9036874, -20.7739719], [-42.9037075, -20.7738208], [-42.9037363, -20.7734804], [-42.9037276, -20.773202], [-42.9037229, -20.7729675], [-42.9037316, -20.7728936], [-42.9037648, -20.7728434], [-42.9038201, -20.7728227]]}}, {"type": "Feature", "properties": {"osm_id": 149299195, "highway": "residential", "name": ""}, "geometry": {"type": "LineString", "coordinates": [[-42.8957037, -20.7692304], [-42.8958216, -20.769283], [-42.895937, -20.7693207], [-42.8960317, -20.7693666]]}}, {"type": "Feature", "properties": {"osm_id": 149299199, "highway": "residential", "name": "Rua Rahme Curi"}, "geometry": {"type": "LineString", "coordinates": [[-42.8956761, -20.7717915], [-42.8957091, -20.7715953], [-42.8957183, -20.7715529], [-42.8957492, -20.771149], [-42.8957774, -20.7708702], [-42.8958171, -20.7705077], [-42.8959459, -20.7700814], [-42.8960022, -20.7699158], [-42.8960301, -20.7697543], [-42.8960317, -20.7693666], [-42.8961937, -20.7691048], [-42.8962857, -20.7690223], [-42.8966451, -20.7687565], [-42.8967336, -20.7686386], [-42.896773, -20.768548], [-42.896875, -20.7682004], [-42.8969072, -20.7681502], [-42.8969715, -20.76809], [-42.897103, -20.7680173]]}}, {"type": "Feature", "properties": {"osm_id": 149299202, "highway": "residential", "name": "Rua Agenor Pires Dantas"}, "geometry": {"type": "LineString", "coordinates": [[-42.9019148, -20.7678882], [-42.9017781, -20.7680787], [-42.901593, -20.768327], [-42.9014803, -20.7684349], [-42.9013248, -20.7685879], [-42.9012603, -20.7687107], [-42.9012308, -20.7688487], [-42.9011987, -20.7691622], [-42.901137, -20.7695734], [-42.9011504, -20.7699045], [-42.9011746, -20.770058], [-42.9012335, -20.7701854], [-42.9015884, -20.7707377], [-42.9017544, -20.7709666], [-42.9018655, -20.7711453], [-42.9019862, -20.7713431], [-42.9021961, -20.7717726], [-42.9022577, -20.7719318], [-42.9023154, -20.7721149], [-42.9023295, -20.772234], [-42.9022323, -20.7724923], [-42.9020351, -20.7727644], [-42.9019171, -20.7730089], [-42.9018326, -20.773266], [-42.9017924, -20.7734892], [-42.9017548, -20.7737425], [-42.9017267, -20.7739845], [-42.9016713, -20.7742284], [-42.9016583, -20.7743469], [-42.9016422, -20.7745168], [-42.9016328, -20.7746089], [-42.9016006, -20.7747682], [-42.9015845, -20.7749224]]}}, {"type": "Feature", "properties": {"osm_id": 149299205, "highway": "residential", "name": ""}, "geometry": {"type": "LineString", "coordinates": [[-42.8942963, -20.7662568], [-42.8946102, -20.7661916], [-42.8947872, -20.7661565]]}}, {"type": "Feature", "properties": {"osm_id": 149299213, "highway": "residential", "name": "Rua S. Paranhos"}, "geometry": {"type": "LineString", "coordinates": [[-42.8971244, -20.7680863], [-42.8977936, -20.7686355], [-42.8978928, -20.7686995], [-42.8981445, -20.768932], [-42.8982134, -20.7690556], [-42.8982571, -20.7691777], [-42.8983751, -20.7696754], [-42.8984422, -20.7699377]]}}, {"type": "Feature", "properties": {"osm_id": 149299215, "highway": "tertiary", "name": "Rua Joaquim Oliveira"}, "geometry": {"type": "LineString", "coordinates": [[-42.8979307, -20.7750497], [-42.8980881, -20.7752643], [-42.8982666, -20.7754917], [-42.8984222, -20.7756283], [-42.8989291, -20.7759957], [-42.8992443, -20.7761399], [-42.8996399, -20.776296], [-42.899821, -20.7763556], [-42.900281, -20.7765688], [-42.9007731, -20.7768659], [-42.9010561, -20.7770804], [-42.901378, -20.7773562], [-42.9014423, -20.777444], [-42.9014973, -20.7775619], [-42.9015309, -20.7777349], [-42.9015637, -20.7779073], [-42.9015905, -20.778022], [-42.9016368, -20.7781694], [-42.9017267, -20.7783142]]}}, {"type": "Feature", "properties": {"osm_id": 149299217, "highway": "residential", "name": "Rua Janote S. Reis"}, "geometry": {"type": "LineString", "coordinates": [[-42.896764, -20.7666455], [-42.8971261, -20.7665051], [-42.8975687, -20.7662769], [-42.897912, -20.7660637]]}}, {"type": "Feature", "properties": {"osm_id": 149299218, "highway": "residential", "name": "Rua Antônio Valério Pinheiro"}, "geometry": {"type": "LineString", "coordinates": [[-42.8948676, -20.7670393], [-42.8950662, -20.7670869], [-42.8954175, -20.7671647], [-42.8957877, -20.7672524], [-42.8959504, -20.7673018], [-42.8962382, -20.7673904], [-42.8966969, -20.7675359], [-42.8968042, -20.767566], [-42.8969535, -20.7676128]]}}, {"type": "Feature", "properties": {"osm_id": 149299223, "highway": "residential", "name": "Rua Antônio Santos"}, "geometry": {"type": "LineString", "coordinates": [[-42.897229, -20.7687308], [-42.8977761, -20.7691497], [-42.8978521, -20.769233], [-42.8978923, -20.7693433], [-42.89797, -20.7697341], [-42.8980157, -20.7700506], [-42.8981745, -20.7706825], [-42.8982348, -20.7708688], [-42.898259, -20.7710067], [-42.8982671, -20.7711572]]}}, {"type": "Feature", "properties": {"osm_id": 149299225, "highway": "residential", "name": "Rua Aziz Alexandre"}, "geometry": {"type": "LineString", "coordinates": [[-42.8986085, -20.7670937], [-42.8989088, -20.7669833], [-42.8991342, -20.7668454], [-42.8993634, -20.7666876], [-42.8995303, -20.7665565], [-42.8997184, -20.7664158], [-42.8998557, -20.7663062], [-42.9000649, -20.7661507], [-42.9003243, -20.7659874]]}}, {"type": "Feature", "properties": {"osm_id": 149299230, "highway": "residential", "name": "Rua Antônio Ferreira Silva"}, "geometry": {"type": "LineString", "coordinates": [[-42.8957877, -20.7672524], [-42.8958726, -20.7676404], [-42.8960497, -20.7683753], [-42.896063, -20.7685131], [-42.896047, -20.7686235], [-42.8960014, -20.7687539], [-42.8957037, -20.7692304]]}}, {"type": "Feature", "properties": {"osm_id": 149299232, "highway": "residential", "name": "Rua S. S. Domingues"}, "geometry": {"type": "LineString", "coordinates": [[-42.8958216, -20.769283], [-42.8957358, -20.7695439], [-42.8956527, -20.7697421], [-42.8955588, -20.7699376], [-42.8954649, -20.7700931], [-42.8953397, -20.7702895]]}}, {"type": "Feature", "properties": {"osm_id": 149299233, "highway": "residential", "name": "Rua Efigênia Soares da Silva"}, "geometry": {"type": "LineString", "coordinates": [[-42.8973189, -20.7711421], [-42.8971352, -20.7712468], [-42.8968806, -20.7713763], [-42.8968247, -20.7714101], [-42.8966526, -20.7714898], [-42.8964947, -20.7715528], [-42.8963573, -20.771566], [-42.8961662, -20.7715531]]}}, {"type": "Feature", "properties": {"osm_id": 149299236, "highway": "residential", "name": "Avenida Vicentina de Barros"}, "geometry": {"type": "LineString", "coordinates": [[-42.8936151, -20.7663321], [-42.8939988, -20.7662861], [-42.8942963, -20.7662568], [-42.8947604, -20.7662518], [-42.894873, -20.7662418], [-42.8952754, -20.7662267]]}}, {"type": "Feature", "properties": {"osm_id": 149299238, "highway": "residential", "name": "Travessa Maria Marciano Pinheiro"}, "geometry": {"type": "LineString", "coordinates": [[-42.8952754, -20.7662267], [-42.8955919, -20.7660662], [-42.8959084, -20.7659258], [-42.8961417, -20.765838], [-42.8964717, -20.7657302], [-42.8969303, -20.7656349], [-42.8973809, -20.7655646], [-42.8975177, -20.7655345], [-42.897692, -20.7654492]]}}, {"type": "Feature", "properties": {"osm_id": 149299243, "highway": "residential", "name": "Rua Maria Aparecida Sant Ana"}, "geometry": {"type": "LineString", "coordinates": [[-42.8966807, -20.766543], [-42.8965199, -20.7665352], [-42.8960425, -20.7665076], [-42.8957904, -20.7665076], [-42.8956124, -20.7665494], [-42.8951922, -20.7667133], [-42.8950581, -20.766801], [-42.8949482, -20.7669064], [-42.8948676, -20.7670393]]}}, {"type": "Feature", "properties": {"osm_id": 149299244, "highway": "residential", "name": ""}, "geometry": {"type": "LineString", "coordinates": [[-42.8983751, -20.7696754], [-42.89797, -20.7697341]]}}, {"type": "Feature", "properties": {"osm_id": 149301572, "highway": "residential", "name": "Rua Francisco Damasceno"}, "geometry": {"type": "LineString", "coordinates": [[-42.9041447, -20.7728252], [-42.904148, -20.7729738], [-42.9041675, -20.7734516], [-42.904193, -20.7739049]]}}, {"type": "Feature", "properties": {"osm_id": 149301573, "highway": "residential", "name": ""}, "geometry": {"type": "LineString", "coordinates": [[-42.9002514, -20.776002], [-42.9000731, -20.7760973], [-42.8998558, -20.7761976], [-42.8996399, -20.776296]]}}, {"type": "Feature", "properties": {"osm_id": 149301577, "highway": "tertiary", "name": "Rua Cláudio José Mariano Rocha"}, "geometry": {"type": "LineString", "coordinates": [[-42.9027358, -20.7721456], [-42.9025481, -20.7721719], [-42.9023295, -20.772234], [-42.9022054, -20.7722791], [-42.901838, -20.7723594], [-42.9012157, -20.7724923], [-42.9003896, -20.7726904], [-42.8999275, -20.772822]]}}, {"type": "Feature", "properties": {"osm_id": 149301578, "highway": "residential", "name": "Rua Joaquim Nogueira"}, "geometry": {"type": "LineString", "coordinates": [[-42.8985361, -20.770391], [-42.898646, -20.7703465], [-42.8987747, -20.7702963], [-42.8989357, -20.7702712]]}}, {"type": "Feature", "properties": {"osm_id": 149301581, "highway": "residential", "name": "Rua Luis Mitchel"}, "geometry": {"type": "LineString", "coordinates": [[-42.9018326, -20.773266], [-42.9016663, -20.7733011], [-42.9009917, -20.7734716], [-42.9001375, -20.7736798], [-42.8998652, -20.7737525], [-42.8988701, -20.7739744], [-42.8978486, -20.774193], [-42.8977087, -20.7743456], [-42.8975505, -20.7746252], [-42.8974774, -20.7747506]]}}, {"type": "Feature", "properties": {"osm_id": 149301583, "highway": "residential", "name": "Rua José Casimiro Silva"}, "geometry": {"type": "LineString", "coordinates": [[-42.8975994, -20.7722158], [-42.8974459, -20.7724559], [-42.8972796, -20.7726954], [-42.8970677, -20.7729149], [-42.8969798, -20.7729857], [-42.8968859, -20.7730327], [-42.8968162, -20.773034], [-42.8967012, -20.773003], [-42.8966325, -20.7729942], [-42.8965983, -20.7730005], [-42.8965473, -20.773029], [-42.8965245, -20.773061], [-42.8965031, -20.7732045], [-42.8964642, -20.7732986], [-42.8963797, -20.773365], [-42.8962825, -20.773392], [-42.8961759, -20.7734029], [-42.8961269, -20.7733945], [-42.8960256, -20.7733575], [-42.8959881, -20.7732923], [-42.8959934, -20.7731418], [-42.8959827, -20.7730208], [-42.8959559, -20.7729575], [-42.8958794, -20.7729048], [-42.8957963, -20.772866], [-42.8957279, -20.7728196], [-42.8956394, -20.7727418], [-42.8954986, -20.772624], [-42.895349, -20.7725205]]}}, {"type": "Feature", "properties": {"osm_id": 149301584, "highway": "residential", "name": "Rua Geraldo Rodrigues da Cunha"}, "geometry": {"type": "LineString", "coordinates": [[-42.9000426, -20.7672537], [-42.8998549, -20.767512], [-42.8996698, -20.7678606], [-42.8994499, -20.7683371], [-42.8991985, -20.7688993], [-42.899136, -20.7691045], [-42.8990779, -20.7694436], [-42.8990931, -20.7696287], [-42.8991503, -20.7697771], [-42.8993346, -20.7700926]]}}, {"type": "Feature", "properties": {"osm_id": 149301586, "highway": "residential", "name": "Rua Maria Muanis"}, "geometry": {"type": "LineString", "coordinates": [[-42.9020351, -20.7727644], [-42.901921, -20.7727741], [-42.9017407, -20.7728183], [-42.9014558, -20.7729086], [-42.9010199, -20.7730139], [-42.9004888, -20.7731481], [-42.9000355, -20.7732484], [-42.899825, -20.7733136], [-42.8992389, -20.7734378], [-42.898677, -20.7735707], [-42.8981499, -20.773686], [-42.8977543, -20.7737675]]}}, {"type": "Feature", "properties": {"osm_id": 149301588, "highway": "residential", "name": ""}, "geometry": {"type": "LineString", "coordinates": [[-42.9039006, -20.7728196], [-42.90391, -20.7725563], [-42.903914, -20.7721657]]}}, {"type": "Feature", "properties": {"osm_id": 149301589, "highway": "residential", "name": "Rua José D. Duarte"}, "geometry": {"type": "LineString", "coordinates": [[-42.9015715, -20.7714719], [-42.9011136, -20.77068], [-42.9008822, -20.7702208], [-42.9007167, -20.7698925], [-42.900622, -20.7696763]]}}, {"type": "Feature", "properties": {"osm_id": 149301591, "highway": "tertiary", "name": ""}, "geometry": {"type": "LineString", "coordinates": [[-42.8979307, -20.7750497], [-42.8977691, -20.7749939], [-42.8975482, -20.7749553], [-42.8972947, -20.7749453], [-42.8970636, -20.7749675], [-42.8969698, -20.7749964], [-42.8966291, -20.7751067], [-42.8963904, -20.7751688], [-42.8962959, -20.7751776], [-42.8961792, -20.775155], [-42.8959385, -20.7750465], [-42.8956126, -20.7748396], [-42.8955013, -20.7747945], [-42.8953859, -20.774792], [-42.895107, -20.7748171], [-42.8949018, -20.774807], [-42.8947636, -20.7747393], [-42.8946195, -20.7746008], [-42.8944834, -20.7744522], [-42.8943627, -20.7741738], [-42.8942681, -20.7739544], [-42.894128, -20.7737826], [-42.8939509, -20.7736447], [-42.8937712, -20.7735431], [-42.8934219, -20.7733807], [-42.8933508, -20.7733186], [-42.8933005, -20.7732133], [-42.8932341, -20.7730422], [-42.8930938, -20.7728618], [-42.8930135, -20.772723], [-42.8929491, -20.7724798], [-42.8927761, -20.7716058], [-42.8926997, -20.7714164], [-42.8926183, -20.7712866], [-42.8922454, -20.7709004], [-42.8920031, -20.7706557], [-42.8919387, -20.7705579], [-42.8919226, -20.7704225], [-42.8919494, -20.7703121], [-42.8920004, -20.7701918], [-42.8920916, -20.7700488], [-42.8922397, -20.7698335]]}}, {"type": "Feature", "properties": {"osm_id": 149301593, "highway": "residential", "name": "Rua José Santana Rocha"}, "geometry": {"type": "LineString", "coordinates": [[-42.8991549, -20.7729934], [-42.8990565, -20.7725763]]}}, {"type": "Feature", "properties": {"osm_id": 149301595, "highway": "residential", "name": "Rua Alfa Chequer"}, "geometry": {"type": "LineString", "coordinates": [[-42.8970636, -20.7749675], [-42.8971441, -20.7748848], [-42.89724, -20.7748315], [-42.8974774, -20.7747506], [-42.8976993, -20.7747055], [-42.8983806, -20.7745437], [-42.8986073, -20.7744735], [-42.8990015, -20.774397], [-42.8998116, -20.7742164], [-42.9002675, -20.7741099], [-42.9008321, -20.7739757], [-42.9017548, -20.7737425]]}}, {"type": "Feature", "properties": {"osm_id": 149301596, "highway": "residential", "name": "Rua Nicolau Martins"}, "geometry": {"type": "LineString", "coordinates": [[-42.8961759, -20.7734029], [-42.8962362, -20.7737475], [-42.896318, -20.7741249], [-42.8963515, -20.7743318], [-42.896393, -20.774502], [-42.8964118, -20.7745534]]}}, {"type": "Feature", "properties": {"osm_id": 149301599, "highway": "residential", "name": "Rua Joaquim Nogueira"}, "geometry": {"type": "LineString", "coordinates": [[-42.900338, -20.7745111], [-42.9002675, -20.7741099], [-42.9001375, -20.7736798], [-42.9000355, -20.7732484], [-42.8999275, -20.772822]]}}, {"type": "Feature", "properties": {"osm_id": 149301601, "highway": "residential", "name": "Rua Ricardo A. da Silva"}, "geometry": {"type": "LineString", "coordinates": [[-42.9032274, -20.774061], [-42.9032609, -20.7736522], [-42.9032958, -20.7732233], [-42.9032904, -20.7730353], [-42.9033051, -20.7728785], [-42.90333, -20.7727763], [-42.9033642, -20.7726791], [-42.9034647, -20.7724722], [-42.9035626, -20.7722616], [-42.9036015, -20.7721249], [-42.9036203, -20.7718992]]}}, {"type": "Feature", "properties": {"osm_id": 149301604, "highway": "residential", "name": ""}, "geometry": {"type": "LineString", "coordinates": [[-42.9002358, -20.766812], [-42.8998763, -20.7671135]]}}, {"type": "Feature", "properties": {"osm_id": 149301605, "highway": "residential", "name": ""}, "geometry": {"type": "LineString", "coordinates": [[-42.9005452, -20.774481], [-42.9006484, -20.774886]]}}, {"type": "Feature", "properties": {"osm_id": 149301607, "highway": "residential", "name": "Rua José V. Lopes"}, "geometry": {"type": "LineString", "coordinates": [[-42.8978486, -20.774193], [-42.8977543, -20.7737675], [-42.8977064, -20.7734961], [-42.8976926, -20.773345], [-42.8976858, -20.7731176], [-42.8976916, -20.7729014], [-42.8977936, -20.7726318], [-42.8979662, -20.772313]]}}, {"type": "Feature", "properties": {"osm_id": 149301609, "highway": "residential", "name": "Rua Santana do Garambel"}, "geometry": {"type": "LineString", "coordinates": [[-42.9027446, -20.7723945], [-42.9026742, -20.7724948], [-42.9025233, -20.7727067], [-42.9023704, -20.7729412], [-42.9023107, -20.7730396], [-42.9022638, -20.7731512], [-42.9022336, -20.7732791], [-42.9022068, -20.7735406], [-42.9022054, -20.7738867], [-42.9021961, -20.7742164], [-42.9021598, -20.7743268], [-42.9020982, -20.7744083], [-42.9020002, -20.774471], [-42.9018433, -20.7745036], [-42.9016422, -20.7745168]]}}, {"type": "Feature", "properties": {"osm_id": 149301614, "highway": "residential", "name": "Rua Maria dos Anjos"}, "geometry": {"type": "LineString", "coordinates": [[-42.9007159, -20.7678179], [-42.9005549, -20.7679634], [-42.900453, -20.7680838], [-42.9004047, -20.7682067], [-42.9003699, -20.7683671], [-42.9003323, -20.7686105], [-42.9002545, -20.7688964], [-42.9002143, -20.7690744], [-42.9001553, -20.7695585], [-42.9001633, -20.7696763], [-42.9002089, -20.7697791]]}}, {"type": "Feature", "properties": {"osm_id": 149301615, "highway": "residential", "name": "Rua Gilberto Mello"}, "geometry": {"type": "LineString", "coordinates": [[-42.9037387, -20.7708302], [-42.903838, -20.7709405], [-42.9039514, -20.7710512], [-42.904066, -20.7711738], [-42.904107, -20.7712694], [-42.9041265, -20.7713901], [-42.9041621, -20.7717462], [-42.9041735, -20.7719757], [-42.9041849, -20.772061], [-42.9042218, -20.7721211], [-42.9043422, -20.7722221], [-42.9044209, -20.7722867], [-42.9044451, -20.7723249], [-42.9044558, -20.7723845], [-42.9044994, -20.7726259], [-42.904553, -20.7728252], [-42.9045992, -20.7729785], [-42.9046288, -20.7731581], [-42.9046381, -20.7733383], [-42.9046166, -20.7736293], [-42.9046045, -20.7738589]]}}, {"type": "Feature", "properties": {"osm_id": 149301617, "highway": "residential", "name": "Rua Vitor de Carvalho"}, "geometry": {"type": "LineString", "coordinates": [[-42.8989088, -20.7669833], [-42.8992469, -20.7672667], [-42.8993166, -20.7673545], [-42.8993345, -20.7674568], [-42.8993023, -20.7675771], [-42.8991924, -20.7678932], [-42.8991468, -20.7680712], [-42.8990958, -20.7682644]]}}, {"type": "Feature", "properties": {"osm_id": 149301622, "highway": "residential", "name": "Rua Francisco Estabão Araújo"}, "geometry": {"type": "LineString", "coordinates": [[-42.9014803, -20.7684349], [-42.9013569, -20.768332], [-42.90109, -20.7681189], [-42.9007159, -20.7678179], [-42.9003189, -20.7674896], [-42.9000426, -20.7672537], [-42.8998763, -20.7671135], [-42.8997404, -20.7669984], [-42.8993634, -20.7666876]]}}, {"type": "Feature", "properties": {"osm_id": 149301624, "highway": "residential", "name": "Rua José Augusto de Castro"}, "geometry": {"type": "LineString", "coordinates": [[-42.9017544, -20.7709666], [-42.9019229, -20.7708626], [-42.9020543, -20.7708374], [-42.9021669, -20.770875], [-42.9022536, -20.7709734], [-42.9024762, -20.7713371], [-42.9026908, -20.7718336], [-42.9027358, -20.7721456]]}}, {"type": "Feature", "properties": {"osm_id": 149301626, "highway": "residential", "name": "Rua José B. Santana"}, "geometry": {"type": "LineString", "coordinates": [[-42.9006515, -20.7717227], [-42.9003734, -20.7711916], [-42.9000569, -20.7705596], [-42.8997422, -20.7699196]]}}, {"type": "Feature", "properties": {"osm_id": 149301630, "highway": "residential", "name": "Rua João Bosco R. de Andrade"}, "geometry": {"type": "LineString", "coordinates": [[-42.9021961, -20.7717726], [-42.9009117, -20.7721365], [-42.8998129, -20.7723963]]}}, {"type": "Feature", "properties": {"osm_id": 149302887, "highway": "residential", "name": ""}, "geometry": {"type": "LineString", "coordinates": [[-42.906904, -20.7724001], [-42.9069664, -20.772224], [-42.907029, -20.7720075], [-42.9070673, -20.771866], [-42.9071796, -20.7715356]]}}, {"type": "Feature", "properties": {"osm_id": 149302894, "highway": "tertiary", "name": "Rua Germano de Carvalho"}, "geometry": {"type": "LineString", "coordinates": [[-42.9061862, -20.7723108], [-42.906148, -20.7722729], [-42.9059739, -20.7721362], [-42.9056534, -20.7719707], [-42.9055327, -20.7719042], [-42.9054006, -20.7717989], [-42.9053027, -20.7717531], [-42.9051974, -20.7717456], [-42.9050392, -20.7717751]]}}, {"type": "Feature", "properties": {"osm_id": 149302895, "highway": "residential", "name": "Rua Deco Vidigal"}, "geometry": {"type": "LineString", "coordinates": [[-42.8952927, -20.7723606], [-42.895349, -20.7725205], [-42.8954067, -20.772681], [-42.8954657, -20.7728338], [-42.8955561, -20.7730625], [-42.8956473, -20.7734136], [-42.8957117, -20.7736292], [-42.8957881, -20.7738174], [-42.8958754, -20.7741237], [-42.8959465, -20.7744158], [-42.8959673, -20.7746108], [-42.8959968, -20.774745]]}}, {"type": "Feature", "properties": {"osm_id": 149302905, "highway": "residential", "name": "Rua José da Cruz Reis"}, "geometry": {"type": "LineString", "coordinates": [[-42.9057914, -20.7702035], [-42.9056627, -20.7702336], [-42.9054795, -20.7703863], [-42.9053776, -20.7705669], [-42.9053408, -20.7706875], [-42.9053301, -20.7709207], [-42.9053502, -20.7709997], [-42.9053971, -20.7710537], [-42.9054991, -20.7711039], [-42.9068281, -20.7714361], [-42.9071796, -20.7715356], [-42.9078327, -20.7716534], [-42.9080486, -20.7716672], [-42.9082793, -20.7716622], [-42.9085227, -20.771661], [-42.9086843, -20.7716603], [-42.908774, -20.7716781], [-42.9092139, -20.7718637], [-42.9097235, -20.7720744], [-42.9100347, -20.7722399]]}}, {"type": "Feature", "properties": {"osm_id": 149302907, "highway": "residential", "name": "Rua Filomena Petrilha Castro"}, "geometry": {"type": "LineString", "coordinates": [[-42.9098094, -20.772606], [-42.9092944, -20.7723703], [-42.9089878, -20.772202], [-42.9085434, -20.7721546], [-42.9077777, -20.7721036], [-42.9075725, -20.7721023], [-42.9072909, -20.7720484], [-42.907029, -20.7720075], [-42.9067518, -20.7719569], [-42.9064862, -20.7718816], [-42.9062891, -20.7718026], [-42.9058224, -20.771587], [-42.9057051, -20.7715349], [-42.9055716, -20.7714986], [-42.9054455, -20.7714767], [-42.9052618, -20.7714615]]}}, {"type": "Feature", "properties": {"osm_id": 149303994, "highway": "tertiary", "name": ""}, "geometry": {"type": "LineString", "coordinates": [[-42.9050392, -20.7717751], [-42.9049359, -20.771802], [-42.9048716, -20.7718064], [-42.9047844, -20.7717876], [-42.9047274, -20.7717581], [-42.9046831, -20.7716785], [-42.9046509, -20.7715838], [-42.9046261, -20.7713562], [-42.9046141, -20.7712772], [-42.9045514, -20.7710434], [-42.9044987, -20.7708421], [-42.9044786, -20.7707857], [-42.9044209, -20.7706703], [-42.9043981, -20.7706039], [-42.9043874, -20.7705449], [-42.904374, -20.770328], [-42.9043512, -20.7702327], [-42.9043069, -20.7701637], [-42.9042198, -20.7700772], [-42.904036, -20.7699456], [-42.903973, -20.7698967], [-42.9039274, -20.7698402], [-42.9037893, -20.7695869], [-42.9037128, -20.7694615], [-42.9036444, -20.7693712], [-42.9034352, -20.7691205], [-42.9034138, -20.7690452], [-42.9034138, -20.7689524], [-42.9034553, -20.7688747], [-42.9035398, -20.7688045], [-42.903733, -20.7687041], [-42.9040468, -20.7685411], [-42.9041407, -20.7684609], [-42.904197, -20.7683555], [-42.9042077, -20.7682176], [-42.9041836, -20.7678464], [-42.904197, -20.767696], [-42.9042614, -20.7674878], [-42.9044411, -20.7673423], [-42.9046261, -20.7671718], [-42.9049104, -20.7668031], [-42.9051143, -20.7664671], [-42.9053557, -20.7660232], [-42.9054514, -20.7658053], [-42.9054571, -20.7657797], [-42.9054683, -20.7657297], [-42.9054979, -20.7655592], [-42.9055676, -20.7649949], [-42.9055783, -20.7648745], [-42.905581, -20.7646488], [-42.9055944, -20.7645761], [-42.9056346, -20.7644983], [-42.9057795, -20.7643554], [-42.905974, -20.7642235], [-42.9060625, -20.7641635], [-42.9062529, -20.7640745], [-42.9063146, -20.7640657], [-42.906497, -20.7640644], [-42.9065694, -20.7640494], [-42.9066244, -20.7640193], [-42.90667, -20.7639415], [-42.9066919, -20.7638331], [-42.9064056, -20.7638133], [-42.9061362, -20.7638048]]}}, {"type": "Feature", "properties": {"osm_id": 149303996, "highway": "unclassified", "name": ""}, "geometry": {"type": "LineString", "coordinates": [[-42.9039246, -20.763442], [-42.9040096, -20.7633942], [-42.9040816, -20.7633509]]}}, {"type": "Feature", "properties": {"osm_id": 149303997, "highway": "service", "name": ""}, "geometry": {"type": "LineString", "coordinates": [[-42.9042614, -20.7674878], [-42.9041258, -20.7675952], [-42.904056, -20.7676981], [-42.9039434, -20.7679615], [-42.9037637, -20.7682373]]}}, {"type": "Feature", "properties": {"osm_id": 149303999, "highway": "unclassified", "name": ""}, "geometry": {"type": "LineString", "coordinates": [[-42.9058187, -20.7661423], [-42.9059336, -20.7662434], [-42.9060247, -20.7663037], [-42.9061133, -20.7663588], [-42.9062179, -20.766429], [-42.9064995, -20.7666172]]}}, {"type": "Feature", "properties": {"osm_id": 149304000, "highway": "service", "name": ""}, "geometry": {"type": "LineString", "coordinates": [[-42.9066919, -20.7638331], [-42.9070065, -20.7638684], [-42.9071191, -20.763906], [-42.9074034, -20.7640866], [-42.907492, -20.764197], [-42.9076065, -20.7644726]]}}, {"type": "Feature", "properties": {"osm_id": 149304781, "highway": "service", "name": ""}, "geometry": {"type": "LineString", "coordinates": [[-42.8993741, -20.7561872], [-42.8991977, -20.7559954], [-42.899061, -20.7559076], [-42.8986246, -20.7558075]]}}, {"type": "Feature", "properties": {"osm_id": 149304782, "highway": "service", "name": ""}, "geometry": {"type": "LineString", "coordinates": [[-42.8958754, -20.7527266], [-42.8957467, -20.7528307], [-42.8956353, -20.7529511], [-42.8955133, -20.7531003], [-42.8952934, -20.7534126]]}}, {"type": "Feature", "properties": {"osm_id": 149304783, "highway": "unclassified", "name": ""}, "geometry": {"type": "LineString", "coordinates": [[-42.9049104, -20.7668031], [-42.9055125, -20.7671965], [-42.9058478, -20.7674222], [-42.9059309, -20.7674536], [-42.9060315, -20.7674699], [-42.9061616, -20.7674624], [-42.9063681, -20.7674448], [-42.9066954, -20.7674598], [-42.9068911, -20.7675025], [-42.9070467, -20.7675952], [-42.9071808, -20.7677181], [-42.907331, -20.7678912]]}}, {"type": "Feature", "properties": {"osm_id": 149304784, "highway": "residential", "name": ""}, "geometry": {"type": "LineString", "coordinates": [[-42.9015684, -20.7593142], [-42.9016596, -20.7593644], [-42.901728, -20.7594296], [-42.901846, -20.7595575], [-42.901893, -20.7596051], [-42.9019627, -20.7596453], [-42.9020794, -20.7596729], [-42.9023141, -20.7596678], [-42.9026185, -20.759634], [-42.9025135, -20.759573], [-42.9024434, -20.7594924], [-42.9023716, -20.7591832], [-42.9024461, -20.7589273], [-42.9026454, -20.7589629], [-42.9029438, -20.7590221], [-42.9033639, -20.7590734], [-42.9036433, -20.7589509], [-42.903815, -20.7588224], [-42.9040952, -20.7586434], [-42.9043976, -20.7585481], [-42.9047804, -20.7584185], [-42.9051171, -20.7582962], [-42.9056572, -20.7580921], [-42.9063698, -20.757897], [-42.9066765, -20.7578974], [-42.9068707, -20.7578911], [-42.9071331, -20.757905], [-42.9075796, -20.7579249], [-42.9077231, -20.7581549], [-42.9083932, -20.7581802]]}}, {"type": "Feature", "properties": {"osm_id": 149304785, "highway": "residential", "name": ""}, "geometry": {"type": "LineString", "coordinates": [[-42.8940301, -20.7474945], [-42.8944028, -20.7474164]]}}, {"type": "Feature", "properties": {"osm_id": 149304786, "highway": "tertiary", "name": ""}, "geometry": {"type": "LineString", "coordinates": [[-42.9051062, -20.7378022], [-42.9050298, -20.7380355], [-42.9049306, -20.7382926], [-42.9048608, -20.7384481], [-42.9047482, -20.7386463], [-42.9044558, -20.7391141], [-42.9042345, -20.7394389], [-42.9041165, -20.7396496], [-42.9039985, -20.7398955], [-42.9037799, -20.7403557], [-42.9036713, -20.7406216], [-42.9035291, -20.7409966], [-42.9034057, -20.7412437], [-42.9033186, -20.7413955], [-42.9032743, -20.741487], [-42.9032528, -20.7415723], [-42.9032542, -20.7416952], [-42.9032435, -20.7418984], [-42.9032193, -20.7420037], [-42.9031804, -20.7420966], [-42.903104, -20.7421981], [-42.9029873, -20.7423524], [-42.9027312, -20.7427011], [-42.9026225, -20.7428616], [-42.9025179, -20.743066], [-42.902412, -20.7432667], [-42.9023422, -20.7433695], [-42.9022363, -20.7434711], [-42.9021035, -20.7435527], [-42.9019667, -20.7436116], [-42.9018708, -20.7436862], [-42.9018078, -20.7437665], [-42.9014169, -20.7443177], [-42.9011768, -20.7446601], [-42.9010078, -20.7449473], [-42.900922, -20.7450928], [-42.9008523, -20.7451718], [-42.9007812, -20.7452144], [-42.900686, -20.7452408], [-42.9005975, -20.7452746], [-42.9004714, -20.7453511], [-42.9001938, -20.7455631], [-42.8999819, -20.7456998], [-42.8997526, -20.7458039], [-42.8992523, -20.745987], [-42.8988151, -20.7461901], [-42.8985952, -20.7462692], [-42.8984718, -20.7463005], [-42.8983752, -20.7463018], [-42.8982505, -20.7462704], [-42.8981191, -20.7462428], [-42.8980024, -20.7462453], [-42.8978267, -20.7462717], [-42.8977335, -20.7462742], [-42.8976417, -20.7462598], [-42.8975498, -20.7462234], [-42.8974351, -20.7461927], [-42.8972863, -20.7461745], [-42.8969946, -20.7461626], [-42.8965218, -20.7462039], [-42.8962898, -20.7462453], [-42.8960779, -20.7463143], [-42.8959009, -20.7464159], [-42.8957547, -20.7465639], [-42.8954919, -20.7467997], [-42.8953993, -20.7468937], [-42.8953336, -20.7470129], [-42.8952599, -20.7472436], [-42.8951955, -20.7473753], [-42.8951231, -20.7474976], [-42.8950238, -20.7476205], [-42.8948361, -20.7477904]]}}, {"type": "Feature", "properties": {"osm_id": 149304788, "highway": "service", "name": ""}, "geometry": {"type": "LineString", "coordinates": [[-42.9029322, -20.7604249], [-42.9028035, -20.7602318], [-42.9027176, -20.7600713], [-42.9026667, -20.7599007], [-42.9026185, -20.759634]]}}, {"type": "Feature", "properties": {"osm_id": 149304789, "highway": "residential", "name": ""}, "geometry": {"type": "LineString", "coordinates": [[-42.894073, -20.747887], [-42.8944229, -20.7478251]]}}, {"type": "Feature", "properties": {"osm_id": 149304790, "highway": "residential", "name": ""}, "geometry": {"type": "LineString", "coordinates": [[-42.8939898, -20.7470731], [-42.8945074, -20.7469786]]}}, {"type": "Feature", "properties": {"osm_id": 149304791, "highway": "service", "name": ""}, "geometry": {"type": "LineString", "coordinates": [[-42.9039833, -20.7637708], [-42.9040829, -20.7638484], [-42.904174, -20.7639737], [-42.9044503, -20.7645707]]}}, {"type": "Feature", "properties": {"osm_id": 149304793, "highway": "service", "name": ""}, "geometry": {"type": "LineString", "coordinates": [[-42.8981781, -20.7564399], [-42.8986138, -20.7565173], [-42.8987506, -20.7565048], [-42.8989599, -20.7564395], [-42.8992683, -20.7562966], [-42.8993741, -20.7561872], [-42.8994874, -20.7560631], [-42.8996787, -20.7558226]]}}, {"type": "Feature", "properties": {"osm_id": 149305283, "highway": "unclassified", "name": ""}, "geometry": {"type": "LineString", "coordinates": [[-42.8890599, -20.7811391], [-42.8891136, -20.7809887], [-42.8891565, -20.7809034], [-42.8892235, -20.7808056], [-42.8893214, -20.7807003], [-42.8894287, -20.7806006], [-42.8895414, -20.780516], [-42.8896366, -20.7804458], [-42.8897063, -20.7804094], [-42.8897975, -20.7803749]]}}, {"type": "Feature", "properties": {"osm_id": 149305284, "highway": "tertiary", "name": ""}, "geometry": {"type": "LineString", "coordinates": [[-42.9017267, -20.7783142], [-42.9017535, -20.77837], [-42.9018594, -20.7785913], [-42.9018749, -20.7786583], [-42.9018621, -20.7786834], [-42.9017052, -20.7788997], [-42.9015919, -20.7790627], [-42.9015597, -20.7791355], [-42.9015429, -20.7792019], [-42.9015523, -20.7793248], [-42.9015791, -20.7795436], [-42.9015812, -20.7796007], [-42.9015738, -20.7796602], [-42.901559, -20.7797511], [-42.9014719, -20.7800897], [-42.9014115, -20.7803016], [-42.9013498, -20.7804671], [-42.9013015, -20.7805787], [-42.9012117, -20.780768], [-42.9011138, -20.7809172], [-42.9010548, -20.7809899], [-42.9010078, -20.7810351], [-42.9009394, -20.7810551], [-42.9008657, -20.7810526], [-42.9007973, -20.78102], [-42.9007342, -20.7809486], [-42.900694, -20.7808733], [-42.9006591, -20.7807241], [-42.900635, -20.7805686], [-42.9005975, -20.780442], [-42.9005545, -20.7803091], [-42.9004888, -20.7801661], [-42.9004573, -20.780116], [-42.9004265, -20.7800859], [-42.9003812, -20.7800768], [-42.9003447, -20.7800762], [-42.9003068, -20.7800941], [-42.900287, -20.780111], [-42.9002598, -20.7801508], [-42.9002327, -20.7802426], [-42.9001991, -20.7803567], [-42.9001589, -20.7804194], [-42.9000852, -20.7804483], [-42.9000288, -20.780447], [-42.8999712, -20.7804094], [-42.8999014, -20.7803179], [-42.8997767, -20.7801085], [-42.89966, -20.7799016], [-42.8995722, -20.7797455], [-42.8994977, -20.7796514], [-42.8994347, -20.7796019], [-42.8993207, -20.7795618], [-42.8992403, -20.7795279], [-42.8991638, -20.779479], [-42.899031, -20.7794013], [-42.8989211, -20.7793687], [-42.8987615, -20.7793449], [-42.898622, -20.7793348], [-42.8985375, -20.7793336], [-42.8984369, -20.7793436], [-42.8983578, -20.7793424], [-42.8982559, -20.7793235], [-42.8981687, -20.7792884], [-42.898095, -20.7792433], [-42.8979675, -20.7791267], [-42.8978696, -20.7790527], [-42.8977597, -20.7790001], [-42.8976028, -20.7789474], [-42.8974231, -20.7789035], [-42.8970301, -20.7788245], [-42.8968437, -20.7788157], [-42.8966975, -20.7788446], [-42.89655, -20.7788947], [-42.8961638, -20.7790778], [-42.8959519, -20.7791781], [-42.8958392, -20.7792458], [-42.8957413, -20.7793336], [-42.8956541, -20.7794226], [-42.8955576, -20.7795166], [-42.8954744, -20.7795706], [-42.8953611, -20.7796132], [-42.8952304, -20.7796684], [-42.8951083, -20.7797273], [-42.8949903, -20.779795], [-42.8949004, -20.7798364], [-42.8948012, -20.7798702], [-42.8946953, -20.7798941], [-42.8945303, -20.7799204], [-42.8943922, -20.7799292], [-42.894301, -20.7799442], [-42.8941856, -20.779968], [-42.8940797, -20.7799931], [-42.8939939, -20.780022], [-42.8938557, -20.7800834], [-42.8937109, -20.7801762], [-42.8935929, -20.7802451], [-42.8934802, -20.7802991], [-42.8932831, -20.7803755], [-42.8931034, -20.7804219], [-42.892988, -20.7804558], [-42.8928861, -20.7804984], [-42.8927439, -20.7805611], [-42.8925857, -20.78062], [-42.8924368, -20.7806733], [-42.8922088, -20.780773], [-42.8918776, -20.7809423], [-42.8917006, -20.781015], [-42.8915678, -20.7810614], [-42.8914391, -20.7810928], [-42.8911199, -20.7811429], [-42.8908624, -20.781168], [-42.8907242, -20.7811517], [-42.8906143, -20.7811241], [-42.8904372, -20.7810526], [-42.890287, -20.7809949], [-42.890169, -20.7809548], [-42.8900765, -20.7809385], [-42.8900108, -20.7809398], [-42.8899357, -20.7809623], [-42.8898673, -20.78101], [-42.8897385, -20.7811216], [-42.889643, -20.7811921], [-42.8896017, -20.7812116], [-42.8895585, -20.7812247], [-42.8895092, -20.78123], [-42.8894472, -20.7812282], [-42.8893845, -20.7812169], [-42.8892088, -20.7811755], [-42.8890599, -20.7811391], [-42.8887407, -20.7814313], [-42.8885382, -20.7816733], [-42.888376, -20.7818639], [-42.8882714, -20.7819554], [-42.8881735, -20.7820143], [-42.8879904, -20.7820783], [-42.8878167, -20.7821347], [-42.8877389, -20.7821679], [-42.8876464, -20.7822149], [-42.8874949, -20.7822801], [-42.8873125, -20.7823441], [-42.8869115, -20.7824444], [-42.8866325, -20.782492], [-42.8864488, -20.7825021], [-42.8863053, -20.7824958], [-42.8861699, -20.782462], [-42.8860076, -20.7823955], [-42.8859043, -20.782329], [-42.8858118, -20.7822413], [-42.8856897, -20.7820958], [-42.8856039, -20.7819955], [-42.8855167, -20.7819303], [-42.8854081, -20.7818614], [-42.8852686, -20.7818162], [-42.8851754, -20.7817962], [-42.885096, -20.7817802], [-42.884993, -20.7817736], [-42.8848992, -20.781783], [-42.884816, -20.7817974], [-42.884753, -20.7818006], [-42.8846819, -20.7817861], [-42.8845994, -20.7817291], [-42.884535, -20.7816419], [-42.8844573, -20.7814865], [-42.8844261, -20.7814319], [-42.8843969, -20.7813909], [-42.8843527, -20.7813485], [-42.884289, -20.7813059], [-42.8841666, -20.7812442], [-42.8839906, -20.7811755], [-42.8834166, -20.7809862], [-42.8826085, -20.780684], [-42.8824905, -20.7806632], [-42.8823866, -20.7806369], [-42.8822812, -20.7806139], [-42.882184, -20.7806064], [-42.8820542, -20.7805818], [-42.881947, -20.7805538], [-42.8818684, -20.7805451], [-42.8818031, -20.7805475], [-42.8817375, -20.7805519], [-42.8816384, -20.7805495]]}}, {"type": "Feature", "properties": {"osm_id": 149305290, "highway": "service", "name": ""}, "geometry": {"type": "LineString", "coordinates": [[-42.8893214, -20.7807003], [-42.8892598, -20.7806363], [-42.8891552, -20.7805348], [-42.8890666, -20.7804583], [-42.8889634, -20.7803505], [-42.8889195, -20.7802837], [-42.8889034, -20.780231], [-42.8888977, -20.7801674], [-42.8889017, -20.7800859], [-42.8889231, -20.7800295], [-42.8889701, -20.7799642]]}}, {"type": "Feature", "properties": {"osm_id": 149306748, "highway": "residential", "name": "Rua Agenor Pires Dantas"}, "geometry": {"type": "LineString", "coordinates": [[-42.9015845, -20.7749224], [-42.9015178, -20.7749453], [-42.9013874, -20.7749813], [-42.9009703, -20.7750779], [-42.9005438, -20.775182], [-42.9000664, -20.7752873], [-42.8996627, -20.7753851], [-42.8994159, -20.7754415], [-42.8993502, -20.7754823], [-42.8993087, -20.7755218], [-42.8992791, -20.7755556]]}}, {"type": "Feature", "properties": {"osm_id": 149306749, "highway": "unclassified", "name": ""}, "geometry": {"type": "LineString", "coordinates": [[-42.9003243, -20.7659874], [-42.9007155, -20.7657623], [-42.9008402, -20.7657084], [-42.9010105, -20.7656545], [-42.9013672, -20.7655316], [-42.9015738, -20.7654313], [-42.9017535, -20.7653084], [-42.9019076, -20.7651676], [-42.9021168, -20.7649042], [-42.9022375, -20.7648014], [-42.9023904, -20.7647061], [-42.902588, -20.764608], [-42.9029134, -20.7644879], [-42.903517, -20.7641769], [-42.9036583, -20.7640663], [-42.9039833, -20.7637708], [-42.9039246, -20.763442], [-42.9038487, -20.7632387], [-42.9038009, -20.7630505]]}}, {"type": "Feature", "properties": {"osm_id": 149307093, "highway": "service", "name": ""}, "geometry": {"type": "LineString", "coordinates": [[-42.9052229, -20.77777], [-42.9053973, -20.777785], [-42.9057661, -20.777859], [-42.906159, -20.7779242], [-42.906332, -20.777923], [-42.9063897, -20.7778866], [-42.9064232, -20.7778239], [-42.9064205, -20.7777098], [-42.9062274, -20.7772409]]}}, {"type": "Feature", "properties": {"osm_id": 149307496, "highway": "residential", "name": "Rua Vicente Brustoline"}, "geometry": {"type": "LineString", "coordinates": [[-42.8985361, -20.770391], [-42.8986139, -20.7707578], [-42.8986104, -20.7708588], [-42.8985487, -20.7709541], [-42.8982671, -20.7711572], [-42.8978446, -20.7714475], [-42.8974315, -20.7717378], [-42.8970869, -20.7719999], [-42.8970469, -20.7720447]]}}, {"type": "Feature", "properties": {"osm_id": 149307497, "highway": "residential", "name": "Rua Maria Francisca Amorim"}, "geometry": {"type": "LineString", "coordinates": [[-42.8989357, -20.7702712], [-42.8991736, -20.7701779], [-42.8993346, -20.7700926], [-42.8997422, -20.7699196]]}}, {"type": "Feature", "properties": {"osm_id": 149307498, "highway": "residential", "name": "Rua Nossa Senhora Aparecida"}, "geometry": {"type": "LineString", "coordinates": [[-42.8830239, -20.7711531], [-42.8831216, -20.7711764], [-42.8832238, -20.7711514], [-42.8833148, -20.7710504], [-42.8833519, -20.7709449], [-42.883892, -20.7694926], [-42.8839083, -20.769293], [-42.8839072, -20.7689672], [-42.8835679, -20.7676496], [-42.883465, -20.7666766], [-42.8834864, -20.7659142], [-42.8835567, -20.76566], [-42.8836991, -20.7654176]]}}, {"type": "Feature", "properties": {"osm_id": 149307499, "highway": "residential", "name": "Rua Maria Aparecida Sant Ana"}, "geometry": {"type": "LineString", "coordinates": [[-42.8948676, -20.7670393], [-42.8949043, -20.7673871], [-42.8949473, -20.7677282], [-42.8949982, -20.7680366], [-42.8950733, -20.7684053], [-42.895093, -20.7685691], [-42.8950715, -20.768692], [-42.8950125, -20.7688023], [-42.8948865, -20.7689152], [-42.8947403, -20.7690068]]}}, {"type": "Feature", "properties": {"osm_id": 149307500, "highway": "residential", "name": "Rua S. Paranhos"}, "geometry": {"type": "LineString", "coordinates": [[-42.8984422, -20.7699377], [-42.8984985, -20.7701959], [-42.8985361, -20.770391]]}}, {"type": "Feature", "properties": {"osm_id": 149307503, "highway": "residential", "name": "Rua Joaquim Nogueira"}, "geometry": {"type": "LineString", "coordinates": [[-42.8989357, -20.7702712], [-42.8987801, -20.7701884], [-42.8984422, -20.7699377]]}}, {"type": "Feature", "properties": {"osm_id": 149307598, "highway": "residential", "name": ""}, "geometry": {"type": "LineString", "coordinates": [[-42.8898603, -20.7691344], [-42.8898215, -20.7692906], [-42.8898323, -20.769411], [-42.8898793, -20.7695017], [-42.8899545, -20.7695343], [-42.8900657, -20.7695314], [-42.8901717, -20.7695092], [-42.8902641, -20.7694511], [-42.8906074, -20.769085], [-42.8907872, -20.7689721], [-42.8909212, -20.7689319], [-42.8911948, -20.7689245]]}}, {"type": "Feature", "properties": {"osm_id": 149308614, "highway": "tertiary", "name": "Rua Teotônio Pacheco"}, "geometry": {"type": "LineString", "coordinates": [[-42.9052544, -20.7733418], [-42.9051223, -20.7736008], [-42.9050137, -20.7737538], [-42.9050224, -20.7739694], [-42.9050439, -20.7741782], [-42.90507, -20.7743469], [-42.9050566, -20.7745663], [-42.904956, -20.77496], [-42.9048635, -20.7753349], [-42.9048353, -20.7755243], [-42.9048273, -20.7757588], [-42.904838, -20.7761876], [-42.9048313, -20.7763343], [-42.9048434, -20.7766026], [-42.9048689, -20.7767744], [-42.9049117, -20.7768944], [-42.9049815, -20.7770227], [-42.9050687, -20.7772321], [-42.9051331, -20.7774427], [-42.9051887, -20.7776678], [-42.9052229, -20.77777], [-42.9054455, -20.7784446], [-42.9055367, -20.7787656], [-42.9056407, -20.7789461], [-42.9057272, -20.7790276], [-42.9060155, -20.7791618], [-42.9061255, -20.7792345], [-42.9062113, -20.7793185], [-42.9063079, -20.7794414], [-42.9063749, -20.779563], [-42.9064339, -20.7796934], [-42.9064608, -20.7797981], [-42.9064755, -20.7798916], [-42.9064769, -20.7799919], [-42.9064621, -20.7802238], [-42.9064648, -20.7805423], [-42.9064849, -20.7806878], [-42.9065292, -20.7808332], [-42.9066043, -20.7810025], [-42.9066492, -20.781131], [-42.9066619, -20.7812407], [-42.9066552, -20.7813536], [-42.9066324, -20.7814677], [-42.9065949, -20.781583], [-42.9065439, -20.7817435], [-42.9065104, -20.781919], [-42.9065064, -20.7821146], [-42.9065171, -20.7822701], [-42.9065372, -20.7823905], [-42.9065667, -20.7825134], [-42.9066378, -20.7826939], [-42.9067022, -20.7828494]]}}, {"type": "Feature", "properties": {"osm_id": 149308615, "highway": "residential", "name": "Rua Modesto Apolinário"}, "geometry": {"type": "LineString", "coordinates": [[-42.8834166, -20.7809862], [-42.8834756, -20.7808094], [-42.883552, -20.7806351], [-42.8836365, -20.7804733], [-42.8837329, -20.7803097], [-42.8838978, -20.7800628]]}}, {"type": "Feature", "properties": {"osm_id": 149311845, "highway": "service", "name": ""}, "geometry": {"type": "LineString", "coordinates": [[-42.8799242, -20.7560915], [-42.8798975, -20.7560182], [-42.8797997, -20.7556555]]}}, {"type": "Feature", "properties": {"osm_id": 149313469, "highway": "service", "name": ""}, "geometry": {"type": "LineString", "coordinates": [[-42.8853142, -20.7538599], [-42.8853049, -20.7543982]]}}, {"type": "Feature", "properties": {"osm_id": 149313470, "highway": "service", "name": ""}, "geometry": {"type": "LineString", "coordinates": [[-42.8847546, -20.7538136], [-42.8848123, -20.75391]]}}, {"type": "Feature", "properties": {"osm_id": 149313622, "highway": "service", "name": ""}, "geometry": {"type": "LineString", "coordinates": [[-42.8788048, -20.7547759], [-42.8787889, -20.7547564], [-42.8785973, -20.7545348]]}}, {"type": "Feature", "properties": {"osm_id": 149314446, "highway": "service", "name": ""}, "geometry": {"type": "LineString", "coordinates": [[-42.8788884, -20.7551929], [-42.8792957, -20.7555033]]}}, {"type": "Feature", "properties": {"osm_id": 149315476, "highway": "secondary", "name": "Rua Padre Serafim"}, "geometry": {"type": "LineString", "coordinates": [[-42.876592, -20.7579162], [-42.8767248, -20.7577161], [-42.8767533, -20.7576755], [-42.8769829, -20.7574203], [-42.877078, -20.7572972]]}}, {"type": "Feature", "properties": {"osm_id": 149316030, "highway": "residential", "name": "Alameda Albano Braga"}, "geometry": {"type": "LineString", "coordinates": [[-42.877679, -20.7605099], [-42.8776522, -20.7605083], [-42.8776277, -20.7604982], [-42.8776083, -20.7604809], [-42.8775963, -20.7604582], [-42.8775935, -20.7604333], [-42.8775999, -20.7604089], [-42.8776148, -20.7603881], [-42.8776465, -20.7603695], [-42.877673, -20.760366], [-42.8777105, -20.7603764], [-42.8777307, -20.760393], [-42.8777436, -20.7604149], [-42.8777476, -20.7604364], [-42.8777436, -20.7604611], [-42.8777308, -20.7604832], [-42.8777107, -20.7604997], [-42.877679, -20.7605099]]}}, {"type": "Feature", "properties": {"osm_id": 149316414, "highway": "tertiary", "name": ""}, "geometry": {"type": "LineString", "coordinates": [[-42.8735338, -20.7545095], [-42.8735777, -20.7545563], [-42.8736045, -20.7546133], [-42.873612, -20.7546649], [-42.8736053, -20.7547166], [-42.8735848, -20.7547651], [-42.873552, -20.7548071], [-42.8735299, -20.754824], [-42.8735088, -20.7548401], [-42.8734443, -20.7548654], [-42.8733746, -20.7548704], [-42.8733068, -20.7548546], [-42.8732477, -20.7548195], [-42.8732034, -20.7547689], [-42.8731785, -20.7547078], [-42.8731755, -20.7546425], [-42.8731946, -20.7545796], [-42.8732316, -20.7545278], [-42.8732836, -20.7544889], [-42.8733457, -20.7544663], [-42.8734122, -20.7544623], [-42.8734769, -20.7544771], [-42.8735338, -20.7545095]]}}, {"type": "Feature", "properties": {"osm_id": 149506341, "highway": "secondary", "name": "Avenida Peter Henry Rolfs"}, "geometry": {"type": "LineString", "coordinates": [[-42.8610567, -20.7670227], [-42.8610137, -20.767045], [-42.860945, -20.767084], [-42.8604964, -20.7672922], [-42.8602088, -20.7674621], [-42.8599727, -20.7676213], [-42.8596448, -20.7678903], [-42.8594061, -20.7681148], [-42.8592438, -20.7682897], [-42.8591626, -20.7683893]]}}, {"type": "Feature", "properties": {"osm_id": 149506711, "highway": "secondary", "name": "Avenida Peter Henry Rolfs"}, "geometry": {"type": "LineString", "coordinates": [[-42.8704364, -20.759989], [-42.870446, -20.7599814], [-42.8705636, -20.7598882], [-42.8716572, -20.7590312], [-42.8722016, -20.7585927], [-42.8722147, -20.7585811]]}}, {"type": "Feature", "properties": {"osm_id": 149506713, "highway": "secondary", "name": "Rotatória Centro de Vivencia"}, "geometry": {"type": "LineString", "coordinates": [[-42.8691828, -20.7608968], [-42.8692147, -20.7608923], [-42.8692465, -20.7608979], [-42.869269, -20.7609089], [-42.8692877, -20.760925], [-42.8693013, -20.7609451], [-42.8693088, -20.7609677], [-42.8693098, -20.7609917], [-42.869304, -20.7610152], [-42.8692875, -20.7610417], [-42.8692625, -20.7610615], [-42.8692318, -20.7610725], [-42.8691998, -20.7610733], [-42.8691693, -20.7610645], [-42.8691478, -20.7610507], [-42.8691309, -20.761032], [-42.8691238, -20.7610175], [-42.86912, -20.7610099], [-42.8691189, -20.7610027], [-42.8691157, -20.7609826], [-42.8691204, -20.7609553], [-42.8691336, -20.7609307], [-42.8691541, -20.7609108], [-42.8691828, -20.7608968]]}}, {"type": "Feature", "properties": {"osm_id": 149506714, "highway": "secondary", "name": "Avenida Peter Henry Rolfs"}, "geometry": {"type": "LineString", "coordinates": [[-42.8691693, -20.7610645], [-42.8691485, -20.7610802], [-42.869057, -20.7611472], [-42.8689253, -20.7612531], [-42.8687911, -20.7613695], [-42.8686827, -20.7614664], [-42.8686408, -20.7615006], [-42.8684529, -20.7616516], [-42.8681649, -20.7618886], [-42.8679216, -20.7620739], [-42.867897, -20.7620938], [-42.8673083, -20.7625797], [-42.8672858, -20.7625981]]}}, {"type": "Feature", "properties": {"osm_id": 149506715, "highway": "service", "name": ""}, "geometry": {"type": "LineString", "coordinates": [[-42.8775558, -20.7538549], [-42.8773818, -20.7540257], [-42.8778706, -20.7543448], [-42.8779663, -20.7542346]]}}, {"type": "Feature", "properties": {"osm_id": 149506781, "highway": "secondary", "name": "Avenida Peter Henry Rolfs"}, "geometry": {"type": "LineString", "coordinates": [[-42.865409, -20.7639624], [-42.8653703, -20.7639919], [-42.8650711, -20.7642197], [-42.8647329, -20.7644843], [-42.8637459, -20.7652717], [-42.8627154, -20.7661171], [-42.862494, -20.7663081], [-42.8623835, -20.7663913], [-42.8622378, -20.7664868], [-42.8620411, -20.7665882], [-42.8619124, -20.7666553], [-42.8617439, -20.7667246], [-42.861336, -20.7668635], [-42.8612616, -20.7668928], [-42.8612137, -20.7669115], [-42.8611827, -20.7669299]]}}, {"type": "Feature", "properties": {"osm_id": 149506782, "highway": "secondary", "name": "Rotatória Caixa Federal"}, "geometry": {"type": "LineString", "coordinates": [[-42.8672581, -20.7625398], [-42.8672774, -20.7625667], [-42.8672858, -20.7625981], [-42.8672849, -20.7626189], [-42.8672793, -20.7626389], [-42.8672636, -20.7626644], [-42.8672403, -20.7626841], [-42.8672117, -20.7626962], [-42.8671804, -20.7626995], [-42.8671569, -20.7626958], [-42.8671348, -20.7626872], [-42.8671156, -20.7626738], [-42.8671002, -20.7626567], [-42.8670896, -20.7626366], [-42.8670838, -20.7626073], [-42.8670881, -20.7625777], [-42.867102, -20.7625508], [-42.8671242, -20.7625294], [-42.8671486, -20.7625167], [-42.8671759, -20.7625108], [-42.8672038, -20.7625121], [-42.8672303, -20.7625205], [-42.8672581, -20.7625398]]}}, {"type": "Feature", "properties": {"osm_id": 149506783, "highway": "secondary", "name": "Avenida Peter Henry Rolfs"}, "geometry": {"type": "LineString", "coordinates": [[-42.8672303, -20.7625205], [-42.8672562, -20.7625061], [-42.867279, -20.7624932], [-42.8676178, -20.7622299], [-42.8678805, -20.7620273], [-42.868708, -20.7613608], [-42.8689695, -20.7611444], [-42.8690674, -20.7610636], [-42.8691032, -20.7610345], [-42.8691238, -20.7610175]]}}, {"type": "Feature", "properties": {"osm_id": 149507354, "highway": "secondary", "name": ""}, "geometry": {"type": "LineString", "coordinates": [[-42.8611427, -20.7668717], [-42.8611528, -20.7668789], [-42.8611617, -20.7668874], [-42.8611692, -20.7668969], [-42.8611753, -20.7669073], [-42.8611798, -20.7669183], [-42.8611827, -20.7669299], [-42.8611838, -20.7669406], [-42.8611834, -20.7669514], [-42.8611816, -20.7669621], [-42.8611783, -20.7669725], [-42.861174, -20.7669812], [-42.8611712, -20.7669867], [-42.8611615, -20.7669994], [-42.8611495, -20.7670103], [-42.8611356, -20.7670189], [-42.8611202, -20.7670251], [-42.8611039, -20.7670285], [-42.8610871, -20.7670291], [-42.8610768, -20.7670281], [-42.8610666, -20.7670259], [-42.8610567, -20.7670227], [-42.86104, -20.7670142], [-42.8610256, -20.7670028], [-42.8610139, -20.7669888], [-42.8610056, -20.7669728], [-42.861001, -20.7669556], [-42.861, -20.7669415], [-42.8610016, -20.7669274], [-42.8610056, -20.7669138], [-42.861012, -20.7669009], [-42.86103, -20.7668799], [-42.861054, -20.7668651], [-42.8610818, -20.7668579], [-42.8610978, -20.7668576], [-42.8611135, -20.7668598], [-42.8611287, -20.7668646], [-42.8611427, -20.7668717]]}}, {"type": "Feature", "properties": {"osm_id": 149507355, "highway": "unclassified", "name": ""}, "geometry": {"type": "LineString", "coordinates": [[-42.861174, -20.7669812], [-42.8612028, -20.7670072], [-42.8612396, -20.7670436], [-42.8618541, -20.7675869], [-42.862008, -20.7677176], [-42.8620324, -20.7677266]]}}, {"type": "Feature", "properties": {"osm_id": 149507357, "highway": "secondary", "name": "Avenida Peter Henry Rolfs"}, "geometry": {"type": "LineString", "coordinates": [[-42.8590761, -20.7683115], [-42.8591877, -20.7682], [-42.8593759, -20.7680207], [-42.8595945, -20.7678264], [-42.8599834, -20.7675304], [-42.8604113, -20.7672784], [-42.8609672, -20.766979], [-42.861001, -20.7669556]]}}, {"type": "Feature", "properties": {"osm_id": 149507358, "highway": "unclassified", "name": ""}, "geometry": {"type": "LineString", "coordinates": [[-42.8619686, -20.7678045], [-42.861895, -20.7677449], [-42.861189, -20.7671165], [-42.8611303, -20.767064], [-42.8611049, -20.7670436], [-42.8610871, -20.7670291]]}}, {"type": "Feature", "properties": {"osm_id": 149507359, "highway": "secondary", "name": ""}, "geometry": {"type": "LineString", "coordinates": [[-42.8591032, -20.7683133], [-42.859128, -20.7683236], [-42.8591476, -20.7683413], [-42.8591596, -20.7683641], [-42.8591626, -20.7683893], [-42.8591573, -20.7684117], [-42.8591448, -20.7684315], [-42.8591264, -20.7684467], [-42.8591039, -20.7684559], [-42.8590797, -20.7684581], [-42.8590559, -20.7684534], [-42.8590348, -20.768442], [-42.8590184, -20.7684252], [-42.8590083, -20.7684045], [-42.8590054, -20.7683853], [-42.859008, -20.768366], [-42.8590159, -20.7683481], [-42.8590285, -20.7683327], [-42.8590503, -20.7683182], [-42.8590761, -20.7683115], [-42.8591032, -20.7683133]]}}, {"type": "Feature", "properties": {"osm_id": 149507360, "highway": "unclassified", "name": ""}, "geometry": {"type": "LineString", "coordinates": [[-42.8619655, -20.7677856], [-42.861969, -20.7677667], [-42.8619786, -20.7677499], [-42.8619935, -20.7677368], [-42.8620121, -20.7677287], [-42.8620324, -20.7677266], [-42.8620519, -20.7677304], [-42.8620692, -20.7677397], [-42.8620826, -20.7677535], [-42.8620908, -20.7677705], [-42.862093, -20.767789], [-42.862089, -20.7678072], [-42.8620791, -20.7678234], [-42.8620644, -20.767836], [-42.8620476, -20.7678433], [-42.8620293, -20.7678458], [-42.862011, -20.7678433], [-42.8619926, -20.767835], [-42.8619779, -20.7678216], [-42.8619686, -20.7678045], [-42.8619655, -20.7677856]]}}, {"type": "Feature", "properties": {"osm_id": 149507941, "highway": "residential", "name": "Rua Santa Cruz"}, "geometry": {"type": "LineString", "coordinates": [[-42.8814125, -20.7361364], [-42.8814178, -20.7356324], [-42.8814634, -20.735201], [-42.881515, -20.7347376], [-42.8815462, -20.7344253]]}}, {"type": "Feature", "properties": {"osm_id": 149507969, "highway": "secondary", "name": ""}, "geometry": {"type": "LineString", "coordinates": [[-42.8653899, -20.7639522], [-42.8653745, -20.7639375], [-42.865364, -20.7639194], [-42.8653619, -20.7639104], [-42.8653594, -20.7638992], [-42.8653609, -20.7638787], [-42.8653702, -20.7638564], [-42.8653868, -20.763838], [-42.8654087, -20.7638256], [-42.8654338, -20.7638204], [-42.8654593, -20.7638231], [-42.8654783, -20.7638308], [-42.8654944, -20.7638428], [-42.8655067, -20.7638583], [-42.8655143, -20.7638763], [-42.8655163, -20.7639006], [-42.8655108, -20.7639216], [-42.8655086, -20.7639251], [-42.865499, -20.7639403], [-42.8654819, -20.7639549], [-42.8654611, -20.7639642], [-42.865445, -20.7639663], [-42.8654349, -20.7639675], [-42.865409, -20.7639624], [-42.8653899, -20.7639522]]}}, {"type": "Feature", "properties": {"osm_id": 149508149, "highway": "residential", "name": "Rua Verano Faria"}, "geometry": {"type": "LineString", "coordinates": [[-42.8816691, -20.7559988], [-42.8811365, -20.7554665]]}}, {"type": "Feature", "properties": {"osm_id": 149670999, "highway": "tertiary", "name": "Rua Doutor Gerhardus Lambertus Voorpostel"}, "geometry": {"type": "LineString", "coordinates": [[-42.8651319, -20.7264938], [-42.8647564, -20.7265352], [-42.8646304, -20.7265653], [-42.8642897, -20.7266819]]}}, {"type": "Feature", "properties": {"osm_id": 149671000, "highway": "tertiary", "name": "Estrada Violeira"}, "geometry": {"type": "LineString", "coordinates": [[-42.8642897, -20.7266819], [-42.8641168, -20.7268114], [-42.8639384, -20.7269428], [-42.8637908, -20.7270883], [-42.8637439, -20.7271598], [-42.8637037, -20.7272514], [-42.8636701, -20.7273668], [-42.8636621, -20.7274558], [-42.8636782, -20.7275511], [-42.863768, -20.7277468], [-42.8637815, -20.7278095], [-42.8638096, -20.7279212], [-42.8637881, -20.7280178], [-42.8637519, -20.7281081], [-42.8636889, -20.7282122], [-42.8635991, -20.7283148], [-42.8634502, -20.7284793], [-42.8631015, -20.7287113], [-42.8630063, -20.7287603], [-42.862911, -20.7287904], [-42.8628024, -20.7287979], [-42.8627005, -20.7287828], [-42.8623344, -20.7285834], [-42.8619522, -20.7283062], [-42.8618597, -20.7282385], [-42.8617792, -20.7281996], [-42.8616987, -20.7281821], [-42.8616357, -20.728172]]}}, {"type": "Feature", "properties": {"osm_id": 149671001, "highway": "residential", "name": "Rua Dom João VI"}, "geometry": {"type": "LineString", "coordinates": [[-42.8636153, -20.7298783], [-42.8645988, -20.7298433], [-42.8647202, -20.7298302], [-42.8649066, -20.7298202]]}}, {"type": "Feature", "properties": {"osm_id": 149671002, "highway": "residential", "name": "Rua São Francisco de Assis"}, "geometry": {"type": "LineString", "coordinates": [[-42.8610052, -20.7361477], [-42.8615242, -20.7358253]]}}, {"type": "Feature", "properties": {"osm_id": 149671005, "highway": "residential", "name": "Rua José Serafim da Silva"}, "geometry": {"type": "LineString", "coordinates": [[-42.8619909, -20.7275278], [-42.8624631, -20.72723], [-42.8625758, -20.7271849], [-42.8626348, -20.7271711], [-42.8626965, -20.7271799], [-42.8627488, -20.7272012], [-42.8630465, -20.7273745]]}}, {"type": "Feature", "properties": {"osm_id": 149671009, "highway": "residential", "name": "Rua Vasco da Gama"}, "geometry": {"type": "LineString", "coordinates": [[-42.8644218, -20.7277637], [-42.8644332, -20.7281683], [-42.8644104, -20.7283376], [-42.8643903, -20.7284028], [-42.8643206, -20.7285596], [-42.8640658, -20.7289359], [-42.8639424, -20.7291428], [-42.8638914, -20.7292219], [-42.8638311, -20.7293071], [-42.8637815, -20.7293674], [-42.8636742, -20.7294451]]}}, {"type": "Feature", "properties": {"osm_id": 149671011, "highway": "service", "name": ""}, "geometry": {"type": "LineString", "coordinates": [[-42.8637592, -20.7261448], [-42.8634931, -20.7262843], [-42.8634086, -20.7263031], [-42.8633228, -20.7263119], [-42.8630734, -20.7263169], [-42.8629232, -20.7263395], [-42.8624699, -20.726505], [-42.8623277, -20.7265301], [-42.8620112, -20.7265426], [-42.8617913, -20.7265527]]}}, {"type": "Feature", "properties": {"osm_id": 149671016, "highway": "residential", "name": "Rua Cristóvão Colombo"}, "geometry": {"type": "LineString", "coordinates": [[-42.8615242, -20.7358253], [-42.8616167, -20.7357338], [-42.8616507, -20.7356965], [-42.8617723, -20.7355632], [-42.8619325, -20.7353677], [-42.8621748, -20.7350441], [-42.8622285, -20.7348986], [-42.8622687, -20.7347707], [-42.8623197, -20.7345174], [-42.8623492, -20.7342841], [-42.8623974, -20.7340959], [-42.8625074, -20.7337598], [-42.8626348, -20.733455], [-42.8627649, -20.7332242], [-42.8628896, -20.7329834], [-42.8630063, -20.7326661], [-42.8631002, -20.7324529], [-42.8631753, -20.732335], [-42.8632437, -20.7322534], [-42.8633423, -20.732146], [-42.8635132, -20.73198], [-42.8637922, -20.7316664], [-42.864051, -20.731388], [-42.8644279, -20.7310192], [-42.8644775, -20.7309239], [-42.8644976, -20.7308261], [-42.8644922, -20.7307358], [-42.8644775, -20.7306492], [-42.8644399, -20.7305702], [-42.8643635, -20.7304724], [-42.8642884, -20.7303959], [-42.8641918, -20.7303269], [-42.8639598, -20.7302027], [-42.863768, -20.7301031], [-42.8636715, -20.7300384], [-42.8636312, -20.729982], [-42.8636153, -20.7298783], [-42.8636286, -20.7298314], [-42.8636646, -20.7297783], [-42.8637121, -20.72974], [-42.8641772, -20.729559], [-42.864275, -20.7294953], [-42.8643346, -20.7294243], [-42.864389, -20.729331], [-42.8644173, -20.7292272], [-42.8644373, -20.7290036], [-42.8644721, -20.7286512], [-42.8644808, -20.7285514], [-42.8644896, -20.728453], [-42.8644882, -20.7283238], [-42.8644708, -20.7282523], [-42.8644332, -20.7281683]]}}, {"type": "Feature", "properties": {"osm_id": 149671019, "highway": "residential", "name": "Rua Olinda Martins Dantonino"}, "geometry": {"type": "LineString", "coordinates": [[-42.8640369, -20.726512], [-42.8632423, -20.7271046], [-42.8631954, -20.7271473], [-42.8631686, -20.7272037], [-42.8631367, -20.727315]]}}, {"type": "Feature", "properties": {"osm_id": 149671020, "highway": "residential", "name": "Rua Pero Vaz Caminha"}, "geometry": {"type": "LineString", "coordinates": [[-42.8644721, -20.7286512], [-42.8646467, -20.729041], [-42.8647233, -20.7292483]]}}, {"type": "Feature", "properties": {"osm_id": 149671658, "highway": "residential", "name": "Rua Camilo Rosa de Oliveira"}, "geometry": {"type": "LineString", "coordinates": [[-42.8660131, -20.7265916], [-42.8656899, -20.7266067], [-42.8656081, -20.726623], [-42.8655397, -20.7266493], [-42.865478, -20.7266857], [-42.8654176, -20.7267409], [-42.8653908, -20.7267973], [-42.865368, -20.7268826], [-42.8653224, -20.727136], [-42.8652674, -20.7276716], [-42.865254, -20.7279199], [-42.8652405, -20.7282385], [-42.8652111, -20.7284806], [-42.8651896, -20.7286725]]}}, {"type": "Feature", "properties": {"osm_id": 149671661, "highway": "residential", "name": "Rua Padre Rolim"}, "geometry": {"type": "LineString", "coordinates": [[-42.8686581, -20.7316427], [-42.8687811, -20.732636]]}}, {"type": "Feature", "properties": {"osm_id": 149671664, "highway": "residential", "name": "Rua Nova"}, "geometry": {"type": "LineString", "coordinates": [[-42.8674155, -20.7313616], [-42.866579, -20.7310029]]}}, {"type": "Feature", "properties": {"osm_id": 149671667, "highway": "residential", "name": "Rua Toledo Piza"}, "geometry": {"type": "LineString", "coordinates": [[-42.8655239, -20.7323631], [-42.866005, -20.7317204], [-42.866579, -20.7310029], [-42.8672898, -20.7299067], [-42.8676076, -20.7294363], [-42.8676532, -20.7293799], [-42.8677149, -20.7293423], [-42.8679155, -20.7292742]]}}, {"type": "Feature", "properties": {"osm_id": 149672669, "highway": "residential", "name": "Rua José Inácio Vargas"}, "geometry": {"type": "LineString", "coordinates": [[-42.8649637, -20.7253988], [-42.8649576, -20.7251253], [-42.8649549, -20.7248155], [-42.864975, -20.7240328], [-42.8650087, -20.7235597], [-42.8651251, -20.7219565], [-42.8651581, -20.7214368], [-42.865167, -20.7211556], [-42.8651762, -20.7207452], [-42.8652298, -20.7204215], [-42.8652701, -20.7202986], [-42.8653854, -20.7200653], [-42.8654283, -20.7199235], [-42.8654887, -20.7197216], [-42.8655034, -20.7196363], [-42.8654954, -20.7195736], [-42.8654619, -20.7195196], [-42.8653505, -20.7194607]]}}, {"type": "Feature", "properties": {"osm_id": 149672671, "highway": "residential", "name": "Rua Joaquim Ferreira Leandro"}, "geometry": {"type": "LineString", "coordinates": [[-42.8649637, -20.7253988], [-42.8648114, -20.7253862], [-42.8646304, -20.7253498], [-42.8644024, -20.725262], [-42.8643367, -20.7252018], [-42.8642589, -20.7251065], [-42.864228, -20.7250513], [-42.8642079, -20.7249923], [-42.8642012, -20.7248832], [-42.8642213, -20.7246374], [-42.8642187, -20.7245659], [-42.8642039, -20.7245069], [-42.8641851, -20.7244605], [-42.8641342, -20.7244053], [-42.8639786, -20.7243125], [-42.8638418, -20.724246], [-42.863764, -20.7242134], [-42.8636862, -20.7242009], [-42.8636393, -20.7242134], [-42.8635897, -20.7242372], [-42.8635535, -20.7242774], [-42.8632557, -20.7247666]]}}, {"type": "Feature", "properties": {"osm_id": 149672674, "highway": "residential", "name": "Rua Alea do Jacaranda"}, "geometry": {"type": "LineString", "coordinates": [[-42.8690372, -20.7237042], [-42.8689839, -20.7248714]]}}, {"type": "Feature", "properties": {"osm_id": 149672675, "highway": "residential", "name": "Rua Alea do Alfeneiro"}, "geometry": {"type": "LineString", "coordinates": [[-42.8699411, -20.7239149], [-42.869921, -20.7244831], [-42.8698703, -20.7250448]]}}, {"type": "Feature", "properties": {"osm_id": 149672677, "highway": "residential", "name": "Rua Emílio Nassif"}, "geometry": {"type": "LineString", "coordinates": [[-42.865167, -20.7211556], [-42.8645673, -20.721129]]}}, {"type": "Feature", "properties": {"osm_id": 149672679, "highway": "residential", "name": "Praça São Silvestre"}, "geometry": {"type": "LineString", "coordinates": [[-42.8673568, -20.7216307], [-42.8676698, -20.7214999], [-42.8677028, -20.7214652], [-42.8677176, -20.7214225], [-42.8677403, -20.7213098]]}}, {"type": "Feature", "properties": {"osm_id": 149672682, "highway": "residential", "name": ""}, "geometry": {"type": "LineString", "coordinates": [[-42.863929, -20.7235975], [-42.8639156, -20.7230506], [-42.8639336, -20.7226461], [-42.8639746, -20.7219694], [-42.863996, -20.7212469], [-42.8640524, -20.7205595]]}}, {"type": "Feature", "properties": {"osm_id": 149672683, "highway": "residential", "name": ""}, "geometry": {"type": "LineString", "coordinates": [[-42.8675334, -20.7249366], [-42.867501, -20.7250231], [-42.8674983, -20.72505], [-42.8675097, -20.7250801], [-42.8675379, -20.7251027], [-42.8685095, -20.7252514], [-42.8694253, -20.7253716], [-42.8703248, -20.7256028], [-42.8708224, -20.7257221]]}}, {"type": "Feature", "properties": {"osm_id": 149672685, "highway": "residential", "name": "Praça Ricardo Alves"}, "geometry": {"type": "LineString", "coordinates": [[-42.8661606, -20.7253272], [-42.8664114, -20.7254036]]}}, {"type": "Feature", "properties": {"osm_id": 149672688, "highway": "residential", "name": "Rua Aleia do Oti"}, "geometry": {"type": "LineString", "coordinates": [[-42.8681239, -20.7240416], [-42.8680676, -20.7249535]]}}, {"type": "Feature", "properties": {"osm_id": 149672689, "highway": "residential", "name": "Rua Professora Maria G. Maciel"}, "geometry": {"type": "LineString", "coordinates": [[-42.8649549, -20.7248155], [-42.8645861, -20.7247114], [-42.864503, -20.7246687], [-42.8644627, -20.7246211], [-42.8644386, -20.7245558], [-42.8644171, -20.7243953], [-42.864401, -20.7243112], [-42.8643742, -20.7242498], [-42.8642643, -20.7240855], [-42.8640524, -20.7237681], [-42.863929, -20.7235975], [-42.8637627, -20.7234972], [-42.8636742, -20.7234295], [-42.8636205, -20.7233542], [-42.863591, -20.7232664], [-42.8635749, -20.7231083]]}}, {"type": "Feature", "properties": {"osm_id": 149673591, "highway": "residential", "name": ""}, "geometry": {"type": "LineString", "coordinates": [[-42.8564351, -20.7337596], [-42.8566162, -20.7334811], [-42.8568441, -20.7331475]]}}, {"type": "Feature", "properties": {"osm_id": 149673595, "highway": "residential", "name": ""}, "geometry": {"type": "LineString", "coordinates": [[-42.8588941, -20.7381383], [-42.8582745, -20.7383038]]}}, {"type": "Feature", "properties": {"osm_id": 149673596, "highway": "residential", "name": "Rua Francisco Lopes Galvão"}, "geometry": {"type": "LineString", "coordinates": [[-42.8592186, -20.7389209], [-42.8585883, -20.7391115], [-42.8582745, -20.7383038], [-42.857968, -20.7374771], [-42.8578936, -20.7372904]]}}, {"type": "Feature", "properties": {"osm_id": 149673598, "highway": "residential", "name": "Travessa 3"}, "geometry": {"type": "LineString", "coordinates": [[-42.8555378, -20.7336466], [-42.8554251, -20.7339122], [-42.855389, -20.7340353], [-42.8553754, -20.734101], [-42.8553743, -20.734186], [-42.8554012, -20.7342687], [-42.8557034, -20.7346571], [-42.8559555, -20.7349581]]}}, {"type": "Feature", "properties": {"osm_id": 149673599, "highway": "residential", "name": "Rua Lino Lopes Rosado"}, "geometry": {"type": "LineString", "coordinates": [[-42.8579047, -20.7340984], [-42.8576851, -20.7342563], [-42.8581354, -20.7347808], [-42.8581984, -20.7348899], [-42.8582119, -20.7349664], [-42.8581971, -20.7350442], [-42.8580538, -20.7353148], [-42.8577917, -20.7356449], [-42.8576361, -20.7358681]]}}, {"type": "Feature", "properties": {"osm_id": 149673601, "highway": "residential", "name": "Rua Francisco Lopes Galvão"}, "geometry": {"type": "LineString", "coordinates": [[-42.8585883, -20.7391115], [-42.8587653, -20.7396483], [-42.8589873, -20.73985], [-42.8593762, -20.7398852], [-42.8594861, -20.73984], [-42.8595586, -20.7397296]]}}, {"type": "Feature", "properties": {"osm_id": 149673602, "highway": "residential", "name": ""}, "geometry": {"type": "LineString", "coordinates": [[-42.8591516, -20.7387127], [-42.8592868, -20.7385351], [-42.8594379, -20.7381845], [-42.8595344, -20.7379663], [-42.8594746, -20.7375819]]}}, {"type": "Feature", "properties": {"osm_id": 149673604, "highway": "residential", "name": ""}, "geometry": {"type": "LineString", "coordinates": [[-42.8576361, -20.7358681], [-42.8575348, -20.7359764], [-42.8573531, -20.7357707]]}}, {"type": "Feature", "properties": {"osm_id": 149673605, "highway": "tertiary", "name": ""}, "geometry": {"type": "LineString", "coordinates": [[-42.8491205, -20.7333621], [-42.8490818, -20.733737], [-42.8490309, -20.7340756], [-42.8488297, -20.7346046], [-42.8487507, -20.7350777], [-42.8488485, -20.7362805], [-42.8489102, -20.7370382], [-42.848945, -20.7374671], [-42.8492508, -20.7377982], [-42.8493903, -20.738039], [-42.8494386, -20.738937], [-42.8494291, -20.7399078]]}}, {"type": "Feature", "properties": {"osm_id": 149673606, "highway": "residential", "name": ""}, "geometry": {"type": "LineString", "coordinates": [[-42.8576851, -20.7342563], [-42.8574112, -20.7339881]]}}, {"type": "Feature", "properties": {"osm_id": 149674965, "highway": "service", "name": ""}, "geometry": {"type": "LineString", "coordinates": [[-42.8778845, -20.7541515], [-42.8779436, -20.7541013], [-42.8780281, -20.7540387], [-42.8783768, -20.753764], [-42.8778712, -20.753215], [-42.877825, -20.7531753]]}}, {"type": "Feature", "properties": {"osm_id": 149674966, "highway": "service", "name": ""}, "geometry": {"type": "LineString", "coordinates": [[-42.8780281, -20.7540387], [-42.8775944, -20.7536759], [-42.8775447, -20.7537271], [-42.8774782, -20.7537955]]}}, {"type": "Feature", "properties": {"osm_id": 158309761, "highway": "secondary", "name": "Rua Padre Serafim"}, "geometry": {"type": "LineString", "coordinates": [[-42.8772521, -20.7571007], [-42.877467, -20.7568661], [-42.8776019, -20.7567207], [-42.8777337, -20.756621], [-42.8777807, -20.7565855], [-42.8778039, -20.7565671]]}}, {"type": "Feature", "properties": {"osm_id": 158309768, "highway": "secondary", "name": "Rua Padre Serafim"}, "geometry": {"type": "LineString", "coordinates": [[-42.8778039, -20.7565671], [-42.8774982, -20.7570427], [-42.8774491, -20.7571112], [-42.8774286, -20.7571301], [-42.8773571, -20.7571659], [-42.877078, -20.7572972]]}}, {"type": "Feature", "properties": {"osm_id": 158606660, "highway": "residential", "name": "Rua José Braz Costa"}, "geometry": {"type": "LineString", "coordinates": [[-42.8786052, -20.7555121], [-42.8793258, -20.7559818], [-42.8794019, -20.7560149], [-42.879485, -20.7560381], [-42.8798015, -20.7560795], [-42.8799242, -20.7560915]]}}, {"type": "Feature", "properties": {"osm_id": 158973763, "highway": "residential", "name": "Rua Doutor José Felicíssimo de Oliveira"}, "geometry": {"type": "LineString", "coordinates": [[-42.8788329, -20.7431755], [-42.878539, -20.7433108], [-42.8784093, -20.743387], [-42.8782991, -20.7434621], [-42.8779558, -20.743693], [-42.8778013, -20.743776], [-42.8776225, -20.7438128], [-42.8774938, -20.7437977], [-42.8771298, -20.743633], [-42.8767918, -20.7434621], [-42.8763368, -20.7432442], [-42.8762108, -20.7431915], [-42.8760767, -20.7431589], [-42.8755591, -20.7430876]]}}, {"type": "Feature", "properties": {"osm_id": 163585950, "highway": "residential", "name": ""}, "geometry": {"type": "LineString", "coordinates": [[-42.8798653, -20.7594246], [-42.8797089, -20.75952]]}}, {"type": "Feature", "properties": {"osm_id": 163585951, "highway": "tertiary", "name": "Rua da Conceição"}, "geometry": {"type": "LineString", "coordinates": [[-42.8870649, -20.7680692], [-42.8869623, -20.7679514], [-42.8859216, -20.7667978], [-42.8852615, -20.7661727], [-42.8844972, -20.765804], [-42.8837744, -20.7654472]]}}, {"type": "Feature", "properties": {"osm_id": 166630770, "highway": "residential", "name": "Rua Feijó Bhering"}, "geometry": {"type": "LineString", "coordinates": [[-42.8762163, -20.7552473], [-42.876247, -20.7553063], [-42.8765862, -20.7557921], [-42.8768713, -20.7561864]]}}, {"type": "Feature", "properties": {"osm_id": 166630772, "highway": "tertiary", "name": "Rua Vila Gianetti"}, "geometry": {"type": "LineString", "coordinates": [[-42.8741936, -20.7557976], [-42.8740041, -20.7554828], [-42.8736116, -20.7549499], [-42.8735299, -20.754824]]}}, {"type": "Feature", "properties": {"osm_id": 166630773, "highway": "tertiary", "name": "Avenida Bueno Brandão"}, "geometry": {"type": "LineString", "coordinates": [[-42.8843545, -20.754078], [-42.8842758, -20.7541587], [-42.8841313, -20.754247], [-42.8840182, -20.7542939], [-42.8839482, -20.7543225]]}}, {"type": "Feature", "properties": {"osm_id": 166630776, "highway": "tertiary", "name": "Rua dos Passos"}, "geometry": {"type": "LineString", "coordinates": [[-42.8820575, -20.7518961], [-42.8821237, -20.7518249], [-42.8821966, -20.7517665], [-42.8823001, -20.7516977], [-42.882584, -20.7515169], [-42.8826283, -20.7514634], [-42.8826546, -20.7513983], [-42.8826683, -20.7513205], [-42.8826933, -20.7510471], [-42.8827, -20.750627], [-42.8826902, -20.7504922]]}}, {"type": "Feature", "properties": {"osm_id": 166630777, "highway": "residential", "name": ""}, "geometry": {"type": "LineString", "coordinates": [[-42.8823135, -20.7530286], [-42.8822328, -20.752733], [-42.8821024, -20.7523113], [-42.8820836, -20.7522589]]}}, {"type": "Feature", "properties": {"osm_id": 166631784, "highway": "residential", "name": "Rua Sílvio Romeu"}, "geometry": {"type": "LineString", "coordinates": [[-42.8815855, -20.7571045], [-42.8811544, -20.7565838]]}}, {"type": "Feature", "properties": {"osm_id": 166631785, "highway": "residential", "name": "Travessa Purdue"}, "geometry": {"type": "LineString", "coordinates": [[-42.8798653, -20.7594246], [-42.8799263, -20.7593939], [-42.8806615, -20.7590252]]}}, {"type": "Feature", "properties": {"osm_id": 166632683, "highway": "residential", "name": "Rua Clóvis Clodovil de Castro"}, "geometry": {"type": "LineString", "coordinates": [[-42.8849401, -20.7592276], [-42.8849449, -20.7590438], [-42.8849393, -20.7588248], [-42.8849793, -20.7586317], [-42.8853008, -20.7579311], [-42.885547, -20.757389]]}}, {"type": "Feature", "properties": {"osm_id": 166632684, "highway": "residential", "name": "Rua Raul Campos"}, "geometry": {"type": "LineString", "coordinates": [[-42.8849793, -20.7586317], [-42.8854076, -20.7586922], [-42.8856664, -20.758721], [-42.8857434, -20.7587527], [-42.8857989, -20.7587902], [-42.8858574, -20.7588449], [-42.8858913, -20.7588939], [-42.885953, -20.7590063], [-42.8859899, -20.7591446], [-42.8859621, -20.7595147], [-42.8859283, -20.7599858], [-42.8859591, -20.7600319]]}}, {"type": "Feature", "properties": {"osm_id": 166632685, "highway": "residential", "name": ""}, "geometry": {"type": "LineString", "coordinates": [[-42.8788621, -20.7581517], [-42.8790083, -20.7580865]]}}, {"type": "Feature", "properties": {"osm_id": 166632687, "highway": "residential", "name": "Rua Professora Argina Ferreira"}, "geometry": {"type": "LineString", "coordinates": [[-42.8837024, -20.7583099], [-42.883864, -20.758422], [-42.8841836, -20.758663], [-42.8845067, -20.7589296], [-42.8847914, -20.7591702], [-42.884865, -20.7592402], [-42.8849112, -20.7592513], [-42.8849401, -20.7592276]]}}, {"type": "Feature", "properties": {"osm_id": 166632688, "highway": "residential", "name": "Rua Silva Pontes"}, "geometry": {"type": "LineString", "coordinates": [[-42.8852949, -20.7560934], [-42.8845596, -20.7556021], [-42.8839621, -20.7543749], [-42.8839467, -20.7543512], [-42.8839283, -20.7543319]]}}, {"type": "Feature", "properties": {"osm_id": 166633874, "highway": "residential", "name": "Rua Santana"}, "geometry": {"type": "LineString", "coordinates": [[-42.8848103, -20.748504], [-42.8847307, -20.7485324], [-42.8845211, -20.7485906], [-42.8842923, -20.7486407], [-42.8840529, -20.7486809], [-42.8838759, -20.7486783], [-42.8836828, -20.7486583], [-42.8834125, -20.7485818], [-42.8832221, -20.7484651], [-42.883092, -20.7483535], [-42.8829864, -20.748179]]}}, {"type": "Feature", "properties": {"osm_id": 166633876, "highway": "residential", "name": "Rua Antônio Vintim"}, "geometry": {"type": "LineString", "coordinates": [[-42.8853585, -20.7524846], [-42.8856409, -20.7528501]]}}, {"type": "Feature", "properties": {"osm_id": 166636291, "highway": "residential", "name": "Rua Três"}, "geometry": {"type": "LineString", "coordinates": [[-42.8749617, -20.7484251], [-42.8749519, -20.7484564], [-42.8748455, -20.7486921], [-42.8747213, -20.7489556]]}}, {"type": "Feature", "properties": {"osm_id": 166636292, "highway": "residential", "name": "Rua Sebastião Ferreira"}, "geometry": {"type": "LineString", "coordinates": [[-42.8721421, -20.7525535], [-42.872677, -20.7524457], [-42.8730699, -20.7524093], [-42.8732366, -20.7524005], [-42.873538, -20.7523755], [-42.873766, -20.7523529], [-42.8742877, -20.7523153], [-42.8743856, -20.752299], [-42.874462, -20.7522689], [-42.8745881, -20.7522011], [-42.8746699, -20.7521347], [-42.87472, -20.7520691], [-42.8747752, -20.7519756]]}}, {"type": "Feature", "properties": {"osm_id": 166637128, "highway": "residential", "name": "Rua Paris"}, "geometry": {"type": "LineString", "coordinates": [[-42.8785009, -20.7461367], [-42.8786417, -20.746059], [-42.8787758, -20.7459837], [-42.8789623, -20.745862], [-42.8790078, -20.7458119], [-42.8790373, -20.7457191], [-42.8791545, -20.7452036], [-42.8792456, -20.7447975]]}}, {"type": "Feature", "properties": {"osm_id": 166639275, "highway": "residential", "name": "Travessa dos Passos"}, "geometry": {"type": "LineString", "coordinates": [[-42.8809678, -20.7483804], [-42.8805607, -20.7484753], [-42.8801854, -20.7486275]]}}, {"type": "Feature", "properties": {"osm_id": 166639276, "highway": "residential", "name": "Rua Sebastião Maria"}, "geometry": {"type": "LineString", "coordinates": [[-42.881904, -20.7335138], [-42.8822538, -20.7330926], [-42.8827736, -20.7325501], [-42.8828213, -20.7325003], [-42.8831791, -20.7321145]]}}, {"type": "Feature", "properties": {"osm_id": 166639277, "highway": "tertiary", "name": ""}, "geometry": {"type": "LineString", "coordinates": [[-42.8685345, -20.7601524], [-42.8688872, -20.7605985], [-42.8689717, -20.7607015], [-42.8689857, -20.7607167], [-42.8690061, -20.7607385], [-42.8691002, -20.7608529], [-42.8691327, -20.7608875], [-42.8691541, -20.7609108]]}}, {"type": "Feature", "properties": {"osm_id": 166639278, "highway": "residential", "name": "Rua Maria L. Araújo"}, "geometry": {"type": "LineString", "coordinates": [[-42.8798857, -20.7518023], [-42.8801997, -20.7517189], [-42.8805614, -20.7515899], [-42.8810918, -20.7514077], [-42.8812829, -20.7513625], [-42.8814578, -20.7513353], [-42.8817133, -20.7513232], [-42.8818383, -20.7513243], [-42.8818676, -20.7513358], [-42.8819032, -20.7513682], [-42.8819164, -20.7514179]]}}, {"type": "Feature", "properties": {"osm_id": 166639284, "highway": "tertiary", "name": "Avenida Jacobe Lopes de Castro"}, "geometry": {"type": "LineString", "coordinates": [[-42.8798675, -20.73417], [-42.8803825, -20.7340044], [-42.8806561, -20.7338489], [-42.8809113, -20.7336808], [-42.8810906, -20.7334601], [-42.8812294, -20.7332117], [-42.881454, -20.7327107], [-42.8816511, -20.7322648], [-42.8820408, -20.7314971], [-42.8821164, -20.7314099], [-42.8821868, -20.731347], [-42.8823362, -20.7311711], [-42.8825067, -20.731016], [-42.8827215, -20.7308566], [-42.8830671, -20.730636], [-42.8835335, -20.7304251], [-42.8836369, -20.7303784], [-42.8841995, -20.7301097], [-42.8844673, -20.7300082], [-42.8846525, -20.7299099], [-42.8849818, -20.729745], [-42.8851289, -20.7296162], [-42.8852355, -20.7294552], [-42.8852636, -20.7293333], [-42.8852636, -20.7292208]]}}, {"type": "Feature", "properties": {"osm_id": 166639285, "highway": "residential", "name": "Rua Geninho Lentini"}, "geometry": {"type": "LineString", "coordinates": [[-42.8819164, -20.7514179], [-42.8817769, -20.7514996], [-42.8815777, -20.7515569], [-42.8813098, -20.751664], [-42.8811306, -20.7517416], [-42.8808902, -20.7518629], [-42.8806792, -20.751977], [-42.8804213, -20.7521912], [-42.8802787, -20.7523335], [-42.8802191, -20.7524057], [-42.8801819, -20.7524653], [-42.8801584, -20.7525242], [-42.8801519, -20.7526144]]}}, {"type": "Feature", "properties": {"osm_id": 166639287, "highway": "residential", "name": "Rua José N. Vaz de Melo"}, "geometry": {"type": "LineString", "coordinates": [[-42.8871821, -20.7504887], [-42.8871348, -20.7502925], [-42.8870159, -20.7497477], [-42.8869919, -20.7496177], [-42.8869441, -20.7493226], [-42.8869195, -20.7492038], [-42.886882, -20.7491035], [-42.8868362, -20.7490094], [-42.8867147, -20.7488171], [-42.8865238, -20.7485462], [-42.8863864, -20.7483917]]}}, {"type": "Feature", "properties": {"osm_id": 166639288, "highway": "residential", "name": "Rua Roystonea"}, "geometry": {"type": "LineString", "coordinates": [[-42.8798857, -20.7518023], [-42.8797322, -20.7516953], [-42.8794095, -20.7511585]]}}, {"type": "Feature", "properties": {"osm_id": 166641058, "highway": "residential", "name": "Rua Professor Schlotteldt"}, "geometry": {"type": "LineString", "coordinates": [[-42.8832551, -20.7612549], [-42.8827353, -20.7617668], [-42.8823053, -20.7621424]]}}, {"type": "Feature", "properties": {"osm_id": 166641059, "highway": "residential", "name": "Rua José U. Paiva"}, "geometry": {"type": "LineString", "coordinates": [[-42.8809385, -20.7598157], [-42.8813959, -20.7598133], [-42.881429, -20.7598006], [-42.8814378, -20.7597719], [-42.8813338, -20.7592578], [-42.8813134, -20.7592309], [-42.8812675, -20.7592282], [-42.8809037, -20.7593299], [-42.8808892, -20.7593348]]}}, {"type": "Feature", "properties": {"osm_id": 166641063, "highway": "residential", "name": "Rua João José Araújo"}, "geometry": {"type": "LineString", "coordinates": [[-42.8829942, -20.7628518], [-42.8834013, -20.7624711], [-42.8838831, -20.7620024]]}}, {"type": "Feature", "properties": {"osm_id": 166641064, "highway": "tertiary", "name": "Rua Altamiro da Conceição Saraiva"}, "geometry": {"type": "LineString", "coordinates": [[-42.8922397, -20.7698335], [-42.8924877, -20.7696618], [-42.8926459, -20.7695815], [-42.8932601, -20.7693602], [-42.8933806, -20.7692738], [-42.8934742, -20.7691371], [-42.8935216, -20.7689841], [-42.8935187, -20.7687807], [-42.893467, -20.7686118], [-42.8933793, -20.7684848], [-42.8932899, -20.7684366], [-42.8931904, -20.7684227], [-42.8930848, -20.7684407], [-42.8929457, -20.7685094], [-42.8928015, -20.768567], [-42.8926368, -20.7686209], [-42.8924742, -20.7686479], [-42.892301, -20.7686585], [-42.8920556, -20.7686535], [-42.8913236, -20.7685959], [-42.8907013, -20.7685738], [-42.8905448, -20.7685872], [-42.8903747, -20.7686326], [-42.8902183, -20.7687146], [-42.8901441, -20.7688032], [-42.89002, -20.7689895], [-42.8899632, -20.7690642], [-42.8898603, -20.7691344]]}}, {"type": "Feature", "properties": {"osm_id": 166641065, "highway": "residential", "name": "Rua Maria das Neves de Jesus"}, "geometry": {"type": "LineString", "coordinates": [[-42.8829942, -20.7628518], [-42.8832931, -20.7631762], [-42.8833996, -20.7632618], [-42.8841299, -20.7638484], [-42.8850198, -20.7644535], [-42.8851921, -20.7645707], [-42.8858944, -20.7649111]]}}, {"type": "Feature", "properties": {"osm_id": 166641066, "highway": "tertiary", "name": "Rua João Franklin Fontes"}, "geometry": {"type": "LineString", "coordinates": [[-42.8856077, -20.7654389], [-42.8864097, -20.7661708], [-42.8865581, -20.7663106], [-42.8871339, -20.766853], [-42.8874487, -20.7671355], [-42.8875051, -20.7671882]]}}, {"type": "Feature", "properties": {"osm_id": 166641067, "highway": "tertiary", "name": "Rua da Conceição"}, "geometry": {"type": "LineString", "coordinates": [[-42.8872848, -20.7681855], [-42.8876188, -20.7682562], [-42.8889589, -20.7686976], [-42.8891426, -20.7687901], [-42.8892745, -20.7688851], [-42.8895319, -20.769095], [-42.889638, -20.7691497], [-42.8897331, -20.7691625], [-42.8898603, -20.7691344]]}}, {"type": "Feature", "properties": {"osm_id": 166643441, "highway": "residential", "name": "Rua Antônio Cesário Fialho"}, "geometry": {"type": "LineString", "coordinates": [[-42.8850198, -20.7644535], [-42.8848492, -20.7647662], [-42.8854341, -20.765264]]}}, {"type": "Feature", "properties": {"osm_id": 166644897, "highway": "residential", "name": "Rua João Lopes Rosado"}, "geometry": {"type": "LineString", "coordinates": [[-42.8791676, -20.7794984], [-42.8795197, -20.7787612], [-42.8795254, -20.7786902], [-42.8795106, -20.7786363], [-42.8794698, -20.7785852], [-42.8790093, -20.7782913], [-42.8786944, -20.778089], [-42.8786504, -20.7780608]]}}, {"type": "Feature", "properties": {"osm_id": 166644898, "highway": "residential", "name": "Rua Sebastião Resende Andrade"}, "geometry": {"type": "LineString", "coordinates": [[-42.8795925, -20.7798445], [-42.8791676, -20.7794984], [-42.8787147, -20.7791769], [-42.8786691, -20.779128], [-42.8786516, -20.7790803], [-42.8786595, -20.779002], [-42.8786769, -20.778933], [-42.8790093, -20.7782913]]}}, {"type": "Feature", "properties": {"osm_id": 166726067, "highway": "service", "name": ""}, "geometry": {"type": "LineString", "coordinates": [[-42.8801845, -20.7454184], [-42.880329, -20.7454215], [-42.8804174, -20.7454256], [-42.880529, -20.7454318], [-42.8806998, -20.7454284], [-42.8807421, -20.7454161], [-42.8807682, -20.7453813], [-42.8807842, -20.7453191], [-42.8808198, -20.7450759]]}}, {"type": "Feature", "properties": {"osm_id": 166726076, "highway": "service", "name": ""}, "geometry": {"type": "LineString", "coordinates": [[-42.8804174, -20.7454256], [-42.8804, -20.7456501], [-42.880398, -20.7456859], [-42.8803973, -20.7457222], [-42.8804101, -20.7457486], [-42.8804342, -20.7457642], [-42.8804624, -20.7457673], [-42.880496, -20.7457592], [-42.880514, -20.7457372], [-42.88052, -20.7457072], [-42.8805231, -20.7456469], [-42.880529, -20.7454318]]}}, {"type": "Feature", "properties": {"osm_id": 166726079, "highway": "footway", "name": ""}, "geometry": {"type": "LineString", "coordinates": [[-42.8696444, -20.7626334], [-42.8694881, -20.7627556], [-42.8690178, -20.7631137], [-42.8689165, -20.7632036]]}}, {"type": "Feature", "properties": {"osm_id": 166726086, "highway": "footway", "name": ""}, "geometry": {"type": "LineString", "coordinates": [[-42.8696412, -20.7660317], [-42.8698839, -20.7659343]]}}, {"type": "Feature", "properties": {"osm_id": 166726100, "highway": "footway", "name": ""}, "geometry": {"type": "LineString", "coordinates": [[-42.8700019, -20.7658873], [-42.8703467, -20.7657297], [-42.8704265, -20.7656816], [-42.8704805, -20.7656033]]}}, {"type": "Feature", "properties": {"osm_id": 166726101, "highway": "footway", "name": ""}, "geometry": {"type": "LineString", "coordinates": [[-42.8698839, -20.7659343], [-42.8700019, -20.7658873]]}}, {"type": "Feature", "properties": {"osm_id": 166726102, "highway": "residential", "name": ""}, "geometry": {"type": "LineString", "coordinates": [[-42.8762833, -20.7552197], [-42.8762688, -20.7552006], [-42.8759878, -20.7548299], [-42.8760092, -20.7547558], [-42.8761057, -20.7547057], [-42.8764561, -20.7546571]]}}, {"type": "Feature", "properties": {"osm_id": 190670795, "highway": "tertiary", "name": "Rua Morro do Cruzeiro"}, "geometry": {"type": "LineString", "coordinates": [[-42.8906612, -20.7530589], [-42.8902763, -20.7531392], [-42.8899759, -20.7532358], [-42.8896393, -20.7533599], [-42.8893912, -20.7534502], [-42.889182, -20.7534941], [-42.8889526, -20.7535292], [-42.8887273, -20.7535643], [-42.8884591, -20.7536321], [-42.8874573, -20.7539619], [-42.886575, -20.753893], [-42.8861807, -20.7539924], [-42.8857911, -20.7541293], [-42.8855989, -20.7542526], [-42.8853945, -20.7544605], [-42.8853118, -20.7546194], [-42.8852268, -20.7547828], [-42.8851252, -20.754769], [-42.8849398, -20.7546573], [-42.8848026, -20.7545475], [-42.884637, -20.7544851]]}}, {"type": "Feature", "properties": {"osm_id": 190670798, "highway": "tertiary", "name": ""}, "geometry": {"type": "LineString", "coordinates": [[-42.8906612, -20.7530589], [-42.890821, -20.7530187]]}}, {"type": "Feature", "properties": {"osm_id": 190670799, "highway": "residential", "name": "Avenida das Arábias"}, "geometry": {"type": "LineString", "coordinates": [[-42.8914652, -20.7548084], [-42.8909348, -20.7532427]]}}, {"type": "Feature", "properties": {"osm_id": 213881848, "highway": "secondary", "name": "Rodovia Oraida Mendes Castro"}, "geometry": {"type": "LineString", "coordinates": [[-42.8514399, -20.7418744], [-42.851292, -20.7417937], [-42.8510316, -20.7416861], [-42.8507044, -20.7415958], [-42.8503611, -20.7414754], [-42.8501017, -20.7412309], [-42.8498729, -20.7407781], [-42.8496028, -20.7401974], [-42.8494291, -20.7399078], [-42.8490629, -20.7395239], [-42.8484924, -20.7389934], [-42.8479846, -20.7386008], [-42.8475053, -20.7384064], [-42.8469743, -20.7382208], [-42.8461983, -20.7380138]]}}, {"type": "Feature", "properties": {"osm_id": 213882097, "highway": "residential", "name": "Rua Vereador Gilberto Valério Pinheiro"}, "geometry": {"type": "LineString", "coordinates": [[-42.864243, -20.7487327], [-42.8644137, -20.7490446], [-42.8647283, -20.7496153], [-42.8651035, -20.7502469], [-42.8655168, -20.7506781], [-42.8656807, -20.7509222], [-42.8663131, -20.7520774], [-42.866501, -20.75243]]}}, {"type": "Feature", "properties": {"osm_id": 213882443, "highway": "residential", "name": "Rua Fernando Monteiro Rocha"}, "geometry": {"type": "LineString", "coordinates": [[-42.8934153, -20.7552298], [-42.8934044, -20.7556485]]}}, {"type": "Feature", "properties": {"osm_id": 213882444, "highway": "residential", "name": "Rua Professora Valéria Martins de Freitas"}, "geometry": {"type": "LineString", "coordinates": [[-42.8937719, -20.7551293], [-42.8937736, -20.7556569]]}}, {"type": "Feature", "properties": {"osm_id": 213882445, "highway": "residential", "name": "Rua Francisco Antônio de Souza Campos"}, "geometry": {"type": "LineString", "coordinates": [[-42.894861, -20.7550718], [-42.8948325, -20.7556882]]}}, {"type": "Feature", "properties": {"osm_id": 213882446, "highway": "residential", "name": "Rua Alexandre Miguel Said Aad"}, "geometry": {"type": "LineString", "coordinates": [[-42.8941135, -20.7550399], [-42.8940951, -20.755666]]}}, {"type": "Feature", "properties": {"osm_id": 213882448, "highway": "residential", "name": "Rua Doutor Zilmar Sari"}, "geometry": {"type": "LineString", "coordinates": [[-42.8944756, -20.7549143], [-42.8944641, -20.7556771]]}}, {"type": "Feature", "properties": {"osm_id": 213882449, "highway": "residential", "name": "Rua Prefeito Carlos Raimundo Torres"}, "geometry": {"type": "LineString", "coordinates": [[-42.8944318, -20.7546878], [-42.8944756, -20.7549143]]}}, {"type": "Feature", "properties": {"osm_id": 213882450, "highway": "residential", "name": "Rua Vereador Ruy Barbosa de Assis Castro"}, "geometry": {"type": "LineString", "coordinates": [[-42.8951978, -20.7551866], [-42.8951868, -20.7556988]]}}, {"type": "Feature", "properties": {"osm_id": 220005846, "highway": "unclassified", "name": ""}, "geometry": {"type": "LineString", "coordinates": [[-42.8698007, -20.7552581], [-42.8695549, -20.7552461], [-42.869343, -20.7552611], [-42.8689407, -20.7553276], [-42.8685759, -20.7553965], [-42.8683989, -20.7554016], [-42.8680931, -20.7553439], [-42.8677712, -20.7552009], [-42.8672978, -20.7550931], [-42.8671919, -20.7550906], [-42.8671289, -20.7551056], [-42.8670819, -20.7551495], [-42.8667493, -20.7555533], [-42.8666393, -20.755754], [-42.8665522, -20.7559546], [-42.8664663, -20.7562869], [-42.8664797, -20.7566316], [-42.8665388, -20.7571723], [-42.8666139, -20.7575886], [-42.8666675, -20.7578031], [-42.866693, -20.7579235], [-42.8666729, -20.7580451], [-42.8666206, -20.7581291], [-42.8664583, -20.7583035], [-42.8663094, -20.7584953], [-42.8662679, -20.758617], [-42.8662503, -20.7589426], [-42.8662743, -20.7590783]]}}, {"type": "Feature", "properties": {"osm_id": 224283379, "highway": "primary", "name": "Avenida Maria de Paula Santana"}, "geometry": {"type": "LineString", "coordinates": [[-42.8648239, -20.7316091], [-42.8648152, -20.7316869], [-42.864804, -20.7317874], [-42.8647725, -20.7320239], [-42.8647605, -20.7320992], [-42.8647015, -20.7324554], [-42.8646223, -20.7328367], [-42.8645486, -20.7332017], [-42.8644547, -20.7337999], [-42.864262, -20.7351515], [-42.8642279, -20.7353374], [-42.8641562, -20.7357284], [-42.8640836, -20.7361909], [-42.8640084, -20.7366361], [-42.8639338, -20.7370778], [-42.8638738, -20.7374147], [-42.8637897, -20.7379589], [-42.863738, -20.7382146], [-42.8637199, -20.7383284], [-42.8636604, -20.7390407], [-42.8636592, -20.7397423], [-42.8637135, -20.740272], [-42.8637383, -20.7404387], [-42.8637906, -20.7406328], [-42.8638151, -20.7407051], [-42.8641242, -20.7416046], [-42.8642334, -20.7419033]]}}, {"type": "Feature", "properties": {"osm_id": 225862941, "highway": "trunk", "name": ""}, "geometry": {"type": "LineString", "coordinates": [[-42.864283, -20.7449089], [-42.8642489, -20.7449964], [-42.8636752, -20.7465248], [-42.8634553, -20.7469663], [-42.8631361, -20.7473451], [-42.8627741, -20.7476386], [-42.8625603, -20.7477625], [-42.862323, -20.7478586], [-42.8620645, -20.7479348], [-42.8617929, -20.7479842], [-42.8615099, -20.7480115], [-42.8612207, -20.7480083], [-42.8610805, -20.7479992]]}}, {"type": "Feature", "properties": {"osm_id": 225862943, "highway": "trunk", "name": ""}, "geometry": {"type": "LineString", "coordinates": [[-42.8503942, -20.7422582], [-42.8511433, -20.7425285]]}}, {"type": "Feature", "properties": {"osm_id": 225862944, "highway": "trunk", "name": ""}, "geometry": {"type": "LineString", "coordinates": [[-42.8509667, -20.7428387], [-42.8508702, -20.7427697], [-42.8506328, -20.7425804], [-42.8504111, -20.742401]]}}, {"type": "Feature", "properties": {"osm_id": 225862945, "highway": "trunk", "name": ""}, "geometry": {"type": "LineString", "coordinates": [[-42.8498809, -20.742073], [-42.8479446, -20.7413497], [-42.847539, -20.7412001], [-42.8471275, -20.7410979], [-42.8468107, -20.7410747], [-42.8464405, -20.741066], [-42.8460746, -20.7410967], [-42.8457705, -20.7411614], [-42.8453257, -20.7413128], [-42.844938, -20.7415185], [-42.844564, -20.7417931], [-42.8443265, -20.7420172], [-42.8440972, -20.7423021], [-42.8428244, -20.7443], [-42.841611, -20.746203], [-42.8415789, -20.7462546], [-42.8409286, -20.7472978], [-42.8402495, -20.7483623], [-42.8399829, -20.7488945], [-42.839831, -20.7492787], [-42.8397043, -20.7497185], [-42.8396127, -20.7501531], [-42.8395434, -20.7505616], [-42.8395057, -20.7511015], [-42.8395143, -20.7516358], [-42.8395378, -20.752182], [-42.8395608, -20.7526986], [-42.8395951, -20.7531909], [-42.8397362, -20.7554298], [-42.8397482, -20.7556731], [-42.839888, -20.7584971], [-42.8399937, -20.7600732], [-42.8399816, -20.7603675], [-42.8399433, -20.76061], [-42.8398727, -20.7608683], [-42.8397789, -20.7611116], [-42.8396138, -20.7613586], [-42.8394309, -20.7616323], [-42.8386744, -20.7625434], [-42.8379663, -20.7633979], [-42.8376655, -20.763775], [-42.8375245, -20.7639439], [-42.8373632, -20.7641817], [-42.8372642, -20.7644221], [-42.8371886, -20.7646768], [-42.8371614, -20.7648861], [-42.8371523, -20.7651012], [-42.8371596, -20.7653323], [-42.8371916, -20.7657293], [-42.8372087, -20.7658429], [-42.8372491, -20.7661113], [-42.837373, -20.7669347], [-42.8375584, -20.7682127], [-42.8376032, -20.7685927], [-42.8376153, -20.7688926], [-42.8375699, -20.7691416], [-42.8375003, -20.7693764], [-42.8373926, -20.7696583], [-42.8372353, -20.7700123], [-42.8370737, -20.7703536], [-42.8369677, -20.7706185], [-42.8369393, -20.7707319], [-42.8369102, -20.7708477], [-42.836892, -20.7710712], [-42.8369011, -20.771306], [-42.8369677, -20.7716059], [-42.8370712, -20.7719288], [-42.8372461, -20.7724604], [-42.8373248, -20.7727207], [-42.8373747, -20.7729674], [-42.8374095, -20.7732215], [-42.8374065, -20.7734676], [-42.8373853, -20.7737109], [-42.837352, -20.7738615], [-42.8373417, -20.7739079], [-42.8372582, -20.7741551], [-42.8369495, -20.7747521], [-42.8369157, -20.7748071], [-42.836889, -20.7748426]]}}, {"type": "Feature", "properties": {"osm_id": 225862946, "highway": "trunk", "name": ""}, "geometry": {"type": "LineString", "coordinates": [[-42.8520808, -20.7429063], [-42.8534732, -20.743448]]}}, {"type": "Feature", "properties": {"osm_id": 225862947, "highway": "trunk", "name": ""}, "geometry": {"type": "LineString", "coordinates": [[-42.8599942, -20.7476161], [-42.8597695, -20.7474631], [-42.857193, -20.7451377], [-42.8562563, -20.744572], [-42.8548466, -20.7439767], [-42.8534732, -20.743448]]}}, {"type": "Feature", "properties": {"osm_id": 225862948, "highway": "trunk", "name": ""}, "geometry": {"type": "LineString", "coordinates": [[-42.9998846, -20.7147488], [-42.9996619, -20.7149277], [-42.9994408, -20.7151939], [-42.9994184, -20.7152206], [-42.9991947, -20.715599], [-42.9989985, -20.7160444], [-42.9987141, -20.7166576], [-42.9985235, -20.7169831], [-42.9982734, -20.7172753], [-42.9979522, -20.7175615], [-42.9976227, -20.7177716], [-42.997357, -20.7178989], [-42.9968546, -20.7180478], [-42.9963474, -20.7181262], [-42.9947898, -20.7182054], [-42.9942698, -20.7182319], [-42.9922067, -20.7183058], [-42.989739, -20.7183991], [-42.9892993, -20.7184541], [-42.9889263, -20.7185356], [-42.9887514, -20.7185888], [-42.988576, -20.7186422], [-42.9881652, -20.7188083], [-42.9877504, -20.7189978], [-42.9865771, -20.7195394], [-42.9859629, -20.7196972], [-42.9853488, -20.7197758], [-42.9846475, -20.7196663], [-42.9840244, -20.7194471], [-42.9828351, -20.7185876], [-42.9825316, -20.7184072], [-42.9819106, -20.7181743], [-42.98158, -20.7180958], [-42.9812681, -20.7181047], [-42.980808, -20.7181326], [-42.97713, -20.7180538], [-42.9766644, -20.7180835], [-42.9763483, -20.7181831], [-42.9760058, -20.7184778], [-42.9756726, -20.7187646], [-42.9755962, -20.71885], [-42.9745644, -20.7200033], [-42.9743585, -20.7201676], [-42.9740741, -20.7203197], [-42.9737796, -20.7203856], [-42.9734627, -20.7203591], [-42.9730828, -20.720209], [-42.9727054, -20.719963], [-42.9717491, -20.7192467], [-42.9713499, -20.718958], [-42.9709419, -20.7187146], [-42.9696746, -20.7182091], [-42.96896, -20.7178177], [-42.9684322, -20.7173913], [-42.9678343, -20.716818], [-42.9666721, -20.7155033], [-42.9663215, -20.7152661], [-42.9659874, -20.7151388], [-42.965672, -20.7150988], [-42.9651492, -20.7151047], [-42.9638498, -20.7151194], [-42.9623477, -20.7148932], [-42.9619137, -20.7148619], [-42.9614992, -20.7148686], [-42.9596837, -20.7152947], [-42.9592315, -20.7154555], [-42.9589847, -20.7156512], [-42.9587527, -20.7159377], [-42.9583765, -20.7165395], [-42.958131, -20.716818], [-42.9573847, -20.7173429], [-42.9571802, -20.7173961], [-42.9541657, -20.7173481], [-42.9524642, -20.7173168], [-42.9515302, -20.7173033], [-42.9509354, -20.7172713], [-42.9505289, -20.7171992], [-42.9502088, -20.7171052], [-42.9499177, -20.7169774], [-42.9488307, -20.7165003], [-42.9484255, -20.7163546], [-42.9478243, -20.7161385], [-42.9475728, -20.7161168], [-42.947268, -20.7161345], [-42.9469822, -20.7162425], [-42.9467288, -20.716414], [-42.9465393, -20.7166406], [-42.9464141, -20.7169008], [-42.9462984, -20.7172649], [-42.946178, -20.7175489], [-42.9460486, -20.7177411], [-42.9458927, -20.7178897], [-42.9456243, -20.7180895], [-42.945358, -20.7182622], [-42.9451732, -20.7184241], [-42.9449737, -20.7186273], [-42.9448345, -20.7188367], [-42.9446922, -20.7191233], [-42.9443201, -20.7197368], [-42.9440136, -20.7202577], [-42.9437451, -20.720716], [-42.9434467, -20.7210379], [-42.9431762, -20.7212764], [-42.942829, -20.7214946], [-42.9410537, -20.7224449], [-42.9391563, -20.7234566], [-42.938728, -20.7236878], [-42.9384799, -20.7237897], [-42.9382148, -20.7238415], [-42.9378777, -20.7238718], [-42.9375963, -20.7238661], [-42.9370538, -20.7238234], [-42.9367339, -20.7238123], [-42.9365311, -20.7238265], [-42.9363676, -20.7238623], [-42.9361226, -20.7239482], [-42.9358427, -20.7241114], [-42.9351997, -20.7246897], [-42.9349751, -20.724844], [-42.9347458, -20.7249586], [-42.9345219, -20.7250293], [-42.9343278, -20.7250524], [-42.9340922, -20.7250491], [-42.9338592, -20.725018], [-42.9336141, -20.7249584], [-42.9313567, -20.7243755], [-42.931045, -20.7243218], [-42.930763, -20.7242997], [-42.930467, -20.7242935], [-42.9300948, -20.7243331], [-42.9297892, -20.7243953], [-42.9294956, -20.7244887], [-42.9279599, -20.7250175], [-42.9274773, -20.7251963], [-42.9267269, -20.725567], [-42.9262265, -20.7258102], [-42.9258766, -20.7259548], [-42.9255226, -20.726051], [-42.9250717, -20.7261102], [-42.9246904, -20.7261218], [-42.9236374, -20.7260736], [-42.922644, -20.7260029], [-42.9223089, -20.7260114], [-42.9221043, -20.7260387], [-42.9218883, -20.7261104], [-42.9217102, -20.7261889], [-42.9215222, -20.7263284], [-42.9211137, -20.7266878], [-42.9208988, -20.7268859], [-42.9207173, -20.7269991], [-42.9205788, -20.7270719], [-42.920218, -20.7272283], [-42.9198744, -20.7273365], [-42.91941, -20.7274661], [-42.9191407, -20.7275368], [-42.9189349, -20.7275651], [-42.9187608, -20.7275502], [-42.9185143, -20.7274972], [-42.9183146, -20.727401], [-42.9181603, -20.7273019], [-42.918006, -20.7270971], [-42.9173848, -20.7260004], [-42.9173348, -20.7259478], [-42.9171799, -20.725785], [-42.9169467, -20.7256207], [-42.916729, -20.7255246], [-42.9164809, -20.7254538], [-42.9162392, -20.7254284], [-42.9159876, -20.7254397], [-42.9157304, -20.7255104], [-42.9155116, -20.7255909], [-42.9152947, -20.7257255], [-42.9151343, -20.7258755], [-42.9150169, -20.7260104], [-42.9149255, -20.7261557], [-42.9148347, -20.726368], [-42.9147924, -20.7265435], [-42.9147748, -20.7267237], [-42.9147863, -20.7269878], [-42.9148498, -20.7272199], [-42.9149354, -20.7274421], [-42.915219, -20.7278227], [-42.9154762, -20.7282132], [-42.9155797, -20.7283624], [-42.915682, -20.7285557], [-42.9157334, -20.728734], [-42.9157484, -20.7289258], [-42.9157284, -20.7291074], [-42.9156635, -20.7292501], [-42.9155773, -20.7294256], [-42.9154348, -20.7295921], [-42.9152141, -20.7298099], [-42.9147999, -20.7301767], [-42.9141448, -20.7307858], [-42.9134851, -20.731366], [-42.9128012, -20.7319914], [-42.9125138, -20.7322631], [-42.912302, -20.7325036], [-42.9121428, -20.7326981], [-42.9112035, -20.7338904], [-42.9102164, -20.7351284], [-42.9094636, -20.7360581], [-42.9090786, -20.7365154], [-42.9088761, -20.7367449], [-42.9086468, -20.7369318], [-42.908349, -20.7371186], [-42.9077978, -20.7374159], [-42.907303, -20.7376968], [-42.9066244, -20.7380555], [-42.9063535, -20.7381885], [-42.9061376, -20.7382587], [-42.9059109, -20.7382825], [-42.9057486, -20.7382474], [-42.9055931, -20.7381885], [-42.9053825, -20.738043], [-42.9051062, -20.7378022], [-42.9045323, -20.7373319], [-42.9042144, -20.7370409], [-42.9039851, -20.7368114], [-42.9038644, -20.7366797], [-42.9037584, -20.7365179], [-42.9036672, -20.7363347], [-42.9034433, -20.7357992], [-42.9032716, -20.735364], [-42.903171, -20.7351671], [-42.9030611, -20.7350078], [-42.9029082, -20.7348585], [-42.9026775, -20.7347068], [-42.902302, -20.7345149], [-42.9020529, -20.7344326], [-42.9017987, -20.7344224], [-42.9015544, -20.7344666], [-42.90137, -20.7345488], [-42.9012211, -20.73464], [-42.9009689, -20.7348523], [-42.9007087, -20.7350673], [-42.9005641, -20.7351497], [-42.9003553, -20.7352148], [-42.9001451, -20.735234], [-42.899934, -20.7352188], [-42.8990592, -20.7349977], [-42.8985818, -20.7348748], [-42.8984303, -20.7348509], [-42.8982693, -20.7348497], [-42.8980507, -20.7348811], [-42.8978321, -20.7349362], [-42.8973507, -20.7350792], [-42.8970435, -20.7351658], [-42.8958647, -20.7355095]]}}, {"type": "Feature", "properties": {"osm_id": 225862950, "highway": "residential", "name": ""}, "geometry": {"type": "LineString", "coordinates": [[-42.8891826, -20.730744], [-42.8893585, -20.7309111]]}}, {"type": "Feature", "properties": {"osm_id": 225862953, "highway": "service", "name": ""}, "geometry": {"type": "LineString", "coordinates": [[-42.8375537, -20.7515313], [-42.8375409, -20.7513957], [-42.8374897, -20.7508515], [-42.8375199, -20.7506081], [-42.8376107, -20.7502968], [-42.8377862, -20.7500082], [-42.8379375, -20.7497762], [-42.8380767, -20.7494366], [-42.8382401, -20.748831], [-42.8383672, -20.7485537], [-42.8385185, -20.74835], [-42.8386819, -20.7481972], [-42.8387727, -20.7480444], [-42.8388211, -20.7478746], [-42.8388151, -20.7476539], [-42.8388393, -20.7473426], [-42.8389785, -20.7470483], [-42.8393295, -20.7466408], [-42.8399468, -20.7458654], [-42.8402373, -20.7455429], [-42.8402736, -20.7454297], [-42.8402494, -20.7453165], [-42.8401102, -20.7451976], [-42.8395897, -20.7449033]]}}, {"type": "Feature", "properties": {"osm_id": 225862955, "highway": "residential", "name": "Rua Lambari"}, "geometry": {"type": "LineString", "coordinates": [[-42.8893585, -20.7309111], [-42.889376, -20.7309991], [-42.8893701, -20.7310545], [-42.8893297, -20.731121], [-42.8891267, -20.7312686], [-42.8890119, -20.7313387]]}}, {"type": "Feature", "properties": {"osm_id": 287524774, "highway": "residential", "name": "Rua Francisco Vieira da Silva"}, "geometry": {"type": "LineString", "coordinates": [[-42.8767116, -20.7357177], [-42.8768444, -20.7359598], [-42.87688, -20.7360049], [-42.8769283, -20.7360413], [-42.8771033, -20.7361298], [-42.8771479, -20.7361624], [-42.8771764, -20.736209], [-42.8771785, -20.736234], [-42.877181, -20.736265], [-42.877163, -20.7362908], [-42.8771214, -20.7363084], [-42.8770265, -20.736316], [-42.8769308, -20.7363237], [-42.8768639, -20.736341], [-42.8767794, -20.7363674], [-42.8766157, -20.7364367], [-42.8762015, -20.736658], [-42.8760157, -20.7367478]]}}, {"type": "Feature", "properties": {"osm_id": 287524776, "highway": "residential", "name": "Travessa Rita de Oliveira Pimentel"}, "geometry": {"type": "LineString", "coordinates": [[-42.877334, -20.7346654], [-42.8773005, -20.7347615], [-42.8772444, -20.7348008], [-42.8771604, -20.7348576], [-42.8770343, -20.7349318], [-42.8770062, -20.7349711], [-42.877081, -20.7352157]]}}, {"type": "Feature", "properties": {"osm_id": 291551249, "highway": "residential", "name": "Rua Sobradinho"}, "geometry": {"type": "LineString", "coordinates": [[-42.8874007, -20.7624301], [-42.8869395, -20.7621953], [-42.8865619, -20.7620382]]}}, {"type": "Feature", "properties": {"osm_id": 291551305, "highway": "residential", "name": "Rua Brasiliana"}, "geometry": {"type": "LineString", "coordinates": [[-42.8871664, -20.7628384], [-42.8864707, -20.7624846], [-42.8863495, -20.762423]]}}, {"type": "Feature", "properties": {"osm_id": 291551306, "highway": "residential", "name": "Rua Núcleo Bandeirantes"}, "geometry": {"type": "LineString", "coordinates": [[-42.8875969, -20.7619938], [-42.8868274, -20.7616286]]}}, {"type": "Feature", "properties": {"osm_id": 291551307, "highway": "residential", "name": "Rua Gama"}, "geometry": {"type": "LineString", "coordinates": [[-42.8875969, -20.7619938], [-42.8877256, -20.7619709], [-42.8897449, -20.7618844], [-42.8897708, -20.7618964], [-42.8897869, -20.7619811]]}}, {"type": "Feature", "properties": {"osm_id": 291551368, "highway": "residential", "name": "Rua Geraldo Calixto"}, "geometry": {"type": "LineString", "coordinates": [[-42.8902687, -20.7632038], [-42.889811, -20.7632193], [-42.8893504, -20.7632435], [-42.8888906, -20.7632729], [-42.888648, -20.7632779], [-42.8882594, -20.7632395], [-42.8879396, -20.763248], [-42.8876223, -20.7632614], [-42.8872892, -20.763208], [-42.8869483, -20.7631701]]}}, {"type": "Feature", "properties": {"osm_id": 291551369, "highway": "residential", "name": "Rua Goiânia"}, "geometry": {"type": "LineString", "coordinates": [[-42.890849, -20.7641919], [-42.8902334, -20.7641673], [-42.8900966, -20.7641773], [-42.8899464, -20.7641848], [-42.8898418, -20.7641723], [-42.8897426, -20.7641422], [-42.8895173, -20.7640393], [-42.8894207, -20.7639967], [-42.8893241, -20.7639666], [-42.8886022, -20.7638767], [-42.8880482, -20.7638339], [-42.8873166, -20.763773], [-42.8866647, -20.7636609]]}}, {"type": "Feature", "properties": {"osm_id": 291551370, "highway": "residential", "name": "Rua Rui Barbosa"}, "geometry": {"type": "LineString", "coordinates": [[-42.8893357, -20.764798], [-42.8886795, -20.7646398], [-42.8878686, -20.7644504], [-42.8868793, -20.7642277], [-42.8863986, -20.7641337]]}}, {"type": "Feature", "properties": {"osm_id": 291551371, "highway": "residential", "name": "Rua Três Poderes"}, "geometry": {"type": "LineString", "coordinates": [[-42.8878383, -20.7615757], [-42.8871073, -20.7612499]]}}, {"type": "Feature", "properties": {"osm_id": 291910811, "highway": "tertiary", "name": ""}, "geometry": {"type": "LineString", "coordinates": [[-42.851663, -20.7432257], [-42.8515144, -20.7432795], [-42.8514063, -20.7433467], [-42.8512682, -20.7435023]]}}, {"type": "Feature", "properties": {"osm_id": 291910812, "highway": "unclassified", "name": ""}, "geometry": {"type": "LineString", "coordinates": [[-42.8511617, -20.7439314], [-42.8510216, -20.7441465], [-42.8509578, -20.7443716], [-42.8509538, -20.7445334], [-42.851109, -20.7450877], [-42.8511055, -20.7453061], [-42.8507657, -20.7457595], [-42.8507834, -20.74616], [-42.8509391, -20.7467094], [-42.8512152, -20.7469841], [-42.851424, -20.7473846], [-42.8525636, -20.7486125]]}}, {"type": "Feature", "properties": {"osm_id": 291910813, "highway": "unclassified", "name": ""}, "geometry": {"type": "LineString", "coordinates": [[-42.8512682, -20.7435023], [-42.8511831, -20.7438453], [-42.8511617, -20.7439314], [-42.8511061, -20.744412], [-42.8511423, -20.7447306], [-42.8513033, -20.7452323], [-42.8515554, -20.7456737], [-42.8515232, -20.7460299], [-42.8513462, -20.7463861], [-42.8514776, -20.7467147], [-42.8518558, -20.7470884], [-42.8521938, -20.747249], [-42.8525746, -20.7474145], [-42.8529984, -20.7476503], [-42.8532317, -20.7478735], [-42.8534651, -20.7485332], [-42.8537119, -20.74908], [-42.8541142, -20.749386], [-42.8546614, -20.7496268], [-42.8551013, -20.7497472], [-42.8555734, -20.7497472], [-42.855796, -20.7497723], [-42.8561956, -20.7497271], [-42.857408, -20.7501736], [-42.8576279, -20.7501485], [-42.8578801, -20.749993], [-42.8582341, -20.7498375], [-42.8584701, -20.7498626], [-42.858733, -20.7499478], [-42.8589208, -20.7500883], [-42.8590227, -20.750309], [-42.8589637, -20.7507605], [-42.8590495, -20.7510565], [-42.8591622, -20.7514377], [-42.8591084, -20.7517772], [-42.8588908, -20.7521099], [-42.8584734, -20.7523455], [-42.8582197, -20.7524307], [-42.8576454, -20.7525464], [-42.8575367, -20.7526366], [-42.8575019, -20.7527872], [-42.8575627, -20.7529059], [-42.8578095, -20.7532408], [-42.8579208, -20.7534778], [-42.8579249, -20.7535668], [-42.8578913, -20.7536459], [-42.8578082, -20.7537073], [-42.8574085, -20.7538553], [-42.8572986, -20.7539243], [-42.857265, -20.7539782], [-42.8572516, -20.7540321], [-42.857299, -20.7542996], [-42.8573374, -20.7545162], [-42.8573321, -20.754678], [-42.8572918, -20.7548498], [-42.8572181, -20.7550404], [-42.857147, -20.7551696], [-42.857092, -20.7553376], [-42.8570719, -20.7554756], [-42.8571054, -20.7555533], [-42.8571671, -20.7556122], [-42.8573079, -20.7556599], [-42.8574997, -20.7556624], [-42.8576794, -20.7556887], [-42.8577988, -20.7557464], [-42.8578497, -20.7557991], [-42.8578685, -20.7559333], [-42.8578538, -20.7561716], [-42.8577706, -20.7565051], [-42.8576875, -20.7568086], [-42.857548, -20.7571472], [-42.857312, -20.757556], [-42.8572369, -20.7577542], [-42.8572342, -20.7578595], [-42.8572932, -20.7579504], [-42.8574085, -20.7580276], [-42.8575232, -20.7581179], [-42.8575909, -20.7582157], [-42.8575936, -20.7583135], [-42.8574917, -20.7585919], [-42.8574836, -20.7587725], [-42.8575453, -20.7589455], [-42.8577787, -20.759264], [-42.8579932, -20.7594948], [-42.8582078, -20.7596077], [-42.8583553, -20.7596302], [-42.8584841, -20.7596152], [-42.8586584, -20.7595399], [-42.8589803, -20.7592691], [-42.8597045, -20.7585869], [-42.8602195, -20.7582307], [-42.8604046, -20.7581705], [-42.8605172, -20.758173], [-42.8606486, -20.7582031], [-42.8608245, -20.7583049], [-42.8611636, -20.7586069], [-42.8612146, -20.7587123], [-42.8612173, -20.7588126], [-42.8611904, -20.7589505], [-42.8610832, -20.7593042], [-42.8610939, -20.7593869], [-42.861169, -20.7594898], [-42.861515, -20.7598108], [-42.8618828, -20.7602935], [-42.8621306, -20.7605877], [-42.862233, -20.7608229], [-42.8622633, -20.761135], [-42.8623489, -20.7613922], [-42.8623714, -20.7615967]]}}, {"type": "Feature", "properties": {"osm_id": 292389639, "highway": "steps", "name": ""}, "geometry": {"type": "LineString", "coordinates": [[-42.8813025, -20.7587252], [-42.8810944, -20.7590297], [-42.8810035, -20.759142], [-42.8809037, -20.7593299]]}}, {"type": "Feature", "properties": {"osm_id": 292389640, "highway": "tertiary", "name": "Avenida dos Lagos"}, "geometry": {"type": "LineString", "coordinates": [[-42.8754063, -20.7581726], [-42.8752114, -20.7583998], [-42.8750104, -20.7585311], [-42.8748228, -20.7585932], [-42.8746389, -20.7585915], [-42.8745867, -20.758591], [-42.8744561, -20.7585615], [-42.8743708, -20.7585422], [-42.8743468, -20.7585368], [-42.8740611, -20.7584449], [-42.873805, -20.7584427], [-42.8736185, -20.7585468], [-42.8733274, -20.7587453], [-42.8730901, -20.7589729], [-42.8729335, -20.7591454], [-42.8727896, -20.7593673], [-42.8725458, -20.7598604], [-42.8724831, -20.7599351], [-42.8724501, -20.7599643], [-42.8721203, -20.7601824], [-42.8720398, -20.7602418]]}}, {"type": "Feature", "properties": {"osm_id": 292389642, "highway": "footway", "name": ""}, "geometry": {"type": "LineString", "coordinates": [[-42.8759802, -20.757313], [-42.8755842, -20.7572276], [-42.8755447, -20.7572074]]}}, {"type": "Feature", "properties": {"osm_id": 292389644, "highway": "footway", "name": ""}, "geometry": {"type": "LineString", "coordinates": [[-42.8745274, -20.7567203], [-42.8747773, -20.7570122], [-42.8748383, -20.757082]]}}, {"type": "Feature", "properties": {"osm_id": 292389645, "highway": "footway", "name": ""}, "geometry": {"type": "LineString", "coordinates": [[-42.8747773, -20.7570122], [-42.8747103, -20.7570673], [-42.8744634, -20.7572712], [-42.8744411, -20.7572896], [-42.8744356, -20.7572941]]}}, {"type": "Feature", "properties": {"osm_id": 292389646, "highway": "footway", "name": ""}, "geometry": {"type": "LineString", "coordinates": [[-42.8747103, -20.7570673], [-42.8747729, -20.7571385], [-42.8750169, -20.7574036], [-42.8750327, -20.7574208], [-42.8750439, -20.757433]]}}, {"type": "Feature", "properties": {"osm_id": 292389647, "highway": "footway", "name": ""}, "geometry": {"type": "LineString", "coordinates": [[-42.8747729, -20.7571385], [-42.8748383, -20.757082], [-42.8750453, -20.7569008]]}}, {"type": "Feature", "properties": {"osm_id": 292446741, "highway": "service", "name": ""}, "geometry": {"type": "LineString", "coordinates": [[-42.8644198, -20.7605419], [-42.8644544, -20.7604512], [-42.864508, -20.7603935], [-42.864559, -20.7603785], [-42.8646178, -20.7603833], [-42.8650311, -20.7604337]]}}, {"type": "Feature", "properties": {"osm_id": 292446744, "highway": "service", "name": ""}, "geometry": {"type": "LineString", "coordinates": [[-42.8716706, -20.7580346], [-42.8717935, -20.7580311], [-42.8718796, -20.7580312]]}}, {"type": "Feature", "properties": {"osm_id": 292447184, "highway": "service", "name": ""}, "geometry": {"type": "LineString", "coordinates": [[-42.8773818, -20.7540257], [-42.8771833, -20.754284], [-42.8771538, -20.7543417], [-42.877178, -20.7544044], [-42.8775642, -20.7546753], [-42.8776474, -20.7546978], [-42.8778706, -20.7543448]]}}, {"type": "Feature", "properties": {"osm_id": 292475216, "highway": "residential", "name": "Rua Luzia Duarte Pontes"}, "geometry": {"type": "LineString", "coordinates": [[-42.8826386, -20.7679351], [-42.8831966, -20.7680071], [-42.8832291, -20.7680516]]}}, {"type": "Feature", "properties": {"osm_id": 292475221, "highway": "residential", "name": ""}, "geometry": {"type": "LineString", "coordinates": [[-42.8819728, -20.7538629], [-42.8819197, -20.7538796], [-42.8814834, -20.7540167], [-42.8814273, -20.7540343], [-42.8813681, -20.7540529]]}}, {"type": "Feature", "properties": {"osm_id": 292475222, "highway": "residential", "name": "Rua Virgílio Val"}, "geometry": {"type": "LineString", "coordinates": [[-42.8817721, -20.7531702], [-42.8818483, -20.7531479], [-42.8819486, -20.7531222], [-42.8823135, -20.7530286], [-42.8841805, -20.7525394], [-42.8850831, -20.7522949]]}}, {"type": "Feature", "properties": {"osm_id": 292475223, "highway": "tertiary", "name": ""}, "geometry": {"type": "LineString", "coordinates": [[-42.8809829, -20.7533892], [-42.8812169, -20.7540666], [-42.8812386, -20.754081], [-42.8813329, -20.7540844]]}}, {"type": "Feature", "properties": {"osm_id": 292475224, "highway": "tertiary", "name": ""}, "geometry": {"type": "LineString", "coordinates": [[-42.8813681, -20.7540529], [-42.8811399, -20.7533451]]}}, {"type": "Feature", "properties": {"osm_id": 292475225, "highway": "service", "name": ""}, "geometry": {"type": "LineString", "coordinates": [[-42.8817721, -20.7531702], [-42.8818292, -20.7533639], [-42.8818144, -20.7534303], [-42.8818689, -20.7536215], [-42.8819086, -20.7536543], [-42.8819728, -20.7538629]]}}, {"type": "Feature", "properties": {"osm_id": 292475226, "highway": "tertiary", "name": ""}, "geometry": {"type": "LineString", "coordinates": [[-42.8813329, -20.7540844], [-42.8814901, -20.7546299], [-42.8815084, -20.754698], [-42.8815319, -20.7547745], [-42.8815881, -20.7548349]]}}, {"type": "Feature", "properties": {"osm_id": 292475227, "highway": "tertiary", "name": "Avenida Bueno Brandão"}, "geometry": {"type": "LineString", "coordinates": [[-42.8838845, -20.7543298], [-42.8838137, -20.7543512], [-42.8835656, -20.7543537], [-42.883195, -20.7543178], [-42.8830779, -20.7542991], [-42.8828222, -20.754289], [-42.8825433, -20.7543264], [-42.8824216, -20.7543913], [-42.8823415, -20.754459], [-42.8820165, -20.7547399], [-42.8811365, -20.7554665], [-42.8805684, -20.7559202], [-42.8802463, -20.7561594], [-42.8800415, -20.7562573], [-42.8800114, -20.7562717]]}}, {"type": "Feature", "properties": {"osm_id": 292475230, "highway": "tertiary", "name": "Rua Benedito Valadares"}, "geometry": {"type": "LineString", "coordinates": [[-42.8839211, -20.7542141], [-42.8839758, -20.7541935], [-42.8840931, -20.7541318], [-42.8841495, -20.754073], [-42.8841932, -20.7540226]]}}, {"type": "Feature", "properties": {"osm_id": 292475231, "highway": "tertiary", "name": ""}, "geometry": {"type": "LineString", "coordinates": [[-42.8839062, -20.7543344], [-42.8838845, -20.7543298], [-42.8838657, -20.7543185], [-42.8838521, -20.754302], [-42.8838453, -20.7542822], [-42.8838457, -20.7542632], [-42.8838522, -20.7542454], [-42.8838646, -20.7542301], [-42.8838813, -20.7542192], [-42.8839007, -20.7542137], [-42.8839211, -20.7542141], [-42.8839402, -20.7542204], [-42.8839563, -20.7542319], [-42.883968, -20.7542475], [-42.8839741, -20.7542675], [-42.8839725, -20.7542883], [-42.8839636, -20.7543074], [-42.8839482, -20.7543225], [-42.8839283, -20.7543319], [-42.8839062, -20.7543344]]}}, {"type": "Feature", "properties": {"osm_id": 292475232, "highway": "tertiary", "name": "Rua Sebastião Lopes Carvalho"}, "geometry": {"type": "LineString", "coordinates": [[-42.8799242, -20.7560915], [-42.880021, -20.7560158], [-42.880615, -20.7555283], [-42.8809358, -20.7552744], [-42.8809661, -20.7551234], [-42.881015, -20.7550713], [-42.8812655, -20.7548793], [-42.8813393, -20.7548381], [-42.8814341, -20.7547905], [-42.8815126, -20.7548053], [-42.8815881, -20.7548349]]}}, {"type": "Feature", "properties": {"osm_id": 292475233, "highway": "tertiary", "name": ""}, "geometry": {"type": "LineString", "coordinates": [[-42.8815881, -20.7548349], [-42.8816036, -20.7548587], [-42.8816028, -20.7548857], [-42.8815804, -20.7549201], [-42.8810428, -20.7553581], [-42.8801878, -20.7560413], [-42.8801421, -20.7560783], [-42.8800702, -20.7561321]]}}, {"type": "Feature", "properties": {"osm_id": 292475236, "highway": "tertiary", "name": "Avenida Bueno Brandão"}, "geometry": {"type": "LineString", "coordinates": [[-42.8800114, -20.7562717], [-42.8796176, -20.7564795], [-42.8795666, -20.7565064], [-42.8793979, -20.7565954], [-42.8792853, -20.7566069]]}}, {"type": "Feature", "properties": {"osm_id": 292475238, "highway": "tertiary", "name": ""}, "geometry": {"type": "LineString", "coordinates": [[-42.8792853, -20.7566069], [-42.8793389, -20.7565462], [-42.8794942, -20.7564268], [-42.8798765, -20.7561331]]}}, {"type": "Feature", "properties": {"osm_id": 292475240, "highway": "tertiary", "name": "Avenida Bueno Brandão"}, "geometry": {"type": "LineString", "coordinates": [[-42.8792853, -20.7566069], [-42.8790275, -20.7567227], [-42.8786332, -20.756898], [-42.8784168, -20.7569976], [-42.878346, -20.7570306], [-42.8782105, -20.7570989]]}}, {"type": "Feature", "properties": {"osm_id": 292475243, "highway": "secondary", "name": ""}, "geometry": {"type": "LineString", "coordinates": [[-42.8784193, -20.7550614], [-42.8784528, -20.7549982], [-42.8784652, -20.7549436], [-42.8784528, -20.7548559], [-42.8784344, -20.7547775], [-42.8783783, -20.7546388]]}}, {"type": "Feature", "properties": {"osm_id": 292475244, "highway": "secondary", "name": "Avenida Marechal Humberto Castelo Branco"}, "geometry": {"type": "LineString", "coordinates": [[-42.8783783, -20.7546388], [-42.8785715, -20.754746], [-42.8785737, -20.7547471], [-42.8786653, -20.7547884], [-42.878757, -20.7548067]]}}, {"type": "Feature", "properties": {"osm_id": 292475246, "highway": "tertiary", "name": "Rua Senador Vaz de Melo"}, "geometry": {"type": "LineString", "coordinates": [[-42.879385, -20.7543851], [-42.8808553, -20.7534356], [-42.8809829, -20.7533892]]}}, {"type": "Feature", "properties": {"osm_id": 292475247, "highway": "secondary", "name": "Avenida Peter Henry Rolfs"}, "geometry": {"type": "LineString", "coordinates": [[-42.8755102, -20.7572326], [-42.8755447, -20.7572074], [-42.8756393, -20.7571359], [-42.8762161, -20.7566666], [-42.8764255, -20.7565131], [-42.8768713, -20.7561864], [-42.8777529, -20.7555403], [-42.8778306, -20.7554855]]}}, {"type": "Feature", "properties": {"osm_id": 292475249, "highway": "residential", "name": ""}, "geometry": {"type": "LineString", "coordinates": [[-42.879385, -20.7543851], [-42.879412, -20.7544241], [-42.8795873, -20.7547506], [-42.8791275, -20.7549585]]}}, {"type": "Feature", "properties": {"osm_id": 292475259, "highway": "secondary", "name": "Avenida Marechal Castelo Branco"}, "geometry": {"type": "LineString", "coordinates": [[-42.8773691, -20.7537119], [-42.8774048, -20.7537393], [-42.8774296, -20.7537586], [-42.8774782, -20.7537955], [-42.8775558, -20.7538549], [-42.8778845, -20.7541515], [-42.8779663, -20.7542346], [-42.8783783, -20.7546388]]}}, {"type": "Feature", "properties": {"osm_id": 292666775, "highway": "residential", "name": "Rua do Pintinho"}, "geometry": {"type": "LineString", "coordinates": [[-42.8766267, -20.7626482], [-42.8766958, -20.7629436], [-42.8766757, -20.7631934], [-42.8767231, -20.7634567], [-42.8767621, -20.7637147]]}}, {"type": "Feature", "properties": {"osm_id": 292666776, "highway": "service", "name": ""}, "geometry": {"type": "LineString", "coordinates": [[-42.8766958, -20.7629436], [-42.8762018, -20.7632617]]}}, {"type": "Feature", "properties": {"osm_id": 292666777, "highway": "secondary", "name": ""}, "geometry": {"type": "LineString", "coordinates": [[-42.8774491, -20.7571112], [-42.8772521, -20.7571007]]}}, {"type": "Feature", "properties": {"osm_id": 292666778, "highway": "residential", "name": ""}, "geometry": {"type": "LineString", "coordinates": [[-42.8774491, -20.7571112], [-42.8774217, -20.7571528], [-42.8771618, -20.7575094], [-42.8771473, -20.7575159], [-42.8771281, -20.7575141], [-42.8769905, -20.7574252], [-42.8769829, -20.7574203]]}}, {"type": "Feature", "properties": {"osm_id": 292666782, "highway": "service", "name": ""}, "geometry": {"type": "LineString", "coordinates": [[-42.877467, -20.7568661], [-42.877285, -20.7567199], [-42.8772251, -20.7566773]]}}, {"type": "Feature", "properties": {"osm_id": 292666783, "highway": "residential", "name": "Rua Álvaro Gouveia"}, "geometry": {"type": "LineString", "coordinates": [[-42.8848164, -20.7535096], [-42.8846923, -20.7536296], [-42.8843545, -20.754078]]}}, {"type": "Feature", "properties": {"osm_id": 292666786, "highway": "secondary", "name": "Avenida Marechal Castelo Branco"}, "geometry": {"type": "LineString", "coordinates": [[-42.8714175, -20.7525563], [-42.8715041, -20.7526286], [-42.8716859, -20.7527803], [-42.8719014, -20.7529394], [-42.8719836, -20.7529934], [-42.8723994, -20.7532116], [-42.8724807, -20.7532913]]}}, {"type": "Feature", "properties": {"osm_id": 292666787, "highway": "secondary", "name": ""}, "geometry": {"type": "LineString", "coordinates": [[-42.871289, -20.7526698], [-42.8712622, -20.7526537], [-42.8712424, -20.7526304], [-42.8712319, -20.7526025], [-42.8712316, -20.7525729], [-42.8712416, -20.7525448], [-42.8712607, -20.7525213], [-42.871287, -20.7525048], [-42.8713176, -20.7524971], [-42.8713492, -20.7524992], [-42.8713784, -20.7525106], [-42.8714019, -20.7525303], [-42.8714175, -20.7525563], [-42.8714233, -20.7525855], [-42.8714185, -20.752615], [-42.8714037, -20.7526414], [-42.8713805, -20.7526618], [-42.8713515, -20.7526741], [-42.8713199, -20.7526768], [-42.871289, -20.7526698]]}}, {"type": "Feature", "properties": {"osm_id": 292666788, "highway": "service", "name": ""}, "geometry": {"type": "LineString", "coordinates": [[-42.8734884, -20.7621163], [-42.8736124, -20.7621151], [-42.8738063, -20.7616494], [-42.874139, -20.7610504], [-42.8743124, -20.7608717], [-42.8745389, -20.7607261], [-42.875647, -20.7602581], [-42.8757557, -20.7601687], [-42.8758246, -20.7600691], [-42.8758666, -20.7599778], [-42.8758514, -20.7599337], [-42.8758014, -20.7599144], [-42.8757119, -20.759935], [-42.8756203, -20.7599809], [-42.8751321, -20.7601715], [-42.8744777, -20.7603972], [-42.8742416, -20.7605277], [-42.8740485, -20.7607032], [-42.8738661, -20.760954], [-42.873614, -20.7614657], [-42.8735648, -20.7616981], [-42.8734884, -20.7621163]]}}, {"type": "Feature", "properties": {"osm_id": 292666789, "highway": "residential", "name": "Rua José dos Santos"}, "geometry": {"type": "LineString", "coordinates": [[-42.8815988, -20.7638175], [-42.8814822, -20.7638906], [-42.8811661, -20.764077], [-42.8809577, -20.764199], [-42.8807244, -20.7643232], [-42.880508, -20.764441], [-42.8804181, -20.7644853], [-42.8802453, -20.7645705], [-42.88006, -20.7646618]]}}, {"type": "Feature", "properties": {"osm_id": 292666790, "highway": "residential", "name": ""}, "geometry": {"type": "LineString", "coordinates": [[-42.8807244, -20.7643232], [-42.880615, -20.764236], [-42.8804862, -20.764083], [-42.880395, -20.7639124], [-42.8803218, -20.7637174]]}}, {"type": "Feature", "properties": {"osm_id": 292666793, "highway": "residential", "name": "Rua José dos Santos"}, "geometry": {"type": "LineString", "coordinates": [[-42.88006, -20.7646618], [-42.880105, -20.7647379], [-42.8802978, -20.7650641], [-42.8807342, -20.7660496]]}}, {"type": "Feature", "properties": {"osm_id": 292666794, "highway": "service", "name": ""}, "geometry": {"type": "LineString", "coordinates": [[-42.8802978, -20.7650641], [-42.8805395, -20.7650239], [-42.8810633, -20.7657851], [-42.8813039, -20.7658049]]}}, {"type": "Feature", "properties": {"osm_id": 292666796, "highway": "service", "name": ""}, "geometry": {"type": "LineString", "coordinates": [[-42.8689717, -20.7607015], [-42.8684418, -20.7611545], [-42.8684076, -20.7611786], [-42.8683784, -20.7611846], [-42.8683563, -20.7611821], [-42.8683328, -20.7611721], [-42.8683124, -20.7611517], [-42.8683063, -20.7611398], [-42.8683067, -20.7611072], [-42.8683154, -20.7610858], [-42.8683509, -20.7610448], [-42.8688872, -20.7605985]]}}, {"type": "Feature", "properties": {"osm_id": 292666804, "highway": "service", "name": ""}, "geometry": {"type": "LineString", "coordinates": [[-42.872009, -20.7580442], [-42.8721436, -20.7580576], [-42.8722187, -20.7581404], [-42.8721476, -20.7581956]]}}, {"type": "Feature", "properties": {"osm_id": 292666805, "highway": "service", "name": ""}, "geometry": {"type": "LineString", "coordinates": [[-42.8721476, -20.7581956], [-42.8720757, -20.7582495]]}}, {"type": "Feature", "properties": {"osm_id": 292666808, "highway": "service", "name": ""}, "geometry": {"type": "LineString", "coordinates": [[-42.8719369, -20.7583477], [-42.8718023, -20.758462]]}}, {"type": "Feature", "properties": {"osm_id": 292668420, "highway": "residential", "name": "Rua Maria Geralda Paranhos"}, "geometry": {"type": "LineString", "coordinates": [[-42.8789048, -20.7642145], [-42.8792262, -20.764183], [-42.879661, -20.7640307]]}}, {"type": "Feature", "properties": {"osm_id": 292668421, "highway": "service", "name": ""}, "geometry": {"type": "LineString", "coordinates": [[-42.8814871, -20.7643929], [-42.8815395, -20.7643567], [-42.8817755, -20.7642145], [-42.8818243, -20.7642582], [-42.8816515, -20.7644217], [-42.8814871, -20.7643929]]}}, {"type": "Feature", "properties": {"osm_id": 292668427, "highway": "residential", "name": "Rua São José"}, "geometry": {"type": "LineString", "coordinates": [[-42.8782908, -20.7618152], [-42.878167, -20.7619092], [-42.878105, -20.7619562]]}}, {"type": "Feature", "properties": {"osm_id": 292668428, "highway": "steps", "name": ""}, "geometry": {"type": "LineString", "coordinates": [[-42.8795592, -20.7615916], [-42.8794637, -20.7616427], [-42.8793457, -20.7617004], [-42.8792618, -20.7617544], [-42.8792111, -20.7617912]]}}, {"type": "Feature", "properties": {"osm_id": 292668429, "highway": "residential", "name": "Rua Ana Cardoso Machado"}, "geometry": {"type": "LineString", "coordinates": [[-42.8764847, -20.7611179], [-42.8769235, -20.7611756], [-42.8774168, -20.7612755], [-42.8775796, -20.7612829], [-42.8784087, -20.7609593]]}}, {"type": "Feature", "properties": {"osm_id": 292668430, "highway": "service", "name": ""}, "geometry": {"type": "LineString", "coordinates": [[-42.8710089, -20.7537399], [-42.8710788, -20.7537351], [-42.871242, -20.7533827], [-42.8711457, -20.7533453], [-42.8709842, -20.7536341], [-42.8710089, -20.7537399]]}}, {"type": "Feature", "properties": {"osm_id": 292668432, "highway": "residential", "name": "Rua Vereador Almiro Pontes"}, "geometry": {"type": "LineString", "coordinates": [[-42.8747213, -20.7489556], [-42.8743818, -20.7494989], [-42.8741943, -20.7497846], [-42.8738231, -20.7502715], [-42.8736122, -20.7505193], [-42.8735565, -20.7505671], [-42.873498, -20.7505913], [-42.873396, -20.7506188], [-42.8721354, -20.7509788], [-42.8715547, -20.7511518], [-42.8710679, -20.7512986], [-42.8707875, -20.7513964], [-42.8705517, -20.7514838]]}}, {"type": "Feature", "properties": {"osm_id": 292668436, "highway": "secondary", "name": "Avenida Peter Henry Rolfs"}, "geometry": {"type": "LineString", "coordinates": [[-42.8722913, -20.7585203], [-42.8723038, -20.7585112], [-42.8725388, -20.7583357], [-42.8737717, -20.7573631], [-42.8738844, -20.7573029], [-42.8740212, -20.7572615], [-42.8741781, -20.7572414], [-42.8743028, -20.7572627], [-42.8744356, -20.7572941], [-42.8745967, -20.7573774], [-42.8747469, -20.7574275], [-42.8748585, -20.757448], [-42.8749845, -20.7574441], [-42.8750439, -20.757433], [-42.8750874, -20.7574216], [-42.8752164, -20.7573538]]}}, {"type": "Feature", "properties": {"osm_id": 292668437, "highway": "secondary", "name": "Avenida Peter Henry Rolfs"}, "geometry": {"type": "LineString", "coordinates": [[-42.8722614, -20.7586391], [-42.8722494, -20.7586484], [-42.871997, -20.7588438], [-42.8717015, -20.7590789], [-42.8716585, -20.7591136], [-42.8713257, -20.7593831], [-42.8706202, -20.7599391], [-42.8704981, -20.7600393], [-42.8704873, -20.760048]]}}, {"type": "Feature", "properties": {"osm_id": 292668438, "highway": "secondary", "name": "Rotatória Vigilancia"}, "geometry": {"type": "LineString", "coordinates": [[-42.8722614, -20.7586391], [-42.8722427, -20.7586307], [-42.8722278, -20.7586173], [-42.8722182, -20.7586002], [-42.8722147, -20.7585811], [-42.8722185, -20.7585601], [-42.8722297, -20.7585415], [-42.8722471, -20.7585277], [-42.8722685, -20.7585204], [-42.8722913, -20.7585203], [-42.8723117, -20.7585271], [-42.8723286, -20.7585396], [-42.8723402, -20.7585566], [-42.8723452, -20.7585762], [-42.8723433, -20.7585957], [-42.8723349, -20.7586137], [-42.8723209, -20.7586282], [-42.8723027, -20.7586378], [-42.8722821, -20.7586416], [-42.8722614, -20.7586391]]}}, {"type": "Feature", "properties": {"osm_id": 292668439, "highway": "footway", "name": ""}, "geometry": {"type": "LineString", "coordinates": [[-42.8714767, -20.7588356], [-42.8715505, -20.7589156], [-42.8716324, -20.7590042], [-42.8716383, -20.7590107], [-42.8716572, -20.7590312], [-42.8717015, -20.7590789]]}}, {"type": "Feature", "properties": {"osm_id": 292668440, "highway": "service", "name": ""}, "geometry": {"type": "LineString", "coordinates": [[-42.8697296, -20.7606209], [-42.8697445, -20.7606397], [-42.8697693, -20.7606673], [-42.8698979, -20.7608102], [-42.8699299, -20.7608474], [-42.8700236, -20.7609469], [-42.8700835, -20.7610066], [-42.8700865, -20.7610096], [-42.8702688, -20.7611733], [-42.8704773, -20.7613721], [-42.8705517, -20.761443], [-42.870581, -20.7614709], [-42.8705056, -20.7615858], [-42.8703778, -20.7618008]]}}, {"type": "Feature", "properties": {"osm_id": 292668441, "highway": "service", "name": ""}, "geometry": {"type": "LineString", "coordinates": [[-42.8699299, -20.7608474], [-42.8705055, -20.7603967], [-42.8705568, -20.7603836], [-42.8705919, -20.7603967], [-42.8706152, -20.7604229], [-42.8706152, -20.7604535], [-42.8705965, -20.7604775], [-42.8700236, -20.7609469]]}}, {"type": "Feature", "properties": {"osm_id": 292668443, "highway": "service", "name": ""}, "geometry": {"type": "LineString", "coordinates": [[-42.869304, -20.7610152], [-42.8693141, -20.7610318], [-42.8693252, -20.7610441], [-42.8693403, -20.761061], [-42.8695707, -20.76131]]}}, {"type": "Feature", "properties": {"osm_id": 292668444, "highway": "service", "name": ""}, "geometry": {"type": "LineString", "coordinates": [[-42.8694882, -20.7613677], [-42.8692704, -20.7611196], [-42.8692482, -20.7610952], [-42.8692397, -20.7610848], [-42.8692318, -20.7610725]]}}, {"type": "Feature", "properties": {"osm_id": 292668445, "highway": "service", "name": ""}, "geometry": {"type": "LineString", "coordinates": [[-42.8695707, -20.76131], [-42.869805, -20.7611639], [-42.8698188, -20.7611608], [-42.8698335, -20.7611611], [-42.8698459, -20.7611655], [-42.8698649, -20.7611809], [-42.8698922, -20.7612028], [-42.8698389, -20.7612514], [-42.8696096, -20.7614238], [-42.8693957, -20.7615965]]}}, {"type": "Feature", "properties": {"osm_id": 292668446, "highway": "service", "name": ""}, "geometry": {"type": "LineString", "coordinates": [[-42.8693957, -20.7615965], [-42.869346, -20.761632], [-42.8693241, -20.7616021], [-42.8693152, -20.7615878], [-42.8693098, -20.761568], [-42.8693152, -20.7615479], [-42.8693309, -20.7615276], [-42.8694882, -20.7613677]]}}, {"type": "Feature", "properties": {"osm_id": 292668447, "highway": "service", "name": ""}, "geometry": {"type": "LineString", "coordinates": [[-42.8694882, -20.7613677], [-42.8695254, -20.7613394], [-42.8695707, -20.76131]]}}, {"type": "Feature", "properties": {"osm_id": 292668451, "highway": "footway", "name": ""}, "geometry": {"type": "LineString", "coordinates": [[-42.8698922, -20.7612028], [-42.8699066, -20.7612236], [-42.8699046, -20.7612548], [-42.869903, -20.7612894], [-42.8698183, -20.7615516], [-42.8697644, -20.7615948], [-42.8696096, -20.7614238]]}}, {"type": "Feature", "properties": {"osm_id": 292668453, "highway": "footway", "name": ""}, "geometry": {"type": "LineString", "coordinates": [[-42.869346, -20.761632], [-42.8694896, -20.7617971], [-42.8699343, -20.7623083], [-42.8696176, -20.7625616]]}}, {"type": "Feature", "properties": {"osm_id": 292668458, "highway": "service", "name": ""}, "geometry": {"type": "LineString", "coordinates": [[-42.868885, -20.7614677], [-42.8689353, -20.7614318], [-42.8689538, -20.7614266], [-42.8689658, -20.7614287], [-42.8689779, -20.7614345], [-42.8691579, -20.761616], [-42.869166, -20.7616304], [-42.8691667, -20.761648], [-42.8691539, -20.7616617]]}}, {"type": "Feature", "properties": {"osm_id": 292821915, "highway": "service", "name": ""}, "geometry": {"type": "LineString", "coordinates": [[-42.8688449, -20.7593126], [-42.8688139, -20.7593355], [-42.8688036, -20.7593377], [-42.8687922, -20.7593336], [-42.8687811, -20.7593236], [-42.8687083, -20.7592333], [-42.868702, -20.7592217], [-42.868704, -20.7592092], [-42.8687114, -20.7591979], [-42.8687556, -20.759165]]}}, {"type": "Feature", "properties": {"osm_id": 292821916, "highway": "service", "name": ""}, "geometry": {"type": "LineString", "coordinates": [[-42.8687556, -20.759165], [-42.868764, -20.7591603], [-42.868774, -20.7591597], [-42.8687834, -20.7591606], [-42.8687922, -20.7591653], [-42.8688803, -20.7592612], [-42.8688847, -20.7592728], [-42.8688833, -20.7592835], [-42.868878, -20.7592888], [-42.8688449, -20.7593126]]}}, {"type": "Feature", "properties": {"osm_id": 292821919, "highway": "tertiary", "name": "Avenida Purdue"}, "geometry": {"type": "LineString", "coordinates": [[-42.8713985, -20.7578995], [-42.8722593, -20.7572553], [-42.872363, -20.757207], [-42.87325, -20.7567943], [-42.8735257, -20.7566033], [-42.8737802, -20.7563557], [-42.8739262, -20.7562137], [-42.8741732, -20.7559094]]}}, {"type": "Feature", "properties": {"osm_id": 292821921, "highway": "service", "name": ""}, "geometry": {"type": "LineString", "coordinates": [[-42.869821, -20.7589474], [-42.8704698, -20.7584447], [-42.8705494, -20.7584547], [-42.8705798, -20.7585109]]}}, {"type": "Feature", "properties": {"osm_id": 292821923, "highway": "footway", "name": ""}, "geometry": {"type": "LineString", "coordinates": [[-42.8699569, -20.7590598], [-42.8699644, -20.7590686], [-42.8701747, -20.7593164], [-42.8703489, -20.7595216], [-42.8704474, -20.7596377]]}}, {"type": "Feature", "properties": {"osm_id": 292821924, "highway": "footway", "name": ""}, "geometry": {"type": "LineString", "coordinates": [[-42.8693737, -20.759429], [-42.8694135, -20.7594732], [-42.8699219, -20.7600376]]}}, {"type": "Feature", "properties": {"osm_id": 292821925, "highway": "service", "name": ""}, "geometry": {"type": "LineString", "coordinates": [[-42.8722593, -20.7572553], [-42.872373, -20.7573439], [-42.8724504, -20.7574271], [-42.8724981, -20.7574783], [-42.8725809, -20.7575673], [-42.8726744, -20.7576678]]}}, {"type": "Feature", "properties": {"osm_id": 292823000, "highway": "service", "name": ""}, "geometry": {"type": "LineString", "coordinates": [[-42.8661354, -20.7646353], [-42.8656174, -20.7640525]]}}, {"type": "Feature", "properties": {"osm_id": 292823001, "highway": "service", "name": ""}, "geometry": {"type": "LineString", "coordinates": [[-42.8660171, -20.7647165], [-42.8661354, -20.7646353], [-42.8662317, -20.7645685], [-42.8662451, -20.7645572], [-42.8662504, -20.7645378], [-42.8662363, -20.7645152], [-42.8657683, -20.7639842], [-42.8657579, -20.7639788], [-42.8657421, -20.7639763], [-42.8657287, -20.763981], [-42.8656174, -20.7640525]]}}, {"type": "Feature", "properties": {"osm_id": 292881323, "highway": "unclassified", "name": ""}, "geometry": {"type": "LineString", "coordinates": [[-42.8662424, -20.7591179], [-42.8662473, -20.7591376], [-42.8662616, -20.759153], [-42.8666007, -20.7593947], [-42.8666178, -20.759402], [-42.8666365, -20.7594038], [-42.8666549, -20.7593998], [-42.8666708, -20.7593904], [-42.8666826, -20.7593767], [-42.8666891, -20.7593602], [-42.8666894, -20.7593426], [-42.8666836, -20.7593258], [-42.8666723, -20.7593117], [-42.8666595, -20.7592967], [-42.8663186, -20.7590884], [-42.8662951, -20.7590771], [-42.8662743, -20.7590783], [-42.8662579, -20.7590867], [-42.8662496, -20.7590956], [-42.8662424, -20.7591179]]}}, {"type": "Feature", "properties": {"osm_id": 292881329, "highway": "service", "name": ""}, "geometry": {"type": "LineString", "coordinates": [[-42.8556772, -20.7683287], [-42.8553324, -20.7685194], [-42.8551797, -20.7685962], [-42.8542583, -20.7690164], [-42.8541751, -20.7690314], [-42.8541188, -20.7690239], [-42.8540544, -20.7689725], [-42.8537835, -20.7684797], [-42.8537352, -20.7683493], [-42.85375, -20.7682565], [-42.8537835, -20.7681775], [-42.8538586, -20.7680884], [-42.8540464, -20.7679367], [-42.8542234, -20.7678138], [-42.8543696, -20.7677185], [-42.8546096, -20.767563], [-42.8548417, -20.7674138], [-42.8549677, -20.7673499], [-42.8550991, -20.7672859], [-42.8552279, -20.7672195], [-42.8554612, -20.7670941]]}}, {"type": "Feature", "properties": {"osm_id": 292881333, "highway": "service", "name": ""}, "geometry": {"type": "LineString", "coordinates": [[-42.8553761, -20.7682493], [-42.8554173, -20.7682392], [-42.8554378, -20.7682433], [-42.8554559, -20.7682587], [-42.8554707, -20.7682894], [-42.8554706, -20.7683051], [-42.8554552, -20.768327], [-42.8554136, -20.7683515], [-42.8551247, -20.7685008]]}}, {"type": "Feature", "properties": {"osm_id": 292881336, "highway": "unclassified", "name": ""}, "geometry": {"type": "LineString", "coordinates": [[-42.8662496, -20.7590956], [-42.866237, -20.7590885]]}}, {"type": "Feature", "properties": {"osm_id": 292881338, "highway": "service", "name": ""}, "geometry": {"type": "LineString", "coordinates": [[-42.8679872, -20.7626449], [-42.8683543, -20.763059], [-42.8683858, -20.7631083], [-42.8683925, -20.763133], [-42.8683892, -20.7631503], [-42.8683788, -20.7631622], [-42.8680803, -20.7633775], [-42.8679703, -20.7634568], [-42.8679563, -20.7634669]]}}, {"type": "Feature", "properties": {"osm_id": 292885472, "highway": "service", "name": ""}, "geometry": {"type": "LineString", "coordinates": [[-42.8739741, -20.7642887], [-42.8735253, -20.7647299], [-42.873261, -20.7649503], [-42.8729521, -20.765091], [-42.8728667, -20.7651784], [-42.8727672, -20.7652172], [-42.8726797, -20.7652012], [-42.8725606, -20.7651769], [-42.8723544, -20.7651822], [-42.8721186, -20.7651898], [-42.8719723, -20.7651974], [-42.8718832, -20.7651174], [-42.871895, -20.7649655], [-42.8719438, -20.7648287], [-42.8720334, -20.7646158], [-42.8721943, -20.7645757], [-42.8724073, -20.7646196], [-42.8725943, -20.7647185], [-42.8728057, -20.7648021], [-42.872948, -20.7648135], [-42.8732732, -20.7647299], [-42.8739741, -20.7642887]]}}, {"type": "Feature", "properties": {"osm_id": 292885482, "highway": "service", "name": ""}, "geometry": {"type": "LineString", "coordinates": [[-42.8882806, -20.7560939], [-42.8883698, -20.7559869], [-42.8888775, -20.7560034], [-42.8889074, -20.7559859], [-42.8889659, -20.7557165]]}}, {"type": "Feature", "properties": {"osm_id": 292885485, "highway": "residential", "name": ""}, "geometry": {"type": "LineString", "coordinates": [[-42.8880677, -20.7596857], [-42.8880926, -20.7598136], [-42.8881749, -20.7600372], [-42.8882996, -20.7602434]]}}, {"type": "Feature", "properties": {"osm_id": 292907615, "highway": "residential", "name": "Rua Maria Célia Gonçalves Faustino"}, "geometry": {"type": "LineString", "coordinates": [[-42.8696654, -20.7449104], [-42.8694249, -20.7449496], [-42.8691473, -20.7449897], [-42.8690655, -20.7449847], [-42.8689998, -20.7449622], [-42.868871, -20.7448832]]}}, {"type": "Feature", "properties": {"osm_id": 292907617, "highway": "path", "name": ""}, "geometry": {"type": "LineString", "coordinates": [[-42.8758686, -20.7492783], [-42.8755687, -20.7492673], [-42.8753119, -20.7490053], [-42.8752465, -20.7488568], [-42.875083, -20.7487258], [-42.8748455, -20.7486921]]}}, {"type": "Feature", "properties": {"osm_id": 292907620, "highway": "tertiary", "name": "Rua dos Passos"}, "geometry": {"type": "LineString", "coordinates": [[-42.8803964, -20.7463078], [-42.8804582, -20.7466602], [-42.8804853, -20.7467755], [-42.8806754, -20.7474477], [-42.8808455, -20.7480071], [-42.8809046, -20.7481872], [-42.8809678, -20.7483804], [-42.8811219, -20.7487674], [-42.8811528, -20.7488263], [-42.8811944, -20.7488715], [-42.8812668, -20.7489405], [-42.8818045, -20.7494102], [-42.8820503, -20.7496526], [-42.8824965, -20.7500496], [-42.8826026, -20.7502118], [-42.8826387, -20.7502836], [-42.8826683, -20.7503761], [-42.8826902, -20.7504922]]}}, {"type": "Feature", "properties": {"osm_id": 292907624, "highway": "trunk", "name": "Rua Jacob Lopes de Castro"}, "geometry": {"type": "LineString", "coordinates": [[-42.8800849, -20.7450544], [-42.8800725, -20.7449711], [-42.8800558, -20.744872], [-42.8800291, -20.744747], [-42.8799755, -20.7445262], [-42.8799521, -20.7444268], [-42.8797589, -20.7436598], [-42.8797246, -20.7435386], [-42.8796048, -20.7431547], [-42.8795692, -20.7430365], [-42.8795609, -20.7430038], [-42.8795371, -20.7429121], [-42.879416, -20.7424465], [-42.8793986, -20.7423436], [-42.8793852, -20.7422119], [-42.87937, -20.7419721], [-42.8793587, -20.7417872], [-42.8793175, -20.7408455], [-42.8792687, -20.7402583], [-42.8792218, -20.7397817], [-42.8791835, -20.7393709], [-42.8790537, -20.738038], [-42.8790161, -20.737273], [-42.8790068, -20.7366607], [-42.8790071, -20.7365]]}}, {"type": "Feature", "properties": {"osm_id": 292907629, "highway": "residential", "name": "Rua José Vidigal"}, "geometry": {"type": "LineString", "coordinates": [[-42.8703949, -20.7474846], [-42.8703522, -20.7477244], [-42.8703131, -20.7478635], [-42.8702382, -20.7480894], [-42.8701698, -20.7483001], [-42.8701376, -20.7483942], [-42.8701048, -20.7485003]]}}, {"type": "Feature", "properties": {"osm_id": 292907630, "highway": "residential", "name": ""}, "geometry": {"type": "LineString", "coordinates": [[-42.8704063, -20.7473838], [-42.8703949, -20.7474846]]}}, {"type": "Feature", "properties": {"osm_id": 292907631, "highway": "tertiary", "name": "Rua José Medina Floresta"}, "geometry": {"type": "LineString", "coordinates": [[-42.8681368, -20.7476113], [-42.8680408, -20.7474923], [-42.8678346, -20.7473179], [-42.8674217, -20.7470269], [-42.8670859, -20.746782], [-42.866904, -20.7466284], [-42.8665596, -20.7463375], [-42.8663276, -20.7461171], [-42.8662808, -20.7460722], [-42.8662341, -20.7460274]]}}, {"type": "Feature", "properties": {"osm_id": 292907632, "highway": "tertiary", "name": ""}, "geometry": {"type": "LineString", "coordinates": [[-42.8681837, -20.747664], [-42.8681368, -20.7476113]]}}, {"type": "Feature", "properties": {"osm_id": 292907634, "highway": "trunk", "name": ""}, "geometry": {"type": "LineString", "coordinates": [[-42.8645945, -20.7440674], [-42.8646221, -20.7440195], [-42.8646421, -20.7439973], [-42.8646757, -20.7439753], [-42.8647247, -20.7439584], [-42.8647716, -20.7439507], [-42.8648311, -20.7439524], [-42.8648769, -20.7439628], [-42.8649078, -20.7439768], [-42.8649497, -20.7440013], [-42.8649845, -20.7440437], [-42.8650085, -20.7440889]]}}, {"type": "Feature", "properties": {"osm_id": 292907635, "highway": "primary", "name": "Avenida Maria de Paula Santana"}, "geometry": {"type": "LineString", "coordinates": [[-42.8642334, -20.7419033], [-42.8643303, -20.7421056], [-42.8645073, -20.7426086], [-42.864648, -20.7430172], [-42.8648, -20.743466], [-42.8649683, -20.743946]]}}, {"type": "Feature", "properties": {"osm_id": 292907636, "highway": "trunk", "name": ""}, "geometry": {"type": "LineString", "coordinates": [[-42.8650085, -20.7440889], [-42.8650128, -20.7441462], [-42.8649947, -20.7442062], [-42.8649595, -20.7442611], [-42.8649104, -20.7442944], [-42.864845, -20.7443258], [-42.8647937, -20.744343]]}}, {"type": "Feature", "properties": {"osm_id": 292907644, "highway": "secondary", "name": ""}, "geometry": {"type": "LineString", "coordinates": [[-42.8678076, -20.748298], [-42.8674794, -20.7483328], [-42.8668487, -20.7483884], [-42.8660842, -20.7484586], [-42.8656536, -20.7485076], [-42.8651588, -20.748584], [-42.8643568, -20.7487144], [-42.864243, -20.7487327], [-42.8638581, -20.7487955], [-42.8635684, -20.7488438], [-42.8627126, -20.7489702], [-42.8622272, -20.7490881], [-42.8618623, -20.7491775], [-42.8616491, -20.7491737], [-42.8614225, -20.7491298], [-42.8611958, -20.7490032], [-42.8610121, -20.74879], [-42.8606768, -20.7483322], [-42.8605636, -20.7480537]]}}, {"type": "Feature", "properties": {"osm_id": 292907645, "highway": "residential", "name": "Rua Cajuri"}, "geometry": {"type": "LineString", "coordinates": [[-42.8661723, -20.747173], [-42.8658713, -20.747199], [-42.8655924, -20.7472266], [-42.8652826, -20.7472554], [-42.8650425, -20.7472554], [-42.8648842, -20.7472604], [-42.8649352, -20.746755]]}}, {"type": "Feature", "properties": {"osm_id": 292907646, "highway": "service", "name": ""}, "geometry": {"type": "LineString", "coordinates": [[-42.86801, -20.7483452], [-42.8678648, -20.7483988], [-42.8673567, -20.7486306], [-42.8672092, -20.7486914], [-42.8668945, -20.7488207]]}}, {"type": "Feature", "properties": {"osm_id": 292914557, "highway": "service", "name": ""}, "geometry": {"type": "LineString", "coordinates": [[-42.8785747, -20.7549462], [-42.8788227, -20.755256]]}}, {"type": "Feature", "properties": {"osm_id": 292914558, "highway": "service", "name": ""}, "geometry": {"type": "LineString", "coordinates": [[-42.8787882, -20.7552902], [-42.8785361, -20.7549766]]}}, {"type": "Feature", "properties": {"osm_id": 292914567, "highway": "tertiary_link", "name": ""}, "geometry": {"type": "LineString", "coordinates": [[-42.8794118, -20.7587204], [-42.8792676, -20.7588069]]}}, {"type": "Feature", "properties": {"osm_id": 292914568, "highway": "residential", "name": ""}, "geometry": {"type": "LineString", "coordinates": [[-42.8800918, -20.7575776], [-42.8805461, -20.7574411]]}}, {"type": "Feature", "properties": {"osm_id": 292914570, "highway": "footway", "name": ""}, "geometry": {"type": "LineString", "coordinates": [[-42.88158, -20.763056], [-42.8814863, -20.7631817], [-42.8813978, -20.7633307], [-42.8813659, -20.7633737], [-42.8813189, -20.763408]]}}, {"type": "Feature", "properties": {"osm_id": 292914571, "highway": "service", "name": ""}, "geometry": {"type": "LineString", "coordinates": [[-42.8814822, -20.7638906], [-42.8813477, -20.7638325], [-42.8812982, -20.7637834], [-42.8812341, -20.7636858]]}}, {"type": "Feature", "properties": {"osm_id": 292914572, "highway": "steps", "name": ""}, "geometry": {"type": "LineString", "coordinates": [[-42.8804862, -20.764083], [-42.8803014, -20.7641883]]}}, {"type": "Feature", "properties": {"osm_id": 292914573, "highway": "tertiary", "name": "Rua Prefeito Moacir Dias Andrades"}, "geometry": {"type": "LineString", "coordinates": [[-42.8846256, -20.7651725], [-42.8850061, -20.7652718], [-42.885314, -20.7653562]]}}, {"type": "Feature", "properties": {"osm_id": 292914574, "highway": "tertiary", "name": ""}, "geometry": {"type": "LineString", "coordinates": [[-42.8844787, -20.765141], [-42.8846256, -20.7651725]]}}, {"type": "Feature", "properties": {"osm_id": 292914575, "highway": "residential", "name": ""}, "geometry": {"type": "LineString", "coordinates": [[-42.885314, -20.7653562], [-42.8854341, -20.765264], [-42.8858944, -20.7649111]]}}, {"type": "Feature", "properties": {"osm_id": 292914576, "highway": "tertiary", "name": "Rua Prefeito Moacir Dias Andrades"}, "geometry": {"type": "LineString", "coordinates": [[-42.885314, -20.7653562], [-42.8856077, -20.7654389]]}}, {"type": "Feature", "properties": {"osm_id": 292914577, "highway": "residential", "name": ""}, "geometry": {"type": "LineString", "coordinates": [[-42.8872848, -20.7681855], [-42.8872533, -20.7681823], [-42.8872183, -20.7681855], [-42.8871949, -20.7681986], [-42.8871774, -20.7682259], [-42.8871716, -20.7682478], [-42.8871716, -20.7682783]]}}, {"type": "Feature", "properties": {"osm_id": 292914578, "highway": "residential", "name": ""}, "geometry": {"type": "LineString", "coordinates": [[-42.8871716, -20.7682783], [-42.8870649, -20.7680692]]}}, {"type": "Feature", "properties": {"osm_id": 292914579, "highway": "tertiary", "name": ""}, "geometry": {"type": "LineString", "coordinates": [[-42.8872848, -20.7681855], [-42.887183, -20.768149], [-42.887119, -20.7681167], [-42.8870649, -20.7680692]]}}, {"type": "Feature", "properties": {"osm_id": 292914584, "highway": "residential", "name": "Rua Juquinha Brumano"}, "geometry": {"type": "LineString", "coordinates": [[-42.8819596, -20.7597994], [-42.8825047, -20.759655], [-42.8828202, -20.7596008], [-42.8830304, -20.7595647]]}}, {"type": "Feature", "properties": {"osm_id": 292914585, "highway": "residential", "name": ""}, "geometry": {"type": "LineString", "coordinates": [[-42.8825491, -20.7578421], [-42.8827355, -20.7575581], [-42.8828977, -20.7582645], [-42.8826963, -20.7583607]]}}, {"type": "Feature", "properties": {"osm_id": 292914586, "highway": "residential", "name": "Rua Professor Silvio Starling Brandão"}, "geometry": {"type": "LineString", "coordinates": [[-42.8817314, -20.7589145], [-42.881896, -20.7595527], [-42.8819596, -20.7597994], [-42.882097, -20.7603322]]}}, {"type": "Feature", "properties": {"osm_id": 292914588, "highway": "residential", "name": "Rua Sílvio Romeu"}, "geometry": {"type": "LineString", "coordinates": [[-42.8811544, -20.7565838], [-42.8805684, -20.7559202]]}}, {"type": "Feature", "properties": {"osm_id": 292914589, "highway": "residential", "name": "Rua Francisco Machado"}, "geometry": {"type": "LineString", "coordinates": [[-42.8796176, -20.7564795], [-42.8800918, -20.7575776], [-42.8802195, -20.7578733]]}}, {"type": "Feature", "properties": {"osm_id": 292942841, "highway": "residential", "name": "Rua Olívia C. Almeida"}, "geometry": {"type": "LineString", "coordinates": [[-42.8809525, -20.7599673], [-42.8810705, -20.7602381], [-42.8811398, -20.7603716], [-42.8812975, -20.7606782], [-42.8816318, -20.7612649], [-42.8819285, -20.7617053], [-42.8823053, -20.7621424], [-42.8823813, -20.7622174], [-42.8826923, -20.7625242], [-42.8829942, -20.7628518]]}}, {"type": "Feature", "properties": {"osm_id": 292942843, "highway": "residential", "name": "Rua José Almeida Ramos"}, "geometry": {"type": "LineString", "coordinates": [[-42.8830304, -20.7595647], [-42.8828641, -20.758981], [-42.8826963, -20.7583607], [-42.8825491, -20.7578421]]}}, {"type": "Feature", "properties": {"osm_id": 292942844, "highway": "residential", "name": "Rua Glim Ramos"}, "geometry": {"type": "LineString", "coordinates": [[-42.8833071, -20.7588838], [-42.8828641, -20.758981]]}}, {"type": "Feature", "properties": {"osm_id": 292942845, "highway": "residential", "name": "Rua Rosalina da Silva Santos"}, "geometry": {"type": "LineString", "coordinates": [[-42.884345, -20.7610038], [-42.8844158, -20.7610783], [-42.8844689, -20.7611817], [-42.8845175, -20.76131], [-42.8845795, -20.7614093], [-42.884668, -20.7614672], [-42.8848229, -20.7615334], [-42.8849556, -20.7615748], [-42.8850441, -20.7616244], [-42.8851923, -20.7617213], [-42.8863495, -20.762423]]}}, {"type": "Feature", "properties": {"osm_id": 292942846, "highway": "residential", "name": "Rua Bruno Martinho"}, "geometry": {"type": "LineString", "coordinates": [[-42.8863495, -20.762423], [-42.8860607, -20.7628766], [-42.8857809, -20.7632489], [-42.8855126, -20.763648], [-42.8852872, -20.7640782], [-42.8850198, -20.7644535]]}}, {"type": "Feature", "properties": {"osm_id": 292942848, "highway": "residential", "name": "Travessa Seis"}, "geometry": {"type": "LineString", "coordinates": [[-42.888648, -20.7632779], [-42.8886022, -20.7638767]]}}, {"type": "Feature", "properties": {"osm_id": 292942850, "highway": "residential", "name": ""}, "geometry": {"type": "LineString", "coordinates": [[-42.8858944, -20.7649111], [-42.8856077, -20.7654389]]}}, {"type": "Feature", "properties": {"osm_id": 292942851, "highway": "residential", "name": "Rua Rui Barbosa"}, "geometry": {"type": "LineString", "coordinates": [[-42.8893737, -20.7648745], [-42.8893531, -20.764852], [-42.8893412, -20.7648245], [-42.8893357, -20.764798], [-42.8893479, -20.7647664], [-42.8893658, -20.7647419], [-42.889391, -20.7647241], [-42.8894211, -20.7647147], [-42.8894528, -20.7647149], [-42.8894835, -20.764725], [-42.8895089, -20.7647439], [-42.8895263, -20.7647696], [-42.8895336, -20.7647992], [-42.8895302, -20.7648295], [-42.8895162, -20.764857], [-42.8894934, -20.7648786], [-42.8894642, -20.7648921], [-42.8894319, -20.7648958], [-42.8894009, -20.7648896], [-42.8893737, -20.7648745]]}}, {"type": "Feature", "properties": {"osm_id": 292942852, "highway": "residential", "name": "Travessa José Maria"}, "geometry": {"type": "LineString", "coordinates": [[-42.8875051, -20.7671882], [-42.8878754, -20.7669982]]}}, {"type": "Feature", "properties": {"osm_id": 292942853, "highway": "residential", "name": "Rua Cantiolínio Bráz Fernander"}, "geometry": {"type": "LineString", "coordinates": [[-42.8860185, -20.7689195], [-42.8857019, -20.7685682], [-42.8854178, -20.7682271], [-42.8851174, -20.767851], [-42.8848438, -20.7676202], [-42.8845191, -20.7674385]]}}, {"type": "Feature", "properties": {"osm_id": 292942854, "highway": "residential", "name": "Rua Paraná"}, "geometry": {"type": "LineString", "coordinates": [[-42.8850721, -20.7704329], [-42.8851778, -20.7702827], [-42.8852998, -20.7701183], [-42.8854096, -20.7700005], [-42.8854705, -20.7699492], [-42.8854949, -20.7699349], [-42.8855132, -20.7699349], [-42.8855801, -20.7699505]]}}, {"type": "Feature", "properties": {"osm_id": 292942855, "highway": "residential", "name": "Rua Três"}, "geometry": {"type": "LineString", "coordinates": [[-42.8861357, -20.7697342], [-42.886128, -20.7697879], [-42.8860792, -20.7698563], [-42.8860203, -20.7699551], [-42.8859219, -20.7700734], [-42.8858597, -20.7701262], [-42.8857906, -20.7702041]]}}, {"type": "Feature", "properties": {"osm_id": 292942856, "highway": "residential", "name": "Rua Paraíba"}, "geometry": {"type": "LineString", "coordinates": [[-42.8872128, -20.7720888], [-42.8871625, -20.7721809], [-42.8871247, -20.7722277], [-42.8870724, -20.7722754], [-42.8869627, -20.7723502], [-42.8868905, -20.7723921], [-42.8868406, -20.7724229], [-42.886527, -20.7721255], [-42.8862431, -20.7718496], [-42.8859939, -20.771633], [-42.885512, -20.7711951], [-42.8854195, -20.7710685], [-42.8853806, -20.7709381], [-42.885382, -20.7707801], [-42.885439, -20.7705123], [-42.8854812, -20.7703305], [-42.8855161, -20.7701663], [-42.8855335, -20.7700898], [-42.8855456, -20.7700471], [-42.8855603, -20.7700108], [-42.8855801, -20.7699505]]}}, {"type": "Feature", "properties": {"osm_id": 292942857, "highway": "residential", "name": "Travessa Princesa Isabel"}, "geometry": {"type": "LineString", "coordinates": [[-42.8872128, -20.7720888], [-42.8872347, -20.7720691], [-42.8872548, -20.7720641], [-42.8872843, -20.7720647], [-42.887532, -20.7721739]]}}, {"type": "Feature", "properties": {"osm_id": 292942858, "highway": "residential", "name": "Rua Paraíba"}, "geometry": {"type": "LineString", "coordinates": [[-42.8864741, -20.7725819], [-42.8868406, -20.7724229]]}}, {"type": "Feature", "properties": {"osm_id": 292942859, "highway": "residential", "name": "Rua Diamantina"}, "geometry": {"type": "LineString", "coordinates": [[-42.8865969, -20.7727751], [-42.8862575, -20.7729162]]}}, {"type": "Feature", "properties": {"osm_id": 292942860, "highway": "residential", "name": "Rua Olavo Bilac"}, "geometry": {"type": "LineString", "coordinates": [[-42.8865969, -20.7727751], [-42.8867441, -20.7729792], [-42.8867981, -20.7730551], [-42.8870207, -20.7732965]]}}, {"type": "Feature", "properties": {"osm_id": 292942861, "highway": "residential", "name": "Beco Olavo Bilac"}, "geometry": {"type": "LineString", "coordinates": [[-42.8865969, -20.7727751], [-42.8866968, -20.7727105], [-42.8869248, -20.77255]]}}, {"type": "Feature", "properties": {"osm_id": 292942862, "highway": "residential", "name": "Rua Jovelino Gonçalves"}, "geometry": {"type": "LineString", "coordinates": [[-42.8867184, -20.7735257], [-42.8868311, -20.7736531], [-42.8868635, -20.7736663], [-42.8869028, -20.7736595], [-42.8869416, -20.7736451], [-42.8871717, -20.773504], [-42.8872803, -20.7734365], [-42.8873861, -20.7733975], [-42.8876384, -20.7733605], [-42.8878652, -20.7733115]]}}, {"type": "Feature", "properties": {"osm_id": 292942863, "highway": "residential", "name": "Rua São Carlos"}, "geometry": {"type": "LineString", "coordinates": [[-42.8880737, -20.7734663], [-42.8880461, -20.7732472], [-42.8880373, -20.7730609], [-42.8880246, -20.7729989], [-42.8880025, -20.7729544], [-42.8878922, -20.7727744], [-42.8879404, -20.7726259]]}}, {"type": "Feature", "properties": {"osm_id": 292942864, "highway": "residential", "name": "Rua Wenceslau Braz"}, "geometry": {"type": "LineString", "coordinates": [[-42.8870838, -20.7727818], [-42.8867981, -20.7730551]]}}, {"type": "Feature", "properties": {"osm_id": 292942865, "highway": "residential", "name": "Rua Ceará"}, "geometry": {"type": "LineString", "coordinates": [[-42.8878274, -20.7714735], [-42.8873366, -20.7710854], [-42.8872722, -20.7710377], [-42.8872021, -20.7709747], [-42.8869847, -20.7707654], [-42.8864528, -20.7703194]]}}, {"type": "Feature", "properties": {"osm_id": 292942866, "highway": "residential", "name": ""}, "geometry": {"type": "LineString", "coordinates": [[-42.8873195, -20.771903], [-42.8873151, -20.7718912], [-42.8873151, -20.7718786], [-42.8873196, -20.7718667], [-42.887328, -20.7718569], [-42.8873395, -20.7718503], [-42.8873526, -20.7718475], [-42.887366, -20.7718491], [-42.8873776, -20.7718543], [-42.8873868, -20.7718628], [-42.8873927, -20.7718736], [-42.8873946, -20.7718855], [-42.8873923, -20.7718974], [-42.8873861, -20.771908], [-42.8873766, -20.7719162], [-42.8873648, -20.7719211], [-42.8873519, -20.7719223], [-42.8873394, -20.7719195], [-42.8873279, -20.7719129], [-42.8873195, -20.771903]]}}, {"type": "Feature", "properties": {"osm_id": 292942867, "highway": "residential", "name": "Rua Princesa Isabel"}, "geometry": {"type": "LineString", "coordinates": [[-42.8881083, -20.7710107], [-42.887963, -20.7708741]]}}, {"type": "Feature", "properties": {"osm_id": 292942868, "highway": "residential", "name": "Beco Ana Amelia"}, "geometry": {"type": "LineString", "coordinates": [[-42.8885212, -20.7706507], [-42.8885798, -20.7707544]]}}, {"type": "Feature", "properties": {"osm_id": 292942869, "highway": "residential", "name": ""}, "geometry": {"type": "LineString", "coordinates": [[-42.8883927, -20.7717136], [-42.8882239, -20.7717521]]}}, {"type": "Feature", "properties": {"osm_id": 292942870, "highway": "residential", "name": "Rua Carlos Lacerda"}, "geometry": {"type": "LineString", "coordinates": [[-42.8878239, -20.77254], [-42.8876182, -20.7726064], [-42.8875663, -20.7726309], [-42.8875223, -20.7726579], [-42.8872683, -20.7728499], [-42.8872196, -20.7728858]]}}, {"type": "Feature", "properties": {"osm_id": 292942871, "highway": "residential", "name": ""}, "geometry": {"type": "LineString", "coordinates": [[-42.8878521, -20.7726396], [-42.887833, -20.7726263], [-42.8878193, -20.772608], [-42.8878124, -20.7725852], [-42.887814, -20.7725617], [-42.8878239, -20.77254], [-42.887841, -20.7725226], [-42.8878633, -20.7725115], [-42.8878883, -20.7725081], [-42.887913, -20.7725126], [-42.8879348, -20.7725247], [-42.887951, -20.7725428], [-42.8879595, -20.7725637], [-42.8879605, -20.772586], [-42.8879539, -20.7726074], [-42.8879404, -20.7726259], [-42.8879213, -20.7726393], [-42.8878987, -20.7726465], [-42.8878748, -20.7726466], [-42.8878521, -20.7726396]]}}, {"type": "Feature", "properties": {"osm_id": 292942873, "highway": "residential", "name": ""}, "geometry": {"type": "LineString", "coordinates": [[-42.8878922, -20.7727744], [-42.887833, -20.7726263]]}}, {"type": "Feature", "properties": {"osm_id": 292960521, "highway": "residential", "name": "Rua Manoel Hipólito"}, "geometry": {"type": "LineString", "coordinates": [[-42.866886, -20.7283707], [-42.8668794, -20.7283376], [-42.8668588, -20.7283087], [-42.8668271, -20.7282849], [-42.8667815, -20.7282711], [-42.8664844, -20.7282467], [-42.8658155, -20.7282213], [-42.8652405, -20.7282385]]}}, {"type": "Feature", "properties": {"osm_id": 292960522, "highway": "residential", "name": ""}, "geometry": {"type": "LineString", "coordinates": [[-42.8668142, -20.7286439], [-42.8667993, -20.7286309], [-42.8667896, -20.7286143], [-42.866786, -20.7285956], [-42.8667888, -20.7285768], [-42.8667979, -20.7285598], [-42.8668122, -20.7285463], [-42.8668303, -20.7285377], [-42.8668503, -20.7285348], [-42.8668704, -20.7285381], [-42.8668895, -20.7285479], [-42.866904, -20.7285633], [-42.8669121, -20.7285823], [-42.8669128, -20.7286028], [-42.866906, -20.7286223], [-42.8668926, -20.7286384], [-42.8668741, -20.7286494], [-42.8668528, -20.7286539], [-42.8668326, -20.7286518], [-42.8668142, -20.7286439]]}}, {"type": "Feature", "properties": {"osm_id": 292960523, "highway": "residential", "name": ""}, "geometry": {"type": "LineString", "coordinates": [[-42.866886, -20.7283707], [-42.8668704, -20.7285381]]}}, {"type": "Feature", "properties": {"osm_id": 292960524, "highway": "residential", "name": ""}, "geometry": {"type": "LineString", "coordinates": [[-42.8668528, -20.7286539], [-42.8668687, -20.7288945], [-42.8668633, -20.7291679], [-42.8668398, -20.7293836], [-42.8668253, -20.7295801], [-42.8668111, -20.7296774], [-42.8667729, -20.7297834], [-42.8667237, -20.7298533], [-42.8666263, -20.7299214], [-42.8665273, -20.7299728], [-42.8664687, -20.7300209], [-42.8663934, -20.7300895], [-42.8663366, -20.730125], [-42.8662162, -20.7301979]]}}, {"type": "Feature", "properties": {"osm_id": 292960525, "highway": "residential", "name": "Rua José Moreira"}, "geometry": {"type": "LineString", "coordinates": [[-42.866786, -20.7285956], [-42.866598, -20.7285904], [-42.8664848, -20.7285904], [-42.8663822, -20.7285886], [-42.8662901, -20.7285871], [-42.8661592, -20.7285922], [-42.8660908, -20.7286022], [-42.8660278, -20.7286323], [-42.8659809, -20.7286788], [-42.865946, -20.7287465], [-42.8659044, -20.7289321], [-42.8658937, -20.7290488], [-42.8658749, -20.7293347], [-42.8658548, -20.7294113], [-42.8658293, -20.7294627], [-42.8657797, -20.7295266], [-42.8657167, -20.729553], [-42.8656353, -20.7295602], [-42.8655646, -20.7295337], [-42.8654964, -20.7294584], [-42.8654441, -20.7293867], [-42.8653919, -20.7293019], [-42.8653513, -20.7292119], [-42.8653201, -20.7290906], [-42.8653037, -20.728979], [-42.8652936, -20.7288816], [-42.8652865, -20.7288576], [-42.8652741, -20.7288303], [-42.865264, -20.7288055], [-42.8652315, -20.7287491]]}}, {"type": "Feature", "properties": {"osm_id": 292960526, "highway": "service", "name": ""}, "geometry": {"type": "LineString", "coordinates": [[-42.8663822, -20.7285886], [-42.8663934, -20.7300895]]}}, {"type": "Feature", "properties": {"osm_id": 292960528, "highway": "service", "name": ""}, "geometry": {"type": "LineString", "coordinates": [[-42.8651087, -20.7288876], [-42.865142, -20.7289848], [-42.865169, -20.7292536], [-42.8651743, -20.729639], [-42.86517, -20.7298537], [-42.8651416, -20.7305343]]}}, {"type": "Feature", "properties": {"osm_id": 292960530, "highway": "residential", "name": ""}, "geometry": {"type": "LineString", "coordinates": [[-42.8652315, -20.7287491], [-42.8651896, -20.7286725]]}}, {"type": "Feature", "properties": {"osm_id": 292960531, "highway": "residential", "name": ""}, "geometry": {"type": "LineString", "coordinates": [[-42.8654333, -20.7325318], [-42.8654655, -20.7325341], [-42.8654968, -20.7325269], [-42.8655242, -20.7325108], [-42.8655448, -20.7324876], [-42.8655567, -20.7324595], [-42.8655586, -20.7324294], [-42.8655503, -20.7324002], [-42.8655239, -20.7323631], [-42.8655051, -20.7323547], [-42.8654718, -20.7323444], [-42.8654367, -20.7323452], [-42.865404, -20.7323572], [-42.8653775, -20.7323789], [-42.8653605, -20.7324075], [-42.8653548, -20.73244], [-42.8653613, -20.7324723], [-42.865379, -20.7325006], [-42.8654034, -20.7325202], [-42.8654333, -20.7325318]]}}, {"type": "Feature", "properties": {"osm_id": 292960532, "highway": "residential", "name": ""}, "geometry": {"type": "LineString", "coordinates": [[-42.8646223, -20.7328367], [-42.8647153, -20.7329239], [-42.8648231, -20.7329844], [-42.8649156, -20.7330248]]}}, {"type": "Feature", "properties": {"osm_id": 292960533, "highway": "residential", "name": ""}, "geometry": {"type": "LineString", "coordinates": [[-42.8649156, -20.7330248], [-42.8647862, -20.7330738], [-42.864694, -20.7331199], [-42.8645486, -20.7332017]]}}, {"type": "Feature", "properties": {"osm_id": 292960534, "highway": "residential", "name": ""}, "geometry": {"type": "LineString", "coordinates": [[-42.8678698, -20.727105], [-42.8684031, -20.7271677], [-42.8690921, -20.7272062], [-42.8697333, -20.7272187], [-42.8699341, -20.7272009], [-42.8700491, -20.7272144], [-42.8701374, -20.7272617]]}}, {"type": "Feature", "properties": {"osm_id": 292960535, "highway": "residential", "name": "Rua Bárbara Heliodora"}, "geometry": {"type": "LineString", "coordinates": [[-42.8686581, -20.7316427], [-42.8683949, -20.7318458], [-42.86825, -20.7319888], [-42.8679067, -20.7324077], [-42.8675607, -20.732774], [-42.8674212, -20.7328718], [-42.867161, -20.7330198], [-42.8663617, -20.7333484]]}}, {"type": "Feature", "properties": {"osm_id": 292960536, "highway": "service", "name": ""}, "geometry": {"type": "LineString", "coordinates": [[-42.8641268, -20.7445284], [-42.8641764, -20.744497], [-42.8642583, -20.7444895], [-42.8643562, -20.7445447], [-42.8644077, -20.7446104]]}}, {"type": "Feature", "properties": {"osm_id": 292968258, "highway": "residential", "name": "Travessa Irmã Francisco"}, "geometry": {"type": "LineString", "coordinates": [[-42.8820154, -20.7625977], [-42.8821131, -20.7624389], [-42.8823813, -20.7622174]]}}, {"type": "Feature", "properties": {"osm_id": 292968259, "highway": "residential", "name": "Travessa Irmã Francisco"}, "geometry": {"type": "LineString", "coordinates": [[-42.8820154, -20.7625977], [-42.881929, -20.7627069]]}}, {"type": "Feature", "properties": {"osm_id": 292982625, "highway": "tertiary", "name": "Rua Vincenzo d’Antonino"}, "geometry": {"type": "LineString", "coordinates": [[-42.8945725, -20.7497657], [-42.8944465, -20.7498886], [-42.8944156, -20.749967], [-42.894419, -20.7500535], [-42.8944552, -20.7501419], [-42.8946864, -20.7504908], [-42.8950319, -20.7510123], [-42.8952223, -20.7513145], [-42.8954449, -20.7517001], [-42.8955133, -20.7517559], [-42.8955697, -20.7517779], [-42.8956326, -20.7517855], [-42.8956883, -20.751776]]}}, {"type": "Feature", "properties": {"osm_id": 292982627, "highway": "residential", "name": "Rua Dandara Guimarães de Almeida"}, "geometry": {"type": "LineString", "coordinates": [[-42.8955524, -20.7556881], [-42.8955544, -20.7553034], [-42.8955832, -20.7550509]]}}, {"type": "Feature", "properties": {"osm_id": 292982628, "highway": "residential", "name": "Rua Raimundo A. Moreira"}, "geometry": {"type": "LineString", "coordinates": [[-42.892988, -20.7517371], [-42.8927895, -20.751914], [-42.892583, -20.7520845], [-42.8921356, -20.752426], [-42.8917696, -20.7527197]]}}, {"type": "Feature", "properties": {"osm_id": 292982629, "highway": "residential", "name": "Rua Otávio B. Coelho"}, "geometry": {"type": "LineString", "coordinates": [[-42.892988, -20.7517371], [-42.8928512, -20.7514173], [-42.8927708, -20.7511502], [-42.8926957, -20.7508956], [-42.8926293, -20.750631]]}}, {"type": "Feature", "properties": {"osm_id": 292982630, "highway": "residential", "name": ""}, "geometry": {"type": "LineString", "coordinates": [[-42.8870968, -20.7558254], [-42.8870311, -20.7557344], [-42.886988, -20.7556563], [-42.8869639, -20.7555795]]}}, {"type": "Feature", "properties": {"osm_id": 292982631, "highway": "residential", "name": "Rua Márcio Araújo"}, "geometry": {"type": "LineString", "coordinates": [[-42.8862214, -20.7547567], [-42.8865748, -20.7547625], [-42.886883, -20.7547712], [-42.8870558, -20.7547669], [-42.8874575, -20.7547931], [-42.8878497, -20.7548193], [-42.8883447, -20.7548586], [-42.8886029, -20.7549215], [-42.8889472, -20.7550499], [-42.8891737, -20.755153]]}}, {"type": "Feature", "properties": {"osm_id": 292982632, "highway": "residential", "name": "Rua Francisco Ferreira de Paula"}, "geometry": {"type": "LineString", "coordinates": [[-42.8907014, -20.7496277], [-42.8907859, -20.7498221], [-42.8911135, -20.7505743], [-42.8911178, -20.7506087], [-42.8911051, -20.7506398]]}}, {"type": "Feature", "properties": {"osm_id": 292982633, "highway": "residential", "name": "Rua Chico Xavier"}, "geometry": {"type": "LineString", "coordinates": [[-42.8918449, -20.7464912], [-42.8918262, -20.746521], [-42.8918194, -20.7465551], [-42.8918253, -20.7465891], [-42.8918432, -20.7466194], [-42.8918708, -20.7466423], [-42.8919051, -20.746655], [-42.891942, -20.7466563], [-42.8919748, -20.746647], [-42.8920028, -20.7466285], [-42.8920232, -20.7466028], [-42.8920339, -20.7465723], [-42.8920339, -20.7465402], [-42.8920232, -20.7465098], [-42.8920028, -20.746484], [-42.8919748, -20.7464656], [-42.891942, -20.7464563], [-42.8919077, -20.7464571], [-42.8918731, -20.746469], [-42.8918449, -20.7464912]]}}, {"type": "Feature", "properties": {"osm_id": 292984962, "highway": "residential", "name": "Rua Maria Barbosa dos Santos"}, "geometry": {"type": "LineString", "coordinates": [[-42.8900537, -20.7744509], [-42.8900681, -20.7744146], [-42.8900634, -20.7743826], [-42.8900453, -20.7743547], [-42.889802, -20.7742299], [-42.8892201, -20.7739785], [-42.8887609, -20.7737469], [-42.8886534, -20.77369], [-42.8885825, -20.7736359]]}}, {"type": "Feature", "properties": {"osm_id": 292984963, "highway": "residential", "name": "Rua Santa Bárbara"}, "geometry": {"type": "LineString", "coordinates": [[-42.8886145, -20.7742212], [-42.8888091, -20.7742992], [-42.8890814, -20.7744396], [-42.8893992, -20.774644], [-42.8894623, -20.7746929], [-42.8897131, -20.7748961], [-42.8899143, -20.7751439], [-42.8901058, -20.7753798]]}}, {"type": "Feature", "properties": {"osm_id": 292984964, "highway": "steps", "name": ""}, "geometry": {"type": "LineString", "coordinates": [[-42.8827647, -20.770781], [-42.8826994, -20.7708082], [-42.8826235, -20.7708257], [-42.8825616, -20.7708289], [-42.8825079, -20.7708224]]}}, {"type": "Feature", "properties": {"osm_id": 292984965, "highway": "steps", "name": ""}, "geometry": {"type": "LineString", "coordinates": [[-42.882913, -20.7710287], [-42.8828161, -20.7710713], [-42.8827764, -20.7710724], [-42.8827075, -20.7711193], [-42.8825628, -20.7710745]]}}, {"type": "Feature", "properties": {"osm_id": 292984966, "highway": "residential", "name": "Rua São Vicente"}, "geometry": {"type": "LineString", "coordinates": [[-42.8839083, -20.769293], [-42.8831779, -20.769065]]}}, {"type": "Feature", "properties": {"osm_id": 292984967, "highway": "residential", "name": "Rua Francisco Marino da Silva"}, "geometry": {"type": "LineString", "coordinates": [[-42.882379, -20.7693779], [-42.8822722, -20.7698005], [-42.8822353, -20.7699423], [-42.8821731, -20.7702104], [-42.8819982, -20.7707997], [-42.8819266, -20.7710246], [-42.8818265, -20.7713702]]}}, {"type": "Feature", "properties": {"osm_id": 292984969, "highway": "residential", "name": "Rua José Antônio Pontes"}, "geometry": {"type": "LineString", "coordinates": [[-42.8824332, -20.7690665], [-42.8820739, -20.7690075]]}}, {"type": "Feature", "properties": {"osm_id": 292984970, "highway": "residential", "name": ""}, "geometry": {"type": "LineString", "coordinates": [[-42.8824136, -20.7691585], [-42.882419, -20.7693831]]}}, {"type": "Feature", "properties": {"osm_id": 292984971, "highway": "residential", "name": ""}, "geometry": {"type": "LineString", "coordinates": [[-42.8824136, -20.7691585], [-42.8823181, -20.7693699]]}}, {"type": "Feature", "properties": {"osm_id": 292984972, "highway": "service", "name": "Travessa Félix"}, "geometry": {"type": "LineString", "coordinates": [[-42.883168, -20.7692408], [-42.8830479, -20.7692472], [-42.8829138, -20.7692672], [-42.8827556, -20.7692622], [-42.8827153, -20.7692948], [-42.8826671, -20.7693425], [-42.8825651, -20.7694001], [-42.882419, -20.7693831]]}}, {"type": "Feature", "properties": {"osm_id": 292984973, "highway": "residential", "name": "Rua Antônio Padua Santana"}, "geometry": {"type": "LineString", "coordinates": [[-42.8822722, -20.7698005], [-42.881828, -20.7696665]]}}, {"type": "Feature", "properties": {"osm_id": 292984974, "highway": "residential", "name": "Rua José Antônio Teixeira"}, "geometry": {"type": "LineString", "coordinates": [[-42.8815666, -20.7712862], [-42.8815334, -20.7712879], [-42.8815115, -20.7713008], [-42.8814928, -20.7713262], [-42.881484, -20.7714645], [-42.8814901, -20.7715023], [-42.8815082, -20.7715481], [-42.8815424, -20.7715799], [-42.8817762, -20.771654], [-42.8819494, -20.7717074], [-42.8820131, -20.7717525], [-42.882045, -20.7717979], [-42.8820929, -20.7718899], [-42.8821642, -20.7719862], [-42.8823494, -20.772124], [-42.8824389, -20.7721826], [-42.8825297, -20.7722198], [-42.8827899, -20.7722844]]}}, {"type": "Feature", "properties": {"osm_id": 292984975, "highway": "residential", "name": "Rua Senhor do Bomfim"}, "geometry": {"type": "LineString", "coordinates": [[-42.882382, -20.7713577], [-42.8823369, -20.7714423], [-42.88228, -20.7715363], [-42.8822343, -20.7716046]]}}, {"type": "Feature", "properties": {"osm_id": 292984976, "highway": "residential", "name": "Rua José Damásio Aruda"}, "geometry": {"type": "LineString", "coordinates": [[-42.8826731, -20.7716133], [-42.8827756, -20.7714691], [-42.8828855, -20.7713369], [-42.8830239, -20.7711531]]}}, {"type": "Feature", "properties": {"osm_id": 292984977, "highway": "residential", "name": "Rua Senhor do Bomfim"}, "geometry": {"type": "LineString", "coordinates": [[-42.8806079, -20.7705173], [-42.8806716, -20.7705769], [-42.8808795, -20.7706498], [-42.8811246, -20.7707291], [-42.8812662, -20.7707853], [-42.8816859, -20.7709318], [-42.8819266, -20.7710246], [-42.8821398, -20.7710848], [-42.8822005, -20.7710703], [-42.8822384, -20.7710268], [-42.88228, -20.770949], [-42.8823086, -20.7709446], [-42.882335, -20.7709597], [-42.8823444, -20.7709904], [-42.8823474, -20.7710481], [-42.8823618, -20.7712033], [-42.882382, -20.7713577], [-42.882521, -20.7714974], [-42.8826731, -20.7716133]]}}, {"type": "Feature", "properties": {"osm_id": 292984978, "highway": "residential", "name": "Rua Santo Antônio"}, "geometry": {"type": "LineString", "coordinates": [[-42.8840485, -20.7713385], [-42.8841071, -20.7712113], [-42.8842466, -20.7708652]]}}, {"type": "Feature", "properties": {"osm_id": 292984979, "highway": "residential", "name": "Rua José Lopes de Oliveira"}, "geometry": {"type": "LineString", "coordinates": [[-42.882419, -20.7693831], [-42.882379, -20.7693779], [-42.8823181, -20.7693699], [-42.8819429, -20.7693153]]}}, {"type": "Feature", "properties": {"osm_id": 292984980, "highway": "residential", "name": "Travessa Geraldo Ribeiro"}, "geometry": {"type": "LineString", "coordinates": [[-42.8815144, -20.7687244], [-42.8818277, -20.768838]]}}, {"type": "Feature", "properties": {"osm_id": 292984981, "highway": "residential", "name": "Rua Lúcia Mota"}, "geometry": {"type": "LineString", "coordinates": [[-42.8816665, -20.768225], [-42.8813646, -20.768346], [-42.8812136, -20.7684065], [-42.8810934, -20.7684728], [-42.8810041, -20.7685275], [-42.8810318, -20.7685909], [-42.8810164, -20.7686831], [-42.8809671, -20.7687955], [-42.8809363, -20.7688704], [-42.8809178, -20.7689827], [-42.8809024, -20.7691239], [-42.8808624, -20.7692708], [-42.8808069, -20.7693947], [-42.8807422, -20.7695128], [-42.8807206, -20.7695646], [-42.8807175, -20.769605], [-42.8807268, -20.7696453], [-42.880736, -20.7696655], [-42.8807696, -20.769694]]}}, {"type": "Feature", "properties": {"osm_id": 292984982, "highway": "residential", "name": "Rua Doutor Mario Machado"}, "geometry": {"type": "LineString", "coordinates": [[-42.8806272, -20.761551], [-42.8802841, -20.7617353]]}}, {"type": "Feature", "properties": {"osm_id": 292984994, "highway": "residential", "name": "Rua Julieta de Freitas"}, "geometry": {"type": "LineString", "coordinates": [[-42.8950319, -20.7510123], [-42.8948453, -20.7511129], [-42.8946908, -20.7511962]]}}, {"type": "Feature", "properties": {"osm_id": 293073582, "highway": "steps", "name": ""}, "geometry": {"type": "LineString", "coordinates": [[-42.8817133, -20.7513232], [-42.8817252, -20.7512753], [-42.8817307, -20.7512568], [-42.8815376, -20.7511541], [-42.8812795, -20.75108], [-42.8810265, -20.7510254], [-42.8810003, -20.7509152]]}}, {"type": "Feature", "properties": {"osm_id": 293073584, "highway": "residential", "name": "Rua José Filomeno Gouveia"}, "geometry": {"type": "LineString", "coordinates": [[-42.8805614, -20.7515899], [-42.8805147, -20.7514548], [-42.8805619, -20.7513914], [-42.8806351, -20.751322], [-42.8807169, -20.7512731], [-42.8810069, -20.7511352]]}}, {"type": "Feature", "properties": {"osm_id": 293073585, "highway": "service", "name": "Rua Rosa Mistica"}, "geometry": {"type": "LineString", "coordinates": [[-42.880576, -20.7509633], [-42.8808496, -20.7507394], [-42.8814876, -20.750069], [-42.8814974, -20.7500428], [-42.8814907, -20.7500215], [-42.8813244, -20.7499037]]}}, {"type": "Feature", "properties": {"osm_id": 293073587, "highway": "service", "name": "Rua José Carlos Dias"}, "geometry": {"type": "LineString", "coordinates": [[-42.8814828, -20.7496722], [-42.8814674, -20.7496549], [-42.8814516, -20.7496511], [-42.8814345, -20.7496597], [-42.8812162, -20.7498443], [-42.8810323, -20.7499813]]}}, {"type": "Feature", "properties": {"osm_id": 293073589, "highway": "residential", "name": "Alameda Carlos Dias"}, "geometry": {"type": "LineString", "coordinates": [[-42.8808776, -20.7500951], [-42.8807076, -20.7502366], [-42.8804446, -20.7504409], [-42.8802631, -20.7506113], [-42.8801417, -20.7507062], [-42.8800445, -20.7507236]]}}, {"type": "Feature", "properties": {"osm_id": 293073590, "highway": "service", "name": "Rua Campo Belo"}, "geometry": {"type": "LineString", "coordinates": [[-42.8814828, -20.7496722], [-42.8814799, -20.7496899], [-42.8813244, -20.7499037], [-42.8808746, -20.7503075], [-42.8808504, -20.7503175], [-42.8808175, -20.7503137], [-42.8807076, -20.7502366]]}}, {"type": "Feature", "properties": {"osm_id": 293073591, "highway": "steps", "name": ""}, "geometry": {"type": "LineString", "coordinates": [[-42.8810323, -20.7499813], [-42.8808776, -20.7500951]]}}, {"type": "Feature", "properties": {"osm_id": 293073592, "highway": "service", "name": "Rua Ipanema"}, "geometry": {"type": "LineString", "coordinates": [[-42.8801417, -20.7507062], [-42.8802121, -20.7507851], [-42.8802814, -20.7508589], [-42.8803305, -20.7509191], [-42.8804264, -20.751073]]}}, {"type": "Feature", "properties": {"osm_id": 293073593, "highway": "service", "name": "Rua Copacabana"}, "geometry": {"type": "LineString", "coordinates": [[-42.8802808, -20.7510981], [-42.8804264, -20.751073], [-42.8805283, -20.7510576], [-42.8806088, -20.7510461], [-42.8809173, -20.7509638], [-42.8810003, -20.7509152]]}}, {"type": "Feature", "properties": {"osm_id": 293073594, "highway": "service", "name": "Rua Nossa Senhora do Carmo"}, "geometry": {"type": "LineString", "coordinates": [[-42.8817919, -20.7507276], [-42.8811956, -20.7508494], [-42.8811434, -20.750793]]}}, {"type": "Feature", "properties": {"osm_id": 293073595, "highway": "service", "name": "Rua Antônio Dias"}, "geometry": {"type": "LineString", "coordinates": [[-42.8802631, -20.7506113], [-42.8805018, -20.750836], [-42.880576, -20.7509633], [-42.8806088, -20.7510461]]}}, {"type": "Feature", "properties": {"osm_id": 293073597, "highway": "residential", "name": "Rua C"}, "geometry": {"type": "LineString", "coordinates": [[-42.8804729, -20.7512019], [-42.8803154, -20.7513732], [-42.880217, -20.751463], [-42.8801535, -20.7515095], [-42.8797322, -20.7516953]]}}, {"type": "Feature", "properties": {"osm_id": 293073598, "highway": "steps", "name": ""}, "geometry": {"type": "LineString", "coordinates": [[-42.8803154, -20.7513732], [-42.8805147, -20.7514548]]}}, {"type": "Feature", "properties": {"osm_id": 293073599, "highway": "service", "name": ""}, "geometry": {"type": "LineString", "coordinates": [[-42.8815786, -20.7509605], [-42.8811613, -20.7509863], [-42.881146, -20.7509779], [-42.881145, -20.7509507], [-42.8811531, -20.7509299], [-42.8811956, -20.7508494]]}}, {"type": "Feature", "properties": {"osm_id": 293073600, "highway": "tertiary", "name": "Rua Doutor Milton Bandeira"}, "geometry": {"type": "LineString", "coordinates": [[-42.8804023, -20.7524993], [-42.8801519, -20.7526144]]}}, {"type": "Feature", "properties": {"osm_id": 293073601, "highway": "tertiary", "name": "Rua Doutor Milton Bandeira"}, "geometry": {"type": "LineString", "coordinates": [[-42.8801519, -20.7526144], [-42.8799378, -20.7527118], [-42.8796713, -20.7528003], [-42.8793699, -20.7528713], [-42.8789816, -20.7529257], [-42.8786079, -20.7529437], [-42.8783098, -20.7529706], [-42.878128, -20.7530195], [-42.877825, -20.7531753], [-42.8777287, -20.7532534], [-42.8775071, -20.7534331], [-42.8774246, -20.7535163], [-42.8772787, -20.7536636]]}}, {"type": "Feature", "properties": {"osm_id": 293075512, "highway": "path", "name": ""}, "geometry": {"type": "LineString", "coordinates": [[-42.876994, -20.7500137], [-42.8776725, -20.7505115], [-42.8778764, -20.750657], [-42.8780641, -20.7508225], [-42.878209, -20.7509379], [-42.8783002, -20.7509981], [-42.8784021, -20.750968], [-42.8785201, -20.7509078], [-42.8786167, -20.7507222], [-42.8786971, -20.7505667], [-42.8788233, -20.7504898], [-42.8788992, -20.7504325]]}}, {"type": "Feature", "properties": {"osm_id": 293087942, "highway": "residential", "name": ""}, "geometry": {"type": "LineString", "coordinates": [[-42.8814967, -20.7532455], [-42.8814694, -20.7531488], [-42.8814211, -20.7529532], [-42.8813889, -20.7527826], [-42.8813835, -20.7526816], [-42.881401, -20.7525562], [-42.8814225, -20.7524975], [-42.8814445, -20.7524614], [-42.8814809, -20.7524313], [-42.881707, -20.7523676], [-42.8818798, -20.752322], [-42.8819916, -20.7522923], [-42.8820836, -20.7522589]]}}, {"type": "Feature", "properties": {"osm_id": 293087944, "highway": "residential", "name": ""}, "geometry": {"type": "LineString", "coordinates": [[-42.8820769, -20.7521925], [-42.8820685, -20.7520885]]}}, {"type": "Feature", "properties": {"osm_id": 293087946, "highway": "tertiary", "name": "Rua Doutor Brito"}, "geometry": {"type": "LineString", "coordinates": [[-42.8852475, -20.7519763], [-42.8850831, -20.7522949]]}}, {"type": "Feature", "properties": {"osm_id": 293087948, "highway": "tertiary", "name": ""}, "geometry": {"type": "LineString", "coordinates": [[-42.8852475, -20.7519763], [-42.8853437, -20.7517773]]}}, {"type": "Feature", "properties": {"osm_id": 295261777, "highway": "primary", "name": "Avenida Coronel Aristides Bittencourt"}, "geometry": {"type": "LineString", "coordinates": [[-42.865304, -20.7243413], [-42.8653242, -20.7246058], [-42.865337, -20.7246462], [-42.865354, -20.7246697], [-42.8653736, -20.7246875], [-42.8654034, -20.7246968]]}}, {"type": "Feature", "properties": {"osm_id": 295261779, "highway": "primary", "name": "Avenida Maria de Paula Santana"}, "geometry": {"type": "LineString", "coordinates": [[-42.8661029, -20.7194996], [-42.8657904, -20.7199223], [-42.8656925, -20.7200766], [-42.8655624, -20.720345], [-42.8654994, -20.7205031], [-42.8654538, -20.7207376], [-42.8653961, -20.7216684], [-42.8653091, -20.7237122], [-42.865304, -20.7243413]]}}, {"type": "Feature", "properties": {"osm_id": 295263594, "highway": "trunk", "name": "Avenida Marechal Castelo Branco"}, "geometry": {"type": "LineString", "coordinates": [[-42.8679571, -20.7482802], [-42.86801, -20.7483452]]}}, {"type": "Feature", "properties": {"osm_id": 297546316, "highway": "residential", "name": "Rua José dos Santos"}, "geometry": {"type": "LineString", "coordinates": [[-42.88006, -20.7646618], [-42.8799482, -20.7645101], [-42.879869, -20.7644026], [-42.879661, -20.7640307]]}}, {"type": "Feature", "properties": {"osm_id": 298631121, "highway": "secondary", "name": "Avenida Marechal Castelo Branco"}, "geometry": {"type": "LineString", "coordinates": [[-42.86801, -20.7483452], [-42.8680574, -20.7484145], [-42.8684866, -20.748952], [-42.8695694, -20.7503079], [-42.8699456, -20.7507791]]}}, {"type": "Feature", "properties": {"osm_id": 298631163, "highway": "tertiary", "name": "Rua dos Passos"}, "geometry": {"type": "LineString", "coordinates": [[-42.8803964, -20.7463078], [-42.8803417, -20.7461092], [-42.880314, -20.745973]]}}, {"type": "Feature", "properties": {"osm_id": 298631170, "highway": "trunk", "name": "Avenida Marechal Castelo Branco"}, "geometry": {"type": "LineString", "coordinates": [[-42.8650085, -20.7440889], [-42.8650987, -20.7442708], [-42.8652894, -20.7447385]]}}, {"type": "Feature", "properties": {"osm_id": 300888869, "highway": "trunk", "name": ""}, "geometry": {"type": "LineString", "coordinates": [[-42.8511433, -20.7425285], [-42.8513344, -20.7426128]]}}, {"type": "Feature", "properties": {"osm_id": 300888870, "highway": "trunk", "name": ""}, "geometry": {"type": "LineString", "coordinates": [[-42.8513344, -20.7426128], [-42.8520808, -20.7429063]]}}, {"type": "Feature", "properties": {"osm_id": 306849387, "highway": "residential", "name": "Rua Castro Alves"}, "geometry": {"type": "LineString", "coordinates": [[-42.8854076, -20.7586922], [-42.8853737, -20.7590956]]}}, {"type": "Feature", "properties": {"osm_id": 309610533, "highway": "footway", "name": ""}, "geometry": {"type": "LineString", "coordinates": [[-42.8693241, -20.7616021], [-42.8689966, -20.761857], [-42.868993, -20.7618599], [-42.8689695, -20.7618814], [-42.868234, -20.7624561]]}}, {"type": "Feature", "properties": {"osm_id": 309610536, "highway": "service", "name": ""}, "geometry": {"type": "LineString", "coordinates": [[-42.8667768, -20.7630782], [-42.8668942, -20.7632249], [-42.866927, -20.7632443], [-42.8669619, -20.7632525], [-42.8669941, -20.7632362], [-42.8670115, -20.7632211], [-42.8670189, -20.763201], [-42.8670182, -20.7631747], [-42.8669773, -20.7631195]]}}, {"type": "Feature", "properties": {"osm_id": 309610539, "highway": "footway", "name": ""}, "geometry": {"type": "LineString", "coordinates": [[-42.8678805, -20.7620273], [-42.86787, -20.7620139], [-42.8678534, -20.7619954], [-42.8677667, -20.7618995], [-42.8676804, -20.7618028], [-42.8670927, -20.7611508]]}}, {"type": "Feature", "properties": {"osm_id": 309610600, "highway": "service", "name": ""}, "geometry": {"type": "LineString", "coordinates": [[-42.869276, -20.7581977], [-42.8690053, -20.7583943], [-42.8689578, -20.758446], [-42.8689788, -20.7585871]]}}, {"type": "Feature", "properties": {"osm_id": 309610605, "highway": "service", "name": ""}, "geometry": {"type": "LineString", "coordinates": [[-42.8683529, -20.7590971], [-42.868342, -20.7590924], [-42.8683332, -20.7590849], [-42.8683283, -20.7590733], [-42.8683252, -20.7590623], [-42.8683277, -20.7590505], [-42.8683344, -20.7590401], [-42.8683443, -20.7590325], [-42.8683565, -20.7590285], [-42.8683694, -20.7590285], [-42.8683815, -20.7590326], [-42.8683915, -20.7590403], [-42.8683977, -20.7590498], [-42.8684004, -20.7590607], [-42.8683993, -20.7590718], [-42.8683946, -20.759082], [-42.8683867, -20.7590904], [-42.8683764, -20.759096], [-42.8683647, -20.7590983], [-42.8683529, -20.7590971]]}}, {"type": "Feature", "properties": {"osm_id": 309610606, "highway": "service", "name": ""}, "geometry": {"type": "LineString", "coordinates": [[-42.8683332, -20.7590849], [-42.8679943, -20.7592987]]}}, {"type": "Feature", "properties": {"osm_id": 309610608, "highway": "tertiary", "name": "Avenida Purdue"}, "geometry": {"type": "LineString", "coordinates": [[-42.8685586, -20.7600305], [-42.8691001, -20.7596285], [-42.8693737, -20.759429], [-42.8696929, -20.7591948], [-42.8698434, -20.7590762]]}}, {"type": "Feature", "properties": {"osm_id": 309610617, "highway": "unclassified", "name": ""}, "geometry": {"type": "LineString", "coordinates": [[-42.861305, -20.7577083], [-42.8618668, -20.7580547]]}}, {"type": "Feature", "properties": {"osm_id": 309610618, "highway": "unclassified", "name": ""}, "geometry": {"type": "LineString", "coordinates": [[-42.8633975, -20.7583552], [-42.8631808, -20.7583763]]}}, {"type": "Feature", "properties": {"osm_id": 309610619, "highway": "unclassified", "name": ""}, "geometry": {"type": "LineString", "coordinates": [[-42.8631808, -20.7583763], [-42.8630264, -20.7585116], [-42.8628575, -20.7585989], [-42.8627475, -20.7586207], [-42.8626737, -20.7585994], [-42.8624739, -20.7585003], [-42.8618668, -20.7580547]]}}, {"type": "Feature", "properties": {"osm_id": 309610620, "highway": "unclassified", "name": ""}, "geometry": {"type": "LineString", "coordinates": [[-42.8633975, -20.7583552], [-42.8632428, -20.7581983], [-42.8630418, -20.7579792], [-42.8626415, -20.75763], [-42.8626227, -20.7576043], [-42.8626234, -20.7575874], [-42.8626502, -20.7575422], [-42.8626885, -20.7575103], [-42.8627066, -20.7575059], [-42.8627347, -20.7575103], [-42.8627729, -20.7575285], [-42.8631277, -20.7577598]]}}, {"type": "Feature", "properties": {"osm_id": 309610621, "highway": "service", "name": ""}, "geometry": {"type": "LineString", "coordinates": [[-42.8655913, -20.7608078], [-42.8660497, -20.7604716], [-42.8661058, -20.7604606], [-42.8661501, -20.7604759], [-42.8661805, -20.7605218], [-42.8661851, -20.7605654], [-42.8661641, -20.76062], [-42.8657434, -20.7609657]]}}, {"type": "Feature", "properties": {"osm_id": 309612497, "highway": "cycleway", "name": ""}, "geometry": {"type": "LineString", "coordinates": [[-42.87467, -20.7563986], [-42.8759412, -20.7553819], [-42.8760631, -20.7552887], [-42.8762115, -20.7552184], [-42.8762688, -20.7552006], [-42.8762969, -20.7551918], [-42.8764128, -20.7551861], [-42.8766343, -20.7552051], [-42.8778476, -20.7554749]]}}, {"type": "Feature", "properties": {"osm_id": 309623940, "highway": "tertiary", "name": "Avenida Jacob Lopes de Castro"}, "geometry": {"type": "LineString", "coordinates": [[-42.8790071, -20.7365], [-42.8790083, -20.7362919]]}}, {"type": "Feature", "properties": {"osm_id": 309650068, "highway": "tertiary", "name": ""}, "geometry": {"type": "LineString", "coordinates": [[-42.878911, -20.7547045], [-42.8789538, -20.7546748], [-42.879385, -20.7543851]]}}, {"type": "Feature", "properties": {"osm_id": 309738481, "highway": "service", "name": ""}, "geometry": {"type": "LineString", "coordinates": [[-42.877341, -20.7536969], [-42.8772758, -20.7537867], [-42.8770624, -20.7536707], [-42.8768042, -20.753551], [-42.8768428, -20.7534711]]}}, {"type": "Feature", "properties": {"osm_id": 309738488, "highway": "residential", "name": "Rua dos Estudantes"}, "geometry": {"type": "LineString", "coordinates": [[-42.8762833, -20.7552197], [-42.8762163, -20.7552473], [-42.8760768, -20.7553125], [-42.8759534, -20.7554003], [-42.875645, -20.7556461], [-42.8746814, -20.7564149]]}}, {"type": "Feature", "properties": {"osm_id": 309738494, "highway": "service", "name": ""}, "geometry": {"type": "LineString", "coordinates": [[-42.8784344, -20.7547775], [-42.8780653, -20.7550462]]}}, {"type": "Feature", "properties": {"osm_id": 309738531, "highway": "residential", "name": "Rua Camil Muanis"}, "geometry": {"type": "LineString", "coordinates": [[-42.8949246, -20.7357728], [-42.8949233, -20.7359146], [-42.8949112, -20.7364326], [-42.8949151, -20.7368954], [-42.8949253, -20.7371626], [-42.8949348, -20.7373547], [-42.8949514, -20.737673], [-42.8949487, -20.7377307], [-42.8949386, -20.7377665], [-42.8949135, -20.737792]]}}, {"type": "Feature", "properties": {"osm_id": 309738533, "highway": "residential", "name": "Rua Professor Erly Dias Brandão"}, "geometry": {"type": "LineString", "coordinates": [[-42.894315, -20.7360601], [-42.8942976, -20.7362526], [-42.8942844, -20.7363983], [-42.8942436, -20.7368487], [-42.8942021, -20.737307], [-42.8941629, -20.7377409], [-42.8940283, -20.7392277], [-42.8939885, -20.7396672]]}}, {"type": "Feature", "properties": {"osm_id": 309738536, "highway": "residential", "name": "Rua José Garcia"}, "geometry": {"type": "LineString", "coordinates": [[-42.8949112, -20.7364326], [-42.8942844, -20.7363983]]}}, {"type": "Feature", "properties": {"osm_id": 309738538, "highway": "residential", "name": "Rua José Edmar Amaral"}, "geometry": {"type": "LineString", "coordinates": [[-42.8949233, -20.7359146], [-42.894315, -20.7360601], [-42.8941856, -20.7360939], [-42.8940636, -20.7361159], [-42.8939644, -20.736124], [-42.8938437, -20.7361303], [-42.8937102, -20.7361303]]}}, {"type": "Feature", "properties": {"osm_id": 309738540, "highway": "residential", "name": "Rua Alexina Maria do Carmo"}, "geometry": {"type": "LineString", "coordinates": [[-42.8936049, -20.7362658], [-42.8935714, -20.7366721], [-42.8934494, -20.7380468], [-42.8934346, -20.7385898], [-42.8934373, -20.7387303], [-42.8934601, -20.738862], [-42.8935097, -20.7390138], [-42.893566, -20.7391549], [-42.8936278, -20.7393436]]}}, {"type": "Feature", "properties": {"osm_id": 309738542, "highway": "residential", "name": "Rua Lourdes de Freitas Castro"}, "geometry": {"type": "LineString", "coordinates": [[-42.8949151, -20.7368954], [-42.8942436, -20.7368487]]}}, {"type": "Feature", "properties": {"osm_id": 309738544, "highway": "residential", "name": "Rua Maria Rodrigues Lehner"}, "geometry": {"type": "LineString", "coordinates": [[-42.8949348, -20.7373547], [-42.8942021, -20.737307]]}}, {"type": "Feature", "properties": {"osm_id": 309738546, "highway": "residential", "name": "Rua José Lopes de Carvalho"}, "geometry": {"type": "LineString", "coordinates": [[-42.8949135, -20.737792], [-42.8948699, -20.737807], [-42.8948039, -20.7378147], [-42.8946579, -20.7378043], [-42.8941629, -20.7377409]]}}, {"type": "Feature", "properties": {"osm_id": 309738547, "highway": "residential", "name": "Rua José Ubirajara Euclydes"}, "geometry": {"type": "LineString", "coordinates": [[-42.8946579, -20.7378043], [-42.8946464, -20.7382554], [-42.8946096, -20.7388599], [-42.894586, -20.7392483], [-42.8945752, -20.7392935], [-42.8945396, -20.739321], [-42.894486, -20.7393248], [-42.8940283, -20.7392277]]}}, {"type": "Feature", "properties": {"osm_id": 309738549, "highway": "residential", "name": "Rua Mário Abdo"}, "geometry": {"type": "LineString", "coordinates": [[-42.8946464, -20.7382554], [-42.8949822, -20.7383139], [-42.895058, -20.7383283], [-42.8951164, -20.7383522], [-42.8951459, -20.7383935], [-42.8951432, -20.738788]]}}, {"type": "Feature", "properties": {"osm_id": 309738553, "highway": "residential", "name": "Rua José Edmar Amaral"}, "geometry": {"type": "LineString", "coordinates": [[-42.893555, -20.7361284], [-42.8934795, -20.7361102], [-42.8933769, -20.7360801], [-42.8932589, -20.7360381], [-42.8931215, -20.7359779], [-42.8930162, -20.7359171], [-42.8929015, -20.7358472], [-42.8927869, -20.7357823]]}}, {"type": "Feature", "properties": {"osm_id": 309738554, "highway": "residential", "name": "Rua Almiro Molica"}, "geometry": {"type": "LineString", "coordinates": [[-42.8934494, -20.7380468], [-42.893271, -20.7380298], [-42.8930819, -20.7380167], [-42.8929491, -20.7380041], [-42.8928506, -20.7379866], [-42.8927781, -20.7379608], [-42.8927238, -20.7379119], [-42.8926987, -20.7378677]]}}, {"type": "Feature", "properties": {"osm_id": 309738558, "highway": "residential", "name": ""}, "geometry": {"type": "LineString", "coordinates": [[-42.8926987, -20.7378677], [-42.8926112, -20.7377225], [-42.8925495, -20.7375783], [-42.8925173, -20.737509], [-42.8924925, -20.7374742], [-42.8924533, -20.7374532], [-42.892405, -20.7374476], [-42.8923181, -20.7374579]]}}, {"type": "Feature", "properties": {"osm_id": 309738560, "highway": "residential", "name": "Rua Antônio Amaral"}, "geometry": {"type": "LineString", "coordinates": [[-42.8923181, -20.7374579], [-42.8922581, -20.7374651], [-42.8922293, -20.7374611], [-42.8922038, -20.7374456], [-42.8921847, -20.7374231], [-42.8921636, -20.7373711], [-42.8921458, -20.7373328], [-42.892118, -20.7372996], [-42.8920821, -20.7372767], [-42.8920348, -20.7372544], [-42.8919527, -20.7372278], [-42.8918843, -20.7372033], [-42.8917998, -20.7371701], [-42.8916751, -20.7371218], [-42.8915933, -20.7370716], [-42.8915383, -20.7370152], [-42.8915209, -20.7369518], [-42.8915309, -20.7368879], [-42.8915497, -20.7368283], [-42.8918441, -20.736188], [-42.8922632, -20.7353151]]}}, {"type": "Feature", "properties": {"osm_id": 309738562, "highway": "residential", "name": "Rua Padre Antônio Mendes"}, "geometry": {"type": "LineString", "coordinates": [[-42.8920123, -20.7347052], [-42.8913431, -20.7359798], [-42.8910061, -20.736606]]}}, {"type": "Feature", "properties": {"osm_id": 309738563, "highway": "residential", "name": "Rua Margarida Alocoque Amaral"}, "geometry": {"type": "LineString", "coordinates": [[-42.8917037, -20.7343863], [-42.8911529, -20.7354486]]}}, {"type": "Feature", "properties": {"osm_id": 309738564, "highway": "residential", "name": "Rua B"}, "geometry": {"type": "LineString", "coordinates": [[-42.8913431, -20.7359798], [-42.8910539, -20.7357166], [-42.89074, -20.7353772]]}}, {"type": "Feature", "properties": {"osm_id": 309738566, "highway": "residential", "name": "Rua José Milton Amaral"}, "geometry": {"type": "LineString", "coordinates": [[-42.89074, -20.7353772], [-42.8913926, -20.7340251]]}}, {"type": "Feature", "properties": {"osm_id": 309738568, "highway": "residential", "name": "Rua José Felício"}, "geometry": {"type": "LineString", "coordinates": [[-42.891244, -20.7338592], [-42.8906541, -20.735065]]}}, {"type": "Feature", "properties": {"osm_id": 309738570, "highway": "residential", "name": "Rua Maria Gabriela de Jesus"}, "geometry": {"type": "LineString", "coordinates": [[-42.8916582, -20.7343361], [-42.8922551, -20.733827], [-42.8923318, -20.7337176], [-42.8924637, -20.7333308], [-42.8924784, -20.7332581], [-42.8924918, -20.7331904], [-42.8925227, -20.733144]]}}, {"type": "Feature", "properties": {"osm_id": 309738572, "highway": "residential", "name": "Rua Inácio de Oliveira Amaral"}, "geometry": {"type": "LineString", "coordinates": [[-42.8921814, -20.7348855], [-42.8924074, -20.7345206], [-42.8924435, -20.7344898], [-42.8924994, -20.7344802], [-42.8926615, -20.734524], [-42.8927518, -20.7346955], [-42.8928016, -20.7347607], [-42.8929068, -20.7348709], [-42.8930228, -20.7349843], [-42.8932992, -20.7352205], [-42.8935402, -20.7353846], [-42.8936409, -20.7354282]]}}, {"type": "Feature", "properties": {"osm_id": 309738574, "highway": "residential", "name": "Rua Alexina Maria do Campo"}, "geometry": {"type": "LineString", "coordinates": [[-42.8935741, -20.7360168], [-42.8936409, -20.7354282], [-42.8937074, -20.7345226]]}}, {"type": "Feature", "properties": {"osm_id": 309738576, "highway": "residential", "name": ""}, "geometry": {"type": "LineString", "coordinates": [[-42.8939901, -20.7346098], [-42.8937074, -20.7345226], [-42.8931458, -20.7343323]]}}, {"type": "Feature", "properties": {"osm_id": 309738578, "highway": "residential", "name": ""}, "geometry": {"type": "LineString", "coordinates": [[-42.8954449, -20.7356249], [-42.8955146, -20.7368213]]}}, {"type": "Feature", "properties": {"osm_id": 309738580, "highway": "residential", "name": ""}, "geometry": {"type": "LineString", "coordinates": [[-42.8970435, -20.7351658], [-42.8968183, -20.7345114], [-42.8967711, -20.7344691], [-42.8965489, -20.7344257], [-42.8964175, -20.734372], [-42.8962873, -20.7342882], [-42.8961657, -20.7341805], [-42.8960971, -20.7340831], [-42.8960739, -20.7339617], [-42.8960742, -20.7335954]]}}, {"type": "Feature", "properties": {"osm_id": 309738591, "highway": "residential", "name": "Rua da Assembleia"}, "geometry": {"type": "LineString", "coordinates": [[-42.8906425, -20.7326006], [-42.8906709, -20.7328144], [-42.8906668, -20.7329135], [-42.8905808, -20.7331677], [-42.8905157, -20.7333101], [-42.8903484, -20.7336735], [-42.8899607, -20.7345525]]}}, {"type": "Feature", "properties": {"osm_id": 309738593, "highway": "residential", "name": "Rua Tim Maia"}, "geometry": {"type": "LineString", "coordinates": [[-42.88815, -20.7328335], [-42.8884538, -20.7327351], [-42.8886469, -20.7326523], [-42.8888035, -20.7326342], [-42.8891267, -20.7327332], [-42.8892577, -20.7327653], [-42.8893472, -20.7328018], [-42.8893941, -20.7328596], [-42.8894035, -20.7329274], [-42.889382, -20.73299], [-42.8886405, -20.7339584], [-42.8879511, -20.734909], [-42.8879243, -20.7349993], [-42.8879565, -20.7350395], [-42.8880316, -20.7350294], [-42.8881818, -20.7349642], [-42.8882622, -20.7349642], [-42.8883052, -20.7350244], [-42.8883159, -20.7350846], [-42.8883022, -20.735157], [-42.8881925, -20.7352853], [-42.8881482, -20.735338], [-42.8880705, -20.7353919], [-42.887695, -20.7355549], [-42.887644, -20.7355926], [-42.8876159, -20.7356628], [-42.8875954, -20.735877], [-42.8876008, -20.7359522], [-42.8876129, -20.7360024], [-42.8876866, -20.7361629]]}}, {"type": "Feature", "properties": {"osm_id": 309738595, "highway": "residential", "name": "Rua Luis Pimentel"}, "geometry": {"type": "LineString", "coordinates": [[-42.8884788, -20.7323767], [-42.8867412, -20.7328679], [-42.8859234, -20.7330979]]}}, {"type": "Feature", "properties": {"osm_id": 309738596, "highway": "residential", "name": "Rua Quito Valente"}, "geometry": {"type": "LineString", "coordinates": [[-42.8869449, -20.7333621], [-42.8867412, -20.7328679]]}}, {"type": "Feature", "properties": {"osm_id": 309738597, "highway": "residential", "name": "Rua Dona Inês de Castro"}, "geometry": {"type": "LineString", "coordinates": [[-42.8884738, -20.7308018], [-42.8880504, -20.7309844], [-42.887653, -20.7311366], [-42.8859793, -20.7311366], [-42.8858452, -20.7311166], [-42.8856023, -20.730772]]}}, {"type": "Feature", "properties": {"osm_id": 309738600, "highway": "residential", "name": "Rua Erminia Izabel Costa"}, "geometry": {"type": "LineString", "coordinates": [[-42.8818683, -20.7335699], [-42.882015, -20.7336903], [-42.8821491, -20.7337355], [-42.8832488, -20.7332438]]}}, {"type": "Feature", "properties": {"osm_id": 309738601, "highway": "residential", "name": "Travessa Santo Agostinho"}, "geometry": {"type": "LineString", "coordinates": [[-42.8833775, -20.7319251], [-42.8837638, -20.7322655], [-42.88437, -20.7328963]]}}, {"type": "Feature", "properties": {"osm_id": 309738603, "highway": "residential", "name": "Rua Maria Tita"}, "geometry": {"type": "LineString", "coordinates": [[-42.8836205, -20.7325447], [-42.8831791, -20.7321145]]}}, {"type": "Feature", "properties": {"osm_id": 309738605, "highway": "residential", "name": "Travessa Sebastião Maria"}, "geometry": {"type": "LineString", "coordinates": [[-42.8840012, -20.7313013], [-42.8847226, -20.7321123]]}}, {"type": "Feature", "properties": {"osm_id": 309738608, "highway": "residential", "name": "Rua João Ludgelio Miranda"}, "geometry": {"type": "LineString", "coordinates": [[-42.8832165, -20.732073], [-42.8831756, -20.7320361], [-42.8831303, -20.7319942], [-42.8828102, -20.7317017], [-42.8824366, -20.731337], [-42.8823596, -20.7313086], [-42.8822848, -20.7313174], [-42.8821868, -20.731347]]}}, {"type": "Feature", "properties": {"osm_id": 309738609, "highway": "residential", "name": "Rua São Geraldo"}, "geometry": {"type": "LineString", "coordinates": [[-42.8835317, -20.7316056], [-42.8829106, -20.7310269], [-42.8828522, -20.7309701], [-42.8828009, -20.7309658], [-42.8825067, -20.731016]]}}, {"type": "Feature", "properties": {"osm_id": 309738610, "highway": "residential", "name": "Rua Santos Dumont"}, "geometry": {"type": "LineString", "coordinates": [[-42.8831303, -20.7319942], [-42.8835317, -20.7316056], [-42.883861, -20.7312868], [-42.8841435, -20.731075]]}}, {"type": "Feature", "properties": {"osm_id": 309738612, "highway": "residential", "name": "Travessa Santa Clara"}, "geometry": {"type": "LineString", "coordinates": [[-42.883861, -20.7312868], [-42.8835335, -20.7304251]]}}, {"type": "Feature", "properties": {"osm_id": 309738613, "highway": "residential", "name": "Rua Conselheiro Lafaiete"}, "geometry": {"type": "LineString", "coordinates": [[-42.8841435, -20.731075], [-42.8841809, -20.7308741], [-42.8842387, -20.7307406], [-42.8842509, -20.7307125], [-42.8845918, -20.730184], [-42.8846551, -20.7299781], [-42.8846525, -20.7299099]]}}, {"type": "Feature", "properties": {"osm_id": 309738616, "highway": "residential", "name": ""}, "geometry": {"type": "LineString", "coordinates": [[-42.8845918, -20.730184], [-42.8843887, -20.7303019], [-42.8839707, -20.730481]]}}, {"type": "Feature", "properties": {"osm_id": 309738618, "highway": "residential", "name": "Rua Conego José de Souza"}, "geometry": {"type": "LineString", "coordinates": [[-42.8842387, -20.7307406], [-42.8847459, -20.730564]]}}, {"type": "Feature", "properties": {"osm_id": 309738619, "highway": "residential", "name": "Rua Izolina Pires"}, "geometry": {"type": "LineString", "coordinates": [[-42.8845918, -20.730184], [-42.8853273, -20.7301731], [-42.8856216, -20.7302255]]}}, {"type": "Feature", "properties": {"osm_id": 309738621, "highway": "residential", "name": "Rua São Tomé"}, "geometry": {"type": "LineString", "coordinates": [[-42.8844673, -20.7300082], [-42.8846551, -20.7299781], [-42.8847355, -20.729956], [-42.8847823, -20.729939], [-42.8849934, -20.7298608], [-42.8851779, -20.7297494], [-42.8853309, -20.7296246], [-42.8854091, -20.7296205], [-42.8864178, -20.729579], [-42.8872429, -20.7295634], [-42.8875919, -20.7295696], [-42.8891005, -20.7294905]]}}, {"type": "Feature", "properties": {"osm_id": 309749685, "highway": "residential", "name": "Rua do Contorno"}, "geometry": {"type": "LineString", "coordinates": [[-42.8853309, -20.7296246], [-42.8854121, -20.7297526], [-42.8855259, -20.7299085], [-42.8856286, -20.7300263], [-42.8856519, -20.7300529], [-42.8858105, -20.7301366], [-42.8859568, -20.730186], [-42.8861723, -20.7302126], [-42.8863634, -20.7301746], [-42.8867496, -20.7301822], [-42.8869651, -20.7301708], [-42.8875708, -20.7302583], [-42.888018, -20.7303533], [-42.8882416, -20.7303837], [-42.888392, -20.7303875], [-42.8885018, -20.7303495], [-42.8886822, -20.7302169], [-42.8890125, -20.7299307], [-42.8890788, -20.7298399], [-42.8891101, -20.7297432], [-42.8891005, -20.7294905], [-42.8890625, -20.7293759], [-42.8889844, -20.7291893], [-42.8888636, -20.7290453], [-42.8887213, -20.7289351], [-42.8885465, -20.7288552], [-42.8883351, -20.7288248], [-42.8882497, -20.7288628], [-42.8880587, -20.7289009], [-42.8878757, -20.7289389], [-42.8876928, -20.7289503], [-42.8875464, -20.7289161], [-42.8874099, -20.7289084], [-42.88727, -20.7288704], [-42.8870586, -20.7287982], [-42.8868431, -20.7286955], [-42.8866317, -20.7285092], [-42.8865219, -20.7284432], [-42.8864609, -20.7284066], [-42.8862902, -20.7283647], [-42.8860503, -20.7284294], [-42.8858633, -20.7285434], [-42.8857292, -20.7286651], [-42.8855869, -20.7288666], [-42.885473, -20.7291062], [-42.8854528, -20.7292413], [-42.8854446, -20.7292963], [-42.8854158, -20.7294359], [-42.8853875, -20.729522], [-42.8853309, -20.7296246]]}}, {"type": "Feature", "properties": {"osm_id": 309749686, "highway": "residential", "name": "Rua São Francisco"}, "geometry": {"type": "LineString", "coordinates": [[-42.8854446, -20.7292963], [-42.8856848, -20.7293068], [-42.8866404, -20.7292837], [-42.8872259, -20.7292739], [-42.8877729, -20.7292671], [-42.8889844, -20.7291893]]}}, {"type": "Feature", "properties": {"osm_id": 309749687, "highway": "residential", "name": "Rua São Judas Tadeu"}, "geometry": {"type": "LineString", "coordinates": [[-42.8885018, -20.7303495], [-42.8875919, -20.7295696]]}}, {"type": "Feature", "properties": {"osm_id": 309749688, "highway": "residential", "name": "Rua São Mateus"}, "geometry": {"type": "LineString", "coordinates": [[-42.8856286, -20.7300263], [-42.8857521, -20.7300251], [-42.8863749, -20.7298894]]}}, {"type": "Feature", "properties": {"osm_id": 309749689, "highway": "residential", "name": "Rua São Tiago"}, "geometry": {"type": "LineString", "coordinates": [[-42.8856848, -20.7293068], [-42.8857946, -20.7289987], [-42.8858795, -20.7288633], [-42.8860246, -20.7287143], [-42.8861343, -20.7286349], [-42.8862369, -20.7286084], [-42.8863537, -20.728615], [-42.8864392, -20.7286417], [-42.8864599, -20.7286481], [-42.886605, -20.7287474]]}}, {"type": "Feature", "properties": {"osm_id": 309749690, "highway": "residential", "name": "Rua São Tomé"}, "geometry": {"type": "LineString", "coordinates": [[-42.8857946, -20.7289987], [-42.8860006, -20.7289972], [-42.886251, -20.7290056]]}}, {"type": "Feature", "properties": {"osm_id": 309749691, "highway": "residential", "name": ""}, "geometry": {"type": "LineString", "coordinates": [[-42.8854528, -20.7292413], [-42.8852636, -20.7292208]]}}, {"type": "Feature", "properties": {"osm_id": 309749692, "highway": "residential", "name": ""}, "geometry": {"type": "LineString", "coordinates": [[-42.8872259, -20.7292739], [-42.8872429, -20.7295634]]}}, {"type": "Feature", "properties": {"osm_id": 309749695, "highway": "residential", "name": ""}, "geometry": {"type": "LineString", "coordinates": [[-42.8774461, -20.7295977], [-42.8774152, -20.7295796], [-42.8773926, -20.7295527], [-42.8773813, -20.7295221], [-42.8773808, -20.7294898], [-42.8773914, -20.7294589], [-42.8774119, -20.7294328], [-42.8774402, -20.7294142], [-42.8774734, -20.729405], [-42.877508, -20.7294061], [-42.8775406, -20.7294175], [-42.8775674, -20.7294377], [-42.8775861, -20.7294651], [-42.8775945, -20.7294966], [-42.8775912, -20.7295306], [-42.8775759, -20.7295617], [-42.8775507, -20.7295862], [-42.8775179, -20.7296013], [-42.8775031, -20.7296029], [-42.8774816, -20.7296053], [-42.8774461, -20.7295977]]}}, {"type": "Feature", "properties": {"osm_id": 309749696, "highway": "residential", "name": "Rua Antônio R Faustino"}, "geometry": {"type": "LineString", "coordinates": [[-42.8773813, -20.7295221], [-42.8769514, -20.7298973], [-42.8768315, -20.7300056], [-42.8766709, -20.7300627], [-42.8765184, -20.7300969], [-42.8764448, -20.730099], [-42.8763578, -20.7300893]]}}, {"type": "Feature", "properties": {"osm_id": 309749697, "highway": "residential", "name": "Rua Aristeu Fernandes"}, "geometry": {"type": "LineString", "coordinates": [[-42.8775759, -20.7295617], [-42.8778011, -20.7295018], [-42.8782828, -20.729498], [-42.8791217, -20.7295184], [-42.8792437, -20.7295053]]}}, {"type": "Feature", "properties": {"osm_id": 309749698, "highway": "residential", "name": ""}, "geometry": {"type": "LineString", "coordinates": [[-42.8793041, -20.7296119], [-42.8799415, -20.7294372]]}}, {"type": "Feature", "properties": {"osm_id": 309749699, "highway": "residential", "name": "Rua Aristeu Fernandes"}, "geometry": {"type": "LineString", "coordinates": [[-42.8793041, -20.7296119], [-42.8792396, -20.729626], [-42.8791305, -20.7296577], [-42.8789536, -20.72973], [-42.8788561, -20.7297851], [-42.8787748, -20.7298783], [-42.8787646, -20.7299695], [-42.878789, -20.7300779], [-42.8788703, -20.7302566], [-42.879028, -20.7304708]]}}, {"type": "Feature", "properties": {"osm_id": 309749700, "highway": "residential", "name": ""}, "geometry": {"type": "LineString", "coordinates": [[-42.8790344, -20.7305266], [-42.8790247, -20.7305221], [-42.879017, -20.7305149], [-42.8790124, -20.7305057], [-42.8790112, -20.7304956], [-42.8790137, -20.7304857], [-42.8790195, -20.7304771], [-42.879028, -20.7304708], [-42.8790379, -20.7304675], [-42.8790485, -20.7304674], [-42.8790586, -20.7304704], [-42.879067, -20.7304763], [-42.879073, -20.7304844], [-42.879076, -20.7304939], [-42.8790755, -20.7305038], [-42.8790716, -20.730513], [-42.8790648, -20.7305205], [-42.8790558, -20.7305257], [-42.8790452, -20.7305278], [-42.8790344, -20.7305266]]}}, {"type": "Feature", "properties": {"osm_id": 309749701, "highway": "residential", "name": ""}, "geometry": {"type": "LineString", "coordinates": [[-42.8793041, -20.7296119], [-42.8793054, -20.7295818], [-42.879298, -20.7295517], [-42.8792813, -20.7295304], [-42.8792437, -20.7295053]]}}, {"type": "Feature", "properties": {"osm_id": 309749703, "highway": "residential", "name": ""}, "geometry": {"type": "LineString", "coordinates": [[-42.8791217, -20.7295184], [-42.8791232, -20.7294751], [-42.8791602, -20.7294161], [-42.8792125, -20.7293397], [-42.8792627, -20.7292752], [-42.8793323, -20.7292389], [-42.8797593, -20.7291495]]}}, {"type": "Feature", "properties": {"osm_id": 309749706, "highway": "residential", "name": "Rua Aristeu Fernandes"}, "geometry": {"type": "LineString", "coordinates": [[-42.8839073, -20.7300186], [-42.8836338, -20.7300615], [-42.8831624, -20.7301076], [-42.8828081, -20.7302316], [-42.8825447, -20.7303641], [-42.8822042, -20.7306234], [-42.8819085, -20.7308828], [-42.8813924, -20.7313265], [-42.8813431, -20.7313971], [-42.8812953, -20.7315196], [-42.8812507, -20.7317242], [-42.8812691, -20.732008], [-42.8813261, -20.7323365], [-42.881454, -20.7327107]]}}, {"type": "Feature", "properties": {"osm_id": 309758143, "highway": "residential", "name": "Condomínio Parque do Ipê"}, "geometry": {"type": "LineString", "coordinates": [[-42.8703958, -20.7240453], [-42.8703248, -20.7256028]]}}, {"type": "Feature", "properties": {"osm_id": 309758144, "highway": "residential", "name": "Via Interna Condomínio Parque do Ipê"}, "geometry": {"type": "LineString", "coordinates": [[-42.8695013, -20.7237857], [-42.8694253, -20.7253716]]}}, {"type": "Feature", "properties": {"osm_id": 309758145, "highway": "residential", "name": "Via Interna Condomínio Parque do Ipê"}, "geometry": {"type": "LineString", "coordinates": [[-42.8685732, -20.723866], [-42.8685095, -20.7252514]]}}, {"type": "Feature", "properties": {"osm_id": 309758146, "highway": "residential", "name": ""}, "geometry": {"type": "LineString", "coordinates": [[-42.8708313, -20.7254007], [-42.8708097, -20.725394], [-42.8707913, -20.7253813], [-42.8707782, -20.7253638], [-42.8707715, -20.7253434], [-42.870772, -20.7253221], [-42.8707796, -20.725302], [-42.8707935, -20.7252851], [-42.8708124, -20.7252732], [-42.8708365, -20.7252672], [-42.8708613, -20.7252692], [-42.8708839, -20.725279], [-42.8709016, -20.7252954], [-42.8709122, -20.7253164], [-42.8709145, -20.7253396], [-42.8709083, -20.7253622], [-42.8708941, -20.7253814], [-42.8708758, -20.725394], [-42.8708541, -20.7254007], [-42.8708313, -20.7254007]]}}, {"type": "Feature", "properties": {"osm_id": 309758147, "highway": "residential", "name": ""}, "geometry": {"type": "LineString", "coordinates": [[-42.8697228, -20.7250465], [-42.8697325, -20.7250248], [-42.8697493, -20.7250073], [-42.8697713, -20.7249958], [-42.8697961, -20.7249917], [-42.869821, -20.7249954], [-42.8698432, -20.7250065], [-42.8698601, -20.7250235], [-42.8698703, -20.7250448], [-42.8698726, -20.725068], [-42.8698667, -20.7250906], [-42.8698534, -20.7251103], [-42.869834, -20.7251248], [-42.8698105, -20.7251328], [-42.8697856, -20.7251332], [-42.8697619, -20.725126], [-42.869742, -20.7251121], [-42.8697278, -20.7250927], [-42.8697211, -20.72507], [-42.8697228, -20.7250465]]}}, {"type": "Feature", "properties": {"osm_id": 309758148, "highway": "residential", "name": ""}, "geometry": {"type": "LineString", "coordinates": [[-42.8688144, -20.7249013], [-42.8688161, -20.7248745], [-42.868827, -20.7248498], [-42.868846, -20.7248297], [-42.8688709, -20.7248165], [-42.8688991, -20.7248117], [-42.8689274, -20.7248157], [-42.8689527, -20.7248282], [-42.8689721, -20.7248474], [-42.8689839, -20.7248714], [-42.8689867, -20.7248977], [-42.8689803, -20.7249235], [-42.8689653, -20.7249459], [-42.8689434, -20.7249626], [-42.868917, -20.7249719], [-42.8688887, -20.7249726], [-42.8688617, -20.7249648], [-42.8688386, -20.7249491], [-42.8688222, -20.7249271], [-42.8688144, -20.7249013]]}}, {"type": "Feature", "properties": {"osm_id": 309758149, "highway": "residential", "name": ""}, "geometry": {"type": "LineString", "coordinates": [[-42.8679624, -20.7250481], [-42.8679561, -20.7250237], [-42.8679591, -20.7249987], [-42.867971, -20.7249762], [-42.8679904, -20.7249587], [-42.8680149, -20.7249484], [-42.8680418, -20.7249466], [-42.8680676, -20.7249535], [-42.8680878, -20.7249665], [-42.8681025, -20.7249848], [-42.8681106, -20.7250065], [-42.8681109, -20.7250294], [-42.8681037, -20.7250513], [-42.8680896, -20.72507], [-42.8680699, -20.7250836], [-42.8680466, -20.725091], [-42.8680222, -20.7250911], [-42.8679988, -20.7250842], [-42.8679772, -20.7250691], [-42.8679624, -20.7250481]]}}, {"type": "Feature", "properties": {"osm_id": 313613480, "highway": "service", "name": ""}, "geometry": {"type": "LineString", "coordinates": [[-42.8637383, -20.7404387], [-42.8635333, -20.740349], [-42.863106, -20.7401132], [-42.8629519, -20.7400477], [-42.8627184, -20.7400149], [-42.8625456, -20.7400355], [-42.8623885, -20.7401277], [-42.8622796, -20.7402179], [-42.8621619, -20.7403649], [-42.862023, -20.7405552], [-42.861903, -20.7407926], [-42.8618566, -20.7409734], [-42.8618708, -20.7412123], [-42.8619852, -20.7415702], [-42.8620582, -20.7418118]]}}, {"type": "Feature", "properties": {"osm_id": 313615560, "highway": "residential", "name": ""}, "geometry": {"type": "LineString", "coordinates": [[-42.8639338, -20.7370778], [-42.8640631, -20.7373857], [-42.8639652, -20.7379731]]}}, {"type": "Feature", "properties": {"osm_id": 313615561, "highway": "residential", "name": ""}, "geometry": {"type": "LineString", "coordinates": [[-42.8635667, -20.7381953], [-42.863738, -20.7382146]]}}, {"type": "Feature", "properties": {"osm_id": 313615562, "highway": "residential", "name": ""}, "geometry": {"type": "LineString", "coordinates": [[-42.8637199, -20.7383284], [-42.8635491, -20.7383056]]}}, {"type": "Feature", "properties": {"osm_id": 313615563, "highway": "tertiary", "name": ""}, "geometry": {"type": "LineString", "coordinates": [[-42.8710531, -20.7491014], [-42.871025, -20.7489305], [-42.8709953, -20.7486633]]}}, {"type": "Feature", "properties": {"osm_id": 313908176, "highway": "residential", "name": "Rua Sofia Bernardes"}, "geometry": {"type": "LineString", "coordinates": [[-42.8859591, -20.7600319], [-42.8874503, -20.7601904], [-42.8881374, -20.7604324]]}}, {"type": "Feature", "properties": {"osm_id": 313908177, "highway": "residential", "name": "Rua João Mafia"}, "geometry": {"type": "LineString", "coordinates": [[-42.8871538, -20.7583274], [-42.8868947, -20.7582628], [-42.8866873, -20.7581906], [-42.8864457, -20.7580925], [-42.8860241, -20.7577938], [-42.8856985, -20.7574347], [-42.8856284, -20.7573679], [-42.8855796, -20.7573216]]}}, {"type": "Feature", "properties": {"osm_id": 313908179, "highway": "residential", "name": ""}, "geometry": {"type": "LineString", "coordinates": [[-42.8869155, -20.7591163], [-42.8869092, -20.7590971], [-42.88691, -20.7590771], [-42.8869177, -20.7590584], [-42.8869314, -20.7590431], [-42.8869498, -20.7590327], [-42.8869707, -20.7590285], [-42.886992, -20.7590309], [-42.8870113, -20.7590396], [-42.8870265, -20.7590537], [-42.887036, -20.7590716], [-42.8870388, -20.7590915], [-42.8870345, -20.7591111], [-42.8870236, -20.7591283], [-42.8870073, -20.7591414], [-42.8869874, -20.7591487], [-42.886966, -20.7591497], [-42.8869455, -20.7591441], [-42.886928, -20.7591325], [-42.8869155, -20.7591163]]}}, {"type": "Feature", "properties": {"osm_id": 313908180, "highway": "residential", "name": "Rua Madre Maria das Neves"}, "geometry": {"type": "LineString", "coordinates": [[-42.888265, -20.7561811], [-42.8890554, -20.7563639], [-42.8897388, -20.7565396]]}}, {"type": "Feature", "properties": {"osm_id": 313908181, "highway": "residential", "name": "Rua Doutor Felicíssimo"}, "geometry": {"type": "LineString", "coordinates": [[-42.8898968, -20.756542], [-42.8899648, -20.7563974], [-42.8900378, -20.756179], [-42.8900524, -20.7560419], [-42.8900524, -20.755918], [-42.8899688, -20.7555028], [-42.8898711, -20.7551914], [-42.8897716, -20.7550209]]}}, {"type": "Feature", "properties": {"osm_id": 313908182, "highway": "residential", "name": "Rua Prefeito Parrique"}, "geometry": {"type": "LineString", "coordinates": [[-42.8890554, -20.7563639], [-42.8895283, -20.7554236], [-42.8897716, -20.7550209]]}}, {"type": "Feature", "properties": {"osm_id": 313908183, "highway": "residential", "name": ""}, "geometry": {"type": "LineString", "coordinates": [[-42.8897375, -20.7566149], [-42.8897294, -20.7565901], [-42.8897298, -20.7565642], [-42.8897388, -20.7565396], [-42.8897555, -20.7565189], [-42.8897782, -20.756504], [-42.8898047, -20.7564963], [-42.8898324, -20.7564967], [-42.8898587, -20.7565052], [-42.8898809, -20.7565207], [-42.8898968, -20.756542], [-42.889905, -20.7565668], [-42.8899045, -20.7565927], [-42.8898955, -20.7566173], [-42.8898789, -20.756638], [-42.8898562, -20.7566529], [-42.8898297, -20.7566605], [-42.8898019, -20.7566601], [-42.8897757, -20.7566517], [-42.8897535, -20.7566361], [-42.8897375, -20.7566149]]}}, {"type": "Feature", "properties": {"osm_id": 313908185, "highway": "residential", "name": "Travessa do Enfermeiro"}, "geometry": {"type": "LineString", "coordinates": [[-42.8899688, -20.7555028], [-42.8895283, -20.7554236]]}}, {"type": "Feature", "properties": {"osm_id": 313908187, "highway": "residential", "name": "Rua Prefeito Parrique"}, "geometry": {"type": "LineString", "coordinates": [[-42.8897716, -20.7550209], [-42.8897868, -20.7549802], [-42.8898163, -20.7549526], [-42.8898659, -20.7549401], [-42.8905299, -20.7549154]]}}, {"type": "Feature", "properties": {"osm_id": 313908188, "highway": "residential", "name": "Rua Joaquim Francisco de Souza"}, "geometry": {"type": "LineString", "coordinates": [[-42.8908996, -20.7570336], [-42.8909307, -20.7570583], [-42.8909359, -20.7570926], [-42.8909167, -20.7571302], [-42.8907716, -20.757348], [-42.8906171, -20.757616], [-42.8903125, -20.758206]]}}, {"type": "Feature", "properties": {"osm_id": 313908189, "highway": "residential", "name": ""}, "geometry": {"type": "LineString", "coordinates": [[-42.8894558, -20.7601137], [-42.8894385, -20.7600576], [-42.8894171, -20.760025], [-42.8893902, -20.760005], [-42.8893513, -20.7599962], [-42.889307, -20.7599987], [-42.8892571, -20.7600059]]}}, {"type": "Feature", "properties": {"osm_id": 313908190, "highway": "residential", "name": ""}, "geometry": {"type": "LineString", "coordinates": [[-42.8895256, -20.759929], [-42.8893943, -20.7598539]]}}, {"type": "Feature", "properties": {"osm_id": 313908193, "highway": "residential", "name": "Avenida Juscelino Kubitscheck"}, "geometry": {"type": "LineString", "coordinates": [[-42.8902388, -20.7614109], [-42.8904031, -20.7611002], [-42.8910825, -20.7598156], [-42.8911346, -20.7596428], [-42.8911641, -20.7594271], [-42.8912821, -20.7584389], [-42.8913224, -20.7582508], [-42.8914114, -20.7579343], [-42.8915799, -20.7573354], [-42.8915799, -20.75723], [-42.8915155, -20.7570168], [-42.8915048, -20.7566155], [-42.8915021, -20.7561188], [-42.8914968, -20.7552837], [-42.8914652, -20.7548084]]}}, {"type": "Feature", "properties": {"osm_id": 313908194, "highway": "residential", "name": "Rua Horácio Borges"}, "geometry": {"type": "LineString", "coordinates": [[-42.8896357, -20.7596105], [-42.8897172, -20.7594291], [-42.8898057, -20.7591984], [-42.890198, -20.7582568], [-42.8902198, -20.7582191], [-42.890248, -20.7582053], [-42.8903125, -20.758206], [-42.8904866, -20.7582931], [-42.8906664, -20.7583659]]}}, {"type": "Feature", "properties": {"osm_id": 313908195, "highway": "service", "name": ""}, "geometry": {"type": "LineString", "coordinates": [[-42.8824538, -20.7555787], [-42.8824395, -20.7556452], [-42.8824517, -20.7556927], [-42.8824558, -20.7557535], [-42.8824375, -20.7558049], [-42.882407, -20.7558448], [-42.8823542, -20.7558657], [-42.8823176, -20.7558562], [-42.8823054, -20.7558296], [-42.8822972, -20.7557783], [-42.882285, -20.7557383], [-42.8822451, -20.7555889], [-42.8822475, -20.7555394], [-42.8822542, -20.7555049]]}}, {"type": "Feature", "properties": {"osm_id": 313909408, "highway": "service", "name": ""}, "geometry": {"type": "LineString", "coordinates": [[-42.8789439, -20.7547423], [-42.879412, -20.7544241]]}}, {"type": "Feature", "properties": {"osm_id": 313956985, "highway": "residential", "name": "Rua João Batista da Costa"}, "geometry": {"type": "LineString", "coordinates": [[-42.8670809, -20.7456268], [-42.8674847, -20.7453733], [-42.8676657, -20.7451974], [-42.8677828, -20.7451134], [-42.8678507, -20.7450831], [-42.8678964, -20.7450744], [-42.867942, -20.7450795], [-42.868292, -20.7452011], [-42.8683453, -20.7452177], [-42.8684187, -20.7452178], [-42.8684933, -20.74521], [-42.868623, -20.7451566], [-42.868871, -20.7448832], [-42.8690574, -20.7446424], [-42.869074, -20.7446221], [-42.8691205, -20.7445307], [-42.8691473, -20.744463], [-42.8691727, -20.7443878], [-42.869201, -20.7442523]]}}, {"type": "Feature", "properties": {"osm_id": 313956986, "highway": "residential", "name": "Rua Arlindo P. Conceição"}, "geometry": {"type": "LineString", "coordinates": [[-42.8690574, -20.7446424], [-42.8686417, -20.7444372], [-42.8682603, -20.7442618], [-42.8678038, -20.7440723], [-42.8673567, -20.7439631]]}}, {"type": "Feature", "properties": {"osm_id": 313956987, "highway": "residential", "name": "Rua Tunico Bernardo"}, "geometry": {"type": "LineString", "coordinates": [[-42.8696709, -20.7444821], [-42.8694352, -20.7445506], [-42.8692726, -20.744589], [-42.8691546, -20.7446157], [-42.869074, -20.7446221]]}}, {"type": "Feature", "properties": {"osm_id": 313956989, "highway": "residential", "name": "Rua Eloy Saraiva"}, "geometry": {"type": "LineString", "coordinates": [[-42.868623, -20.7451566], [-42.8687985, -20.7452898], [-42.8688832, -20.7453446], [-42.8689689, -20.7453678], [-42.8693858, -20.7453629], [-42.8696058, -20.7453282], [-42.8696977, -20.7452954], [-42.8697917, -20.7452499], [-42.8700603, -20.7450823], [-42.8702704, -20.7449511], [-42.8704413, -20.7448945], [-42.8705487, -20.744877], [-42.8706761, -20.7448796], [-42.8708402, -20.7448971], [-42.8709488, -20.7448896], [-42.8712827, -20.7448407], [-42.8714852, -20.7447855]]}}, {"type": "Feature", "properties": {"osm_id": 313956990, "highway": "residential", "name": "Rua Chiquito Frantino"}, "geometry": {"type": "LineString", "coordinates": [[-42.8704995, -20.7453662], [-42.8707892, -20.745306], [-42.8711259, -20.745227], [-42.8714598, -20.7451442], [-42.8715792, -20.7451167]]}}, {"type": "Feature", "properties": {"osm_id": 313956991, "highway": "residential", "name": "Rua José Soares"}, "geometry": {"type": "LineString", "coordinates": [[-42.8706768, -20.745773], [-42.8704794, -20.7457879], [-42.8702411, -20.7458199], [-42.8699883, -20.7458633], [-42.86985, -20.7459046], [-42.8697038, -20.7459469], [-42.8695717, -20.7460399], [-42.8694325, -20.746124], [-42.8692519, -20.7461811], [-42.8689989, -20.7462016], [-42.8688233, -20.7461872], [-42.8686045, -20.7461584], [-42.868465, -20.7460953], [-42.8682424, -20.7459549], [-42.8679849, -20.7457341], [-42.8674847, -20.7453733], [-42.8669576, -20.7449691]]}}, {"type": "Feature", "properties": {"osm_id": 313956992, "highway": "service", "name": ""}, "geometry": {"type": "LineString", "coordinates": [[-42.8662969, -20.7462508], [-42.8659712, -20.7459759], [-42.8654762, -20.7453216]]}}, {"type": "Feature", "properties": {"osm_id": 313956994, "highway": "tertiary", "name": "Rua José Medina Floresta"}, "geometry": {"type": "LineString", "coordinates": [[-42.8662341, -20.7460274], [-42.8661601, -20.7460503], [-42.8661406, -20.7460555]]}}, {"type": "Feature", "properties": {"osm_id": 313956995, "highway": "residential", "name": "Rua João Batista da Costa"}, "geometry": {"type": "LineString", "coordinates": [[-42.8662341, -20.7460274], [-42.8663928, -20.7459624], [-42.866624, -20.7458574], [-42.8670809, -20.7456268]]}}, {"type": "Feature", "properties": {"osm_id": 313956998, "highway": "residential", "name": "Rua Lindolfo Rocha Oliveira"}, "geometry": {"type": "LineString", "coordinates": [[-42.8704857, -20.7461896], [-42.8701537, -20.7461569], [-42.8699515, -20.7461654], [-42.8697336, -20.7462189], [-42.8695271, -20.7463186], [-42.8693179, -20.7465317]]}}, {"type": "Feature", "properties": {"osm_id": 313956999, "highway": "residential", "name": "Rua Dona Mariinha"}, "geometry": {"type": "LineString", "coordinates": [[-42.8705391, -20.7470536], [-42.8709397, -20.7473195], [-42.8710192, -20.747364], [-42.8710696, -20.7473813], [-42.8711347, -20.7473853], [-42.8714377, -20.7473222]]}}, {"type": "Feature", "properties": {"osm_id": 313959154, "highway": "secondary", "name": "Avenida Marechal Castelo Branco"}, "geometry": {"type": "LineString", "coordinates": [[-42.8703431, -20.7512073], [-42.8705517, -20.7514838], [-42.8707278, -20.75171], [-42.8708153, -20.7518146], [-42.8711378, -20.7522406], [-42.8712472, -20.752379], [-42.8713784, -20.7525106]]}}, {"type": "Feature", "properties": {"osm_id": 313959155, "highway": "secondary", "name": "Avenida Marechal Castelo Branco"}, "geometry": {"type": "LineString", "coordinates": [[-42.8712416, -20.7525448], [-42.8711968, -20.7524682], [-42.8711706, -20.7524301], [-42.8711422, -20.7523887], [-42.8709473, -20.7521348], [-42.8707524, -20.7518809], [-42.8705423, -20.7515981], [-42.8705209, -20.7515693], [-42.8702821, -20.7512579]]}}, {"type": "Feature", "properties": {"osm_id": 313959156, "highway": "secondary_link", "name": ""}, "geometry": {"type": "LineString", "coordinates": [[-42.8700995, -20.7510672], [-42.8701041, -20.7510322], [-42.8701122, -20.7510131], [-42.8701231, -20.7509991], [-42.8701435, -20.7509884], [-42.8701647, -20.750984], [-42.8701985, -20.7509847]]}}, {"type": "Feature", "properties": {"osm_id": 313959157, "highway": "secondary", "name": ""}, "geometry": {"type": "LineString", "coordinates": [[-42.8699456, -20.7507791], [-42.8700444, -20.7508379], [-42.8701101, -20.7508906], [-42.8701985, -20.7509847]]}}, {"type": "Feature", "properties": {"osm_id": 313959158, "highway": "secondary", "name": ""}, "geometry": {"type": "LineString", "coordinates": [[-42.8700995, -20.7510672], [-42.8700203, -20.7509433], [-42.8699894, -20.7508856], [-42.8699456, -20.7507791]]}}, {"type": "Feature", "properties": {"osm_id": 313959159, "highway": "tertiary", "name": "Rua Paulo Mário del Giúdice"}, "geometry": {"type": "LineString", "coordinates": [[-42.8710207, -20.7518209], [-42.8709262, -20.7517808], [-42.8709014, -20.7517765], [-42.8708733, -20.7517808], [-42.8708505, -20.7517903], [-42.8708153, -20.7518146]]}}, {"type": "Feature", "properties": {"osm_id": 313959160, "highway": "tertiary", "name": "Rua Paulo Mário del Giúdice"}, "geometry": {"type": "LineString", "coordinates": [[-42.8710207, -20.7518209], [-42.8711247, -20.7519294], [-42.8713296, -20.7520866], [-42.8718589, -20.7523901]]}}, {"type": "Feature", "properties": {"osm_id": 313959161, "highway": "secondary", "name": "Avenida Marechal Castelo Branco"}, "geometry": {"type": "LineString", "coordinates": [[-42.8724807, -20.7532913], [-42.8725652, -20.7533301], [-42.8726796, -20.7533622], [-42.8730197, -20.7534705], [-42.8735223, -20.7535268], [-42.8744673, -20.7534341], [-42.8751199, -20.7533491], [-42.8757542, -20.7533238], [-42.8759416, -20.7533287], [-42.8761984, -20.7533354], [-42.8766443, -20.7534198], [-42.8768428, -20.7534711], [-42.8770487, -20.7535407], [-42.8770779, -20.7535563], [-42.877216, -20.7536301], [-42.8772787, -20.7536636], [-42.877341, -20.7536969], [-42.8773691, -20.7537119]]}}, {"type": "Feature", "properties": {"osm_id": 313959162, "highway": "secondary", "name": "Avenida Marechal Castelo Branco"}, "geometry": {"type": "LineString", "coordinates": [[-42.8724807, -20.7532913], [-42.8723846, -20.7532781], [-42.871879, -20.7529947], [-42.8716698, -20.7528379], [-42.8715303, -20.7527464], [-42.8714554, -20.7527041], [-42.8713805, -20.7526618]]}}, {"type": "Feature", "properties": {"osm_id": 313959163, "highway": "tertiary", "name": "Via Alternativa"}, "geometry": {"type": "LineString", "coordinates": [[-42.8713199, -20.7526768], [-42.8712922, -20.7527019], [-42.8712668, -20.7527245], [-42.8712453, -20.7527389], [-42.8712057, -20.7527609], [-42.8711738, -20.752777], [-42.8711236, -20.7528019], [-42.8710856, -20.7528212], [-42.8710569, -20.7528342], [-42.8709864, -20.7528676]]}}, {"type": "Feature", "properties": {"osm_id": 313959164, "highway": "secondary_link", "name": ""}, "geometry": {"type": "LineString", "coordinates": [[-42.8716698, -20.7528379], [-42.8714941, -20.7527768], [-42.8714177, -20.7527504], [-42.8713614, -20.7527366], [-42.8712668, -20.7527245]]}}, {"type": "Feature", "properties": {"osm_id": 313959165, "highway": "tertiary", "name": "Via Alternativa"}, "geometry": {"type": "LineString", "coordinates": [[-42.8709864, -20.7528676], [-42.8711935, -20.7526556], [-42.8712316, -20.7525729]]}}, {"type": "Feature", "properties": {"osm_id": 313959166, "highway": "service", "name": ""}, "geometry": {"type": "LineString", "coordinates": [[-42.8719014, -20.7529394], [-42.8720045, -20.7529389], [-42.8720789, -20.7529624], [-42.8724208, -20.7531455], [-42.8724713, -20.753191], [-42.8725652, -20.7533301]]}}, {"type": "Feature", "properties": {"osm_id": 313978950, "highway": "service", "name": ""}, "geometry": {"type": "LineString", "coordinates": [[-42.8810003, -20.7509152], [-42.8811434, -20.750793], [-42.8815184, -20.7504274]]}}, {"type": "Feature", "properties": {"osm_id": 313978952, "highway": "residential", "name": "Rua Luiz Bhering"}, "geometry": {"type": "LineString", "coordinates": [[-42.8758686, -20.7492783], [-42.8759342, -20.7490354], [-42.8760727, -20.748584], [-42.876205, -20.7481588], [-42.876252, -20.7478808]]}}, {"type": "Feature", "properties": {"osm_id": 313978955, "highway": "residential", "name": "Rua Maria Claudina"}, "geometry": {"type": "LineString", "coordinates": [[-42.8751755, -20.7472123], [-42.8751393, -20.7478005]]}}, {"type": "Feature", "properties": {"osm_id": 313978957, "highway": "residential", "name": ""}, "geometry": {"type": "LineString", "coordinates": [[-42.8789647, -20.7432833], [-42.8789109, -20.743259], [-42.8788659, -20.7432221], [-42.8788329, -20.7431755], [-42.8788133, -20.7431175], [-42.8788124, -20.7430566], [-42.8788303, -20.7429981], [-42.8788653, -20.7429468], [-42.8789147, -20.7429071], [-42.8789741, -20.7428824], [-42.8790387, -20.7428746], [-42.8791024, -20.7428844], [-42.8791605, -20.7429108], [-42.8792082, -20.7429516], [-42.8792414, -20.7430034], [-42.8792587, -20.7430872], [-42.8792499, -20.7431425], [-42.8792257, -20.7431937], [-42.879188, -20.743237], [-42.8791393, -20.7432695], [-42.8790831, -20.7432888], [-42.8790235, -20.7432935], [-42.8789647, -20.7432833]]}}, {"type": "Feature", "properties": {"osm_id": 313978959, "highway": "residential", "name": ""}, "geometry": {"type": "LineString", "coordinates": [[-42.8795609, -20.7430038], [-42.8792587, -20.7430872]]}}, {"type": "Feature", "properties": {"osm_id": 313978962, "highway": "residential", "name": "Rua Juquinha Condé"}, "geometry": {"type": "LineString", "coordinates": [[-42.8758212, -20.7429502], [-42.8755591, -20.7430876]]}}, {"type": "Feature", "properties": {"osm_id": 313978965, "highway": "residential", "name": "Rua B"}, "geometry": {"type": "LineString", "coordinates": [[-42.8755591, -20.7430876], [-42.8751504, -20.7431881], [-42.8746822, -20.7432921], [-42.8745655, -20.7433012], [-42.874464, -20.7432829], [-42.8743947, -20.743243], [-42.8743427, -20.7431752], [-42.8743038, -20.7430478]]}}, {"type": "Feature", "properties": {"osm_id": 313978966, "highway": "residential", "name": "Rua Juquinha Condé"}, "geometry": {"type": "LineString", "coordinates": [[-42.8749724, -20.7420258], [-42.8750846, -20.7420348], [-42.8752723, -20.7420453]]}}, {"type": "Feature", "properties": {"osm_id": 313978967, "highway": "residential", "name": "Rua Juquinha Condé"}, "geometry": {"type": "LineString", "coordinates": [[-42.8749724, -20.7420258], [-42.8747784, -20.7420139]]}}, {"type": "Feature", "properties": {"osm_id": 313978968, "highway": "residential", "name": "Rua Juquinha Condé"}, "geometry": {"type": "LineString", "coordinates": [[-42.8757827, -20.7420831], [-42.8759568, -20.7420951]]}}, {"type": "Feature", "properties": {"osm_id": 313978969, "highway": "residential", "name": "Rua Juquinha Condé"}, "geometry": {"type": "LineString", "coordinates": [[-42.8766569, -20.742122], [-42.8768375, -20.742125], [-42.8770404, -20.7421478], [-42.8770623, -20.742225], [-42.8770585, -20.742333], [-42.877022, -20.7424038], [-42.876938, -20.7424613], [-42.8759967, -20.7428685]]}}, {"type": "Feature", "properties": {"osm_id": 313978971, "highway": "residential", "name": "Rua E1"}, "geometry": {"type": "LineString", "coordinates": [[-42.8788437, -20.7400721], [-42.8787522, -20.7402379], [-42.8787088, -20.7403004], [-42.8786717, -20.7403319], [-42.8786047, -20.7403796], [-42.8785577, -20.7404172], [-42.8785202, -20.7404724], [-42.8785101, -20.7405263], [-42.8785142, -20.7405796], [-42.8785618, -20.7407245], [-42.8785779, -20.740796], [-42.8785899, -20.7410292], [-42.8785859, -20.741166], [-42.8785832, -20.7412287], [-42.8785685, -20.7412901], [-42.878484, -20.7415146], [-42.8783391, -20.7418156], [-42.8782526, -20.7419724], [-42.8782184, -20.7420075], [-42.8781802, -20.7420219], [-42.878142, -20.7420219], [-42.8781165, -20.7420069], [-42.8781024, -20.7419736], [-42.8780716, -20.7418501], [-42.8780407, -20.7417473], [-42.8780099, -20.741667], [-42.8779757, -20.7416124], [-42.8779341, -20.7415704], [-42.8778758, -20.741536]]}}, {"type": "Feature", "properties": {"osm_id": 313978972, "highway": "residential", "name": "Rua D"}, "geometry": {"type": "LineString", "coordinates": [[-42.8782582, -20.7381639], [-42.8781581, -20.7383101], [-42.8781015, -20.7384237], [-42.8777699, -20.7391771], [-42.877695, -20.7394065], [-42.877622, -20.7397228], [-42.8775946, -20.7398802], [-42.8775469, -20.7399919], [-42.8774677, -20.7400819], [-42.8771879, -20.7402551], [-42.8771326, -20.7403032], [-42.8771056, -20.7403716], [-42.8771037, -20.740467], [-42.8771576, -20.7406931], [-42.8772113, -20.7408687], [-42.877222, -20.7409816], [-42.8772193, -20.7410932], [-42.8771871, -20.7415334], [-42.8771791, -20.7416639], [-42.8771523, -20.7417441], [-42.8770798, -20.7418319], [-42.8768375, -20.742125]]}}, {"type": "Feature", "properties": {"osm_id": 313978973, "highway": "residential", "name": "Rua Juquinha Condé"}, "geometry": {"type": "LineString", "coordinates": [[-42.8757827, -20.7420831], [-42.8755057, -20.742061]]}}, {"type": "Feature", "properties": {"osm_id": 313978974, "highway": "path", "name": "Rua F"}, "geometry": {"type": "LineString", "coordinates": [[-42.8758349, -20.74099], [-42.8760796, -20.7411919], [-42.8761795, -20.7412877]]}}, {"type": "Feature", "properties": {"osm_id": 313978975, "highway": "residential", "name": "Rua H"}, "geometry": {"type": "LineString", "coordinates": [[-42.8761795, -20.7412877], [-42.8755057, -20.742061]]}}, {"type": "Feature", "properties": {"osm_id": 313978976, "highway": "residential", "name": "Rua E2"}, "geometry": {"type": "LineString", "coordinates": [[-42.8770404, -20.7421478], [-42.8774624, -20.7419408], [-42.8775904, -20.741867], [-42.8777078, -20.7417585], [-42.8778758, -20.741536], [-42.8779866, -20.7413441], [-42.8780162, -20.7412219], [-42.8780024, -20.7409459], [-42.8779861, -20.740807]]}}, {"type": "Feature", "properties": {"osm_id": 316471420, "highway": "residential", "name": "Rua Dom Silverio"}, "geometry": {"type": "LineString", "coordinates": [[-42.8806705, -20.7443627], [-42.8805757, -20.7439261], [-42.8805682, -20.7438413], [-42.8805708, -20.7437843], [-42.8806043, -20.7435386], [-42.8806372, -20.7432404], [-42.8805898, -20.7429096], [-42.8805, -20.7424544], [-42.8804959, -20.7423828], [-42.8805069, -20.7423234], [-42.8805372, -20.7422496], [-42.8805868, -20.742163], [-42.8806274, -20.7420969], [-42.8806435, -20.7420229], [-42.8806502, -20.7419565], [-42.8806595, -20.7418586], [-42.8806488, -20.7417156], [-42.880618, -20.7415087], [-42.8805952, -20.7414021], [-42.8804879, -20.7409857], [-42.8804477, -20.7407474], [-42.8804675, -20.7404022], [-42.8804728, -20.7403006], [-42.8804608, -20.7402253], [-42.8804326, -20.7401375], [-42.8803575, -20.7399883], [-42.8802113, -20.739745], [-42.8801698, -20.7396735], [-42.8801402, -20.7396007], [-42.8801268, -20.7395355], [-42.8801268, -20.739459], [-42.8801416, -20.7393198], [-42.880159, -20.7391141], [-42.880155, -20.739025], [-42.8801295, -20.7389335], [-42.8800651, -20.7387955], [-42.8798822, -20.7385577]]}}, {"type": "Feature", "properties": {"osm_id": 316471421, "highway": "residential", "name": ""}, "geometry": {"type": "LineString", "coordinates": [[-42.8804971, -20.7459925], [-42.8804549, -20.7461123], [-42.8803964, -20.7463078]]}}, {"type": "Feature", "properties": {"osm_id": 316471422, "highway": "residential", "name": ""}, "geometry": {"type": "LineString", "coordinates": [[-42.8810434, -20.7446803], [-42.8808757, -20.7445508], [-42.8806705, -20.7443627], [-42.8805338, -20.7443866], [-42.8804211, -20.7443965], [-42.8799521, -20.7444268]]}}, {"type": "Feature", "properties": {"osm_id": 319104351, "highway": "residential", "name": "Rua Doze de Outubro"}, "geometry": {"type": "LineString", "coordinates": [[-42.8847091, -20.7292388], [-42.8840875, -20.7294295], [-42.8839149, -20.7294641], [-42.8837547, -20.7294756], [-42.8835575, -20.7294871], [-42.8833912, -20.7294871], [-42.883194, -20.7294871], [-42.8830523, -20.7294929], [-42.8829105, -20.7295102], [-42.882701, -20.7296024], [-42.8824977, -20.7297061], [-42.8821279, -20.7299309], [-42.8818568, -20.7301038], [-42.8817151, -20.7301845], [-42.8814842, -20.7303819], [-42.8811728, -20.7305936], [-42.8808368, -20.7309445]]}}, {"type": "Feature", "properties": {"osm_id": 319104352, "highway": "residential", "name": "Rua Primeiro de Maio"}, "geometry": {"type": "LineString", "coordinates": [[-42.8824977, -20.7297061], [-42.8827761, -20.7292569], [-42.8828304, -20.7290664], [-42.8828786, -20.7289416]]}}, {"type": "Feature", "properties": {"osm_id": 319104353, "highway": "residential", "name": "Rua Primeiro de Maio"}, "geometry": {"type": "LineString", "coordinates": [[-42.8827761, -20.7292569], [-42.8822635, -20.7295102], [-42.8818568, -20.7297407], [-42.8814994, -20.7299194], [-42.8812961, -20.7300807], [-42.8810126, -20.7302824], [-42.8804827, -20.730732]]}}, {"type": "Feature", "properties": {"osm_id": 319104354, "highway": "residential", "name": "Rua Sete de Setembro"}, "geometry": {"type": "LineString", "coordinates": [[-42.8842362, -20.7290732], [-42.8841429, -20.7289742], [-42.8839026, -20.7287667], [-42.8835945, -20.7285592], [-42.8832556, -20.7283633], [-42.8829167, -20.7282538], [-42.8825346, -20.7281789], [-42.8823502, -20.7281632], [-42.8821957, -20.7281501], [-42.8818322, -20.7281501], [-42.8816658, -20.7282077], [-42.8815176, -20.7283451], [-42.8813835, -20.7284141], [-42.8812923, -20.728394], [-42.8812534, -20.7283025], [-42.881242, -20.7282009], [-42.8812225, -20.7279679], [-42.8812117, -20.7277207]]}}, {"type": "Feature", "properties": {"osm_id": 319104355, "highway": "residential", "name": "Rua Sete de Setembro"}, "geometry": {"type": "LineString", "coordinates": [[-42.8826749, -20.728527], [-42.8823343, -20.7284994], [-42.8819128, -20.728508], [-42.8819492, -20.728467], [-42.882091, -20.7282826], [-42.8822389, -20.7282077], [-42.8823502, -20.7281632]]}}, {"type": "Feature", "properties": {"osm_id": 319104356, "highway": "residential", "name": ""}, "geometry": {"type": "LineString", "coordinates": [[-42.8819128, -20.728508], [-42.8817644, -20.7286054], [-42.8816596, -20.7286976], [-42.8815857, -20.7287494]]}}, {"type": "Feature", "properties": {"osm_id": 319104357, "highway": "residential", "name": "Rua Antônio R Faustino"}, "geometry": {"type": "LineString", "coordinates": [[-42.8775406, -20.7294175], [-42.8775742, -20.7293868], [-42.8776848, -20.7292824], [-42.877858, -20.7291296], [-42.8780418, -20.7289686], [-42.8781286, -20.7288972], [-42.8784426, -20.7286335]]}}, {"type": "Feature", "properties": {"osm_id": 319104358, "highway": "residential", "name": "Rua Maria Maximiana"}, "geometry": {"type": "LineString", "coordinates": [[-42.8781286, -20.7288972], [-42.8780322, -20.7286569], [-42.8779849, -20.7285351], [-42.8779645, -20.7284552], [-42.8780629, -20.7281463], [-42.8783228, -20.7271999]]}}, {"type": "Feature", "properties": {"osm_id": 319104359, "highway": "residential", "name": "Rua Jornalista Fernando Ribeiro"}, "geometry": {"type": "LineString", "coordinates": [[-42.8780322, -20.7286569], [-42.8784426, -20.7286335], [-42.87905, -20.7286111], [-42.8793468, -20.7285997], [-42.879794, -20.7286263], [-42.8800582, -20.7286796]]}}, {"type": "Feature", "properties": {"osm_id": 319104361, "highway": "residential", "name": "Rua Maria Marques"}, "geometry": {"type": "LineString", "coordinates": [[-42.8780629, -20.7281463], [-42.8775805, -20.7277905], [-42.8775054, -20.7277278], [-42.8773311, -20.7275095]]}}, {"type": "Feature", "properties": {"osm_id": 319104362, "highway": "residential", "name": "Rua Francisco Marquês"}, "geometry": {"type": "LineString", "coordinates": [[-42.8762408, -20.7279685], [-42.877256, -20.7275797], [-42.8773311, -20.7275095]]}}, {"type": "Feature", "properties": {"osm_id": 319104364, "highway": "residential", "name": "Rua Francisco Marquês"}, "geometry": {"type": "LineString", "coordinates": [[-42.8782857, -20.7270994], [-42.878798, -20.726805], [-42.8790289, -20.7266566], [-42.8792294, -20.726481]]}}, {"type": "Feature", "properties": {"osm_id": 319104365, "highway": "residential", "name": ""}, "geometry": {"type": "LineString", "coordinates": [[-42.8799293, -20.7274966], [-42.8798266, -20.7275708], [-42.8796725, -20.727597], [-42.8795324, -20.7275839]]}}, {"type": "Feature", "properties": {"osm_id": 319104367, "highway": "tertiary", "name": "Rua José de Arimateia Lustosa"}, "geometry": {"type": "LineString", "coordinates": [[-42.8676985, -20.7230669], [-42.8677077, -20.7230334], [-42.867735, -20.722934], [-42.8677766, -20.7228048], [-42.8677893, -20.7227446], [-42.8677867, -20.7226524], [-42.8677739, -20.7225916], [-42.8675935, -20.7221519]]}}, {"type": "Feature", "properties": {"osm_id": 320262176, "highway": "residential", "name": "Avenida Jacobe Lopes de Castro"}, "geometry": {"type": "LineString", "coordinates": [[-42.8798675, -20.73417], [-42.8801921, -20.7341148], [-42.8805032, -20.7340471], [-42.8808001, -20.7339636], [-42.8811568, -20.7338037], [-42.8813821, -20.7337056], [-42.8816865, -20.7335905], [-42.8817858, -20.7335579], [-42.881904, -20.7335138]]}}, {"type": "Feature", "properties": {"osm_id": 320262177, "highway": "residential", "name": "Rua Santino Brustoline"}, "geometry": {"type": "LineString", "coordinates": [[-42.8760939, -20.7232806], [-42.8761809, -20.7239057], [-42.8762224, -20.7242731], [-42.8762918, -20.724815], [-42.8763193, -20.7251628], [-42.8762574, -20.7252678], [-42.8761151, -20.7254018], [-42.8757491, -20.7258719], [-42.8755261, -20.7260408], [-42.8752748, -20.726107], [-42.8749032, -20.7260374]]}}, {"type": "Feature", "properties": {"osm_id": 320262178, "highway": "residential", "name": "Rua Maria das Dores Gonçalves"}, "geometry": {"type": "LineString", "coordinates": [[-42.8761151, -20.7254018], [-42.874627, -20.7254019]]}}, {"type": "Feature", "properties": {"osm_id": 320262180, "highway": "residential", "name": "Rua José Farias"}, "geometry": {"type": "LineString", "coordinates": [[-42.874797, -20.7249583], [-42.8759414, -20.7248641], [-42.8762918, -20.724815], [-42.8768407, -20.7250854]]}}, {"type": "Feature", "properties": {"osm_id": 320262181, "highway": "residential", "name": "Rua José Martins"}, "geometry": {"type": "LineString", "coordinates": [[-42.8772682, -20.7247197], [-42.8770697, -20.7245716], [-42.8768953, -20.7244838], [-42.8766298, -20.724391], [-42.8762224, -20.7242731], [-42.8758573, -20.7242882], [-42.8755301, -20.7243434], [-42.8749132, -20.7244738]]}}, {"type": "Feature", "properties": {"osm_id": 320262182, "highway": "residential", "name": "Rua José M. Bhering"}, "geometry": {"type": "LineString", "coordinates": [[-42.8775444, -20.7244763], [-42.8772386, -20.7242781], [-42.876738, -20.7240287], [-42.8765145, -20.7239746], [-42.8761809, -20.7239057], [-42.8758868, -20.7239069], [-42.8750822, -20.7240724]]}}, {"type": "Feature", "properties": {"osm_id": 320262185, "highway": "residential", "name": "Rua B"}, "geometry": {"type": "LineString", "coordinates": [[-42.872492, -20.7254988], [-42.8739265, -20.7251386], [-42.8742223, -20.725081], [-42.8743702, -20.725104], [-42.8744626, -20.725202], [-42.8744688, -20.725323], [-42.874401, -20.7254268], [-42.8742161, -20.7255881], [-42.8733534, -20.7261529]]}}, {"type": "Feature", "properties": {"osm_id": 320262186, "highway": "residential", "name": ""}, "geometry": {"type": "LineString", "coordinates": [[-42.8729098, -20.7279972], [-42.8727266, -20.7276314], [-42.8726757, -20.7275085], [-42.8726448, -20.7274345], [-42.8726193, -20.7273329], [-42.8725965, -20.7271962], [-42.8725523, -20.7270218], [-42.8725442, -20.7268324], [-42.8725241, -20.7266719], [-42.8724678, -20.7264649], [-42.8724557, -20.7262667], [-42.872449, -20.7260159], [-42.8724436, -20.7258177], [-42.8724624, -20.7256659], [-42.872492, -20.7254988], [-42.8725362, -20.7253059], [-42.8727052, -20.7248694], [-42.8727936, -20.724601], [-42.8728151, -20.7240591]]}}, {"type": "Feature", "properties": {"osm_id": 320262187, "highway": "residential", "name": ""}, "geometry": {"type": "LineString", "coordinates": [[-42.8729349, -20.7248007], [-42.8728679, -20.7247478], [-42.8728194, -20.7246794], [-42.8727936, -20.724601]]}}, {"type": "Feature", "properties": {"osm_id": 320262188, "highway": "residential", "name": "Rua Ernestina Barbosa"}, "geometry": {"type": "LineString", "coordinates": [[-42.8720147, -20.7238392], [-42.8721864, -20.7233284]]}}, {"type": "Feature", "properties": {"osm_id": 320262189, "highway": "residential", "name": ""}, "geometry": {"type": "LineString", "coordinates": [[-42.8721836, -20.7238992], [-42.8723577, -20.7237727], [-42.8724391, -20.7237297], [-42.8725382, -20.7237032], [-42.8728037, -20.7236304], [-42.8730231, -20.7235443], [-42.8730549, -20.7235145], [-42.8730372, -20.7234483], [-42.8730266, -20.7233821], [-42.8730479, -20.7233325]]}}, {"type": "Feature", "properties": {"osm_id": 320262191, "highway": "residential", "name": "Rua Maria Madalena Lustosa"}, "geometry": {"type": "LineString", "coordinates": [[-42.8700122, -20.7234395], [-42.8706163, -20.7224129]]}}, {"type": "Feature", "properties": {"osm_id": 320262192, "highway": "residential", "name": "Travessa José Lustosa"}, "geometry": {"type": "LineString", "coordinates": [[-42.8675824, -20.7221302], [-42.8679544, -20.7220006]]}}, {"type": "Feature", "properties": {"osm_id": 320262193, "highway": "residential", "name": "Rua D Maria Lustosa"}, "geometry": {"type": "LineString", "coordinates": [[-42.8671423, -20.7211315], [-42.8675757, -20.7209711]]}}, {"type": "Feature", "properties": {"osm_id": 320262194, "highway": "residential", "name": ""}, "geometry": {"type": "LineString", "coordinates": [[-42.8657521, -20.7242738], [-42.8659785, -20.7221588], [-42.866119, -20.7205783], [-42.8661619, -20.7201945], [-42.8661659, -20.7199505], [-42.8661747, -20.7199016], [-42.8661881, -20.7198771], [-42.8662095, -20.7198596], [-42.866235, -20.7198508], [-42.866347, -20.7198458], [-42.8664792, -20.7198306]]}}, {"type": "Feature", "properties": {"osm_id": 320262195, "highway": "residential", "name": ""}, "geometry": {"type": "LineString", "coordinates": [[-42.8668692, -20.7204086], [-42.8668124, -20.7203688], [-42.8667372, -20.7203387], [-42.8666781, -20.7203256], [-42.8666206, -20.7203129]]}}, {"type": "Feature", "properties": {"osm_id": 320262196, "highway": "residential", "name": "Rua Maria da Purificação"}, "geometry": {"type": "LineString", "coordinates": [[-42.866347, -20.7198458], [-42.8663792, -20.7200653], [-42.8664543, -20.720399], [-42.8664824, -20.7205068], [-42.8665361, -20.7206548], [-42.8666353, -20.7209245], [-42.8666501, -20.7210311], [-42.8666652, -20.7214917], [-42.8666258, -20.7221651], [-42.8663926, -20.7241193]]}}, {"type": "Feature", "properties": {"osm_id": 333424335, "highway": "residential", "name": "Rua Amil Muanis"}, "geometry": {"type": "LineString", "coordinates": [[-42.8653505, -20.7194607], [-42.8652808, -20.7194607], [-42.8652231, -20.7194858], [-42.8651387, -20.7195861], [-42.8649201, -20.7199812], [-42.8648302, -20.7201079], [-42.8646746, -20.7202773]]}}, {"type": "Feature", "properties": {"osm_id": 333424730, "highway": "residential", "name": ""}, "geometry": {"type": "LineString", "coordinates": [[-42.8646746, -20.7202773], [-42.8646532, -20.7203676], [-42.8646156, -20.7206686], [-42.8646049, -20.7207978], [-42.8645673, -20.721129], [-42.8645499, -20.721563], [-42.8645284, -20.7220409], [-42.8645003, -20.7223332], [-42.8644493, -20.7226518], [-42.8644225, -20.7229591], [-42.8643836, -20.7233993], [-42.8643394, -20.7236728], [-42.8642643, -20.7240855]]}}, {"type": "Feature", "properties": {"osm_id": 333424731, "highway": "residential", "name": "Rua Amil Muanis"}, "geometry": {"type": "LineString", "coordinates": [[-42.8634797, -20.720779], [-42.8637426, -20.7206849], [-42.8640524, -20.7205595], [-42.8643608, -20.7204203], [-42.8646746, -20.7202773]]}}, {"type": "Feature", "properties": {"osm_id": 333424733, "highway": "residential", "name": "Rua Sebastião Morães"}, "geometry": {"type": "LineString", "coordinates": [[-42.8635749, -20.7231083], [-42.8635669, -20.7226844], [-42.8635374, -20.7223758], [-42.8634998, -20.7220271], [-42.8633925, -20.7209822], [-42.8633939, -20.7208856], [-42.86341, -20.7208367], [-42.8634354, -20.7208104], [-42.8634797, -20.720779]]}}, {"type": "Feature", "properties": {"osm_id": 333425789, "highway": "unclassified", "name": "Rua Professora Maria G. Maciel"}, "geometry": {"type": "LineString", "coordinates": [[-42.8635749, -20.7231083], [-42.8633496, -20.7231008], [-42.863308, -20.7231134], [-42.8632705, -20.7231447], [-42.8632061, -20.723289], [-42.863135, -20.7233906], [-42.8630412, -20.7234922], [-42.8629781, -20.7235248], [-42.8628856, -20.7235311], [-42.8628118, -20.7235122], [-42.862722, -20.7234621], [-42.8626066, -20.7233366], [-42.8625074, -20.7232375], [-42.8624243, -20.7231936], [-42.8623129, -20.7231711], [-42.862215, -20.7231435], [-42.8621158, -20.7231334], [-42.8619669, -20.7231435], [-42.8617738, -20.7231573], [-42.8613313, -20.7231058], [-42.8612602, -20.7231033], [-42.8612012, -20.7231134], [-42.8609195, -20.7232137]]}}, {"type": "Feature", "properties": {"osm_id": 333425791, "highway": "residential", "name": "Rua Jonas Pereira da Silva"}, "geometry": {"type": "LineString", "coordinates": [[-42.8650074, -20.7255091], [-42.864234, -20.7258196]]}}, {"type": "Feature", "properties": {"osm_id": 333425792, "highway": "residential", "name": ""}, "geometry": {"type": "LineString", "coordinates": [[-42.8637157, -20.7255518], [-42.863701, -20.7254978], [-42.8636701, -20.7254665], [-42.8636339, -20.7254452], [-42.8635937, -20.7254376], [-42.8633912, -20.7254564], [-42.8628561, -20.7255556], [-42.8626737, -20.7256245], [-42.8625744, -20.7256509], [-42.8624578, -20.7256948], [-42.862325, -20.7257738], [-42.8621506, -20.7258917]]}}, {"type": "Feature", "properties": {"osm_id": 333427450, "highway": "residential", "name": "Rua Ovídio Lopes Bhering"}, "geometry": {"type": "LineString", "coordinates": [[-42.8636979, -20.7259523], [-42.8624423, -20.7262033]]}}, {"type": "Feature", "properties": {"osm_id": 333428257, "highway": "residential", "name": "Rua Leopoldina"}, "geometry": {"type": "LineString", "coordinates": [[-42.864051, -20.731388], [-42.8645513, -20.7318271]]}}, {"type": "Feature", "properties": {"osm_id": 333428258, "highway": "residential", "name": "Rua João Bonifácio"}, "geometry": {"type": "LineString", "coordinates": [[-42.8637931, -20.7326348], [-42.8634921, -20.732508], [-42.8631753, -20.732335]]}}, {"type": "Feature", "properties": {"osm_id": 333428260, "highway": "residential", "name": "Rua Cantagalo"}, "geometry": {"type": "LineString", "coordinates": [[-42.8634921, -20.732508], [-42.8633308, -20.732779], [-42.863237, -20.7329571], [-42.8631578, -20.7331465], [-42.8629795, -20.7335541], [-42.8629419, -20.7337172], [-42.8628675, -20.734074], [-42.8628355, -20.7341763], [-42.862773, -20.734417], [-42.8626871, -20.7346528], [-42.8626146, -20.7348585], [-42.8624189, -20.7351144], [-42.8622607, -20.7353251], [-42.8621101, -20.7355791], [-42.8621032, -20.735626], [-42.86211, -20.7357557]]}}, {"type": "Feature", "properties": {"osm_id": 333428302, "highway": "residential", "name": "Rua J. B. Pena"}, "geometry": {"type": "LineString", "coordinates": [[-42.8633577, -20.733677], [-42.8629795, -20.7335541], [-42.8626348, -20.733455]]}}, {"type": "Feature", "properties": {"osm_id": 333428303, "highway": "residential", "name": "Rua Pedro Álvares Cabral"}, "geometry": {"type": "LineString", "coordinates": [[-42.8628355, -20.7341763], [-42.8630874, -20.7342464], [-42.8631176, -20.7342464], [-42.8631471, -20.7342427], [-42.8631713, -20.7342295], [-42.8631872, -20.7342129], [-42.8632289, -20.7340382], [-42.8632692, -20.7339003], [-42.8633577, -20.733677], [-42.8634489, -20.7334287], [-42.8635722, -20.73309], [-42.8637931, -20.7326348], [-42.8640225, -20.7323555], [-42.8642702, -20.7320738], [-42.8645513, -20.7318271]]}}, {"type": "Feature", "properties": {"osm_id": 333429000, "highway": "residential", "name": "Rua Domiciano Lopes de Faria"}, "geometry": {"type": "LineString", "coordinates": [[-42.86211, -20.7357557], [-42.862214, -20.7360975], [-42.8622269, -20.7361315], [-42.8624375, -20.7366406]]}}, {"type": "Feature", "properties": {"osm_id": 333429001, "highway": "residential", "name": "Rua Santa Inês"}, "geometry": {"type": "LineString", "coordinates": [[-42.86211, -20.7357557], [-42.8625132, -20.7356057], [-42.8628821, -20.7352152]]}}, {"type": "Feature", "properties": {"osm_id": 333429002, "highway": "residential", "name": "Rua Rui Barbosa"}, "geometry": {"type": "LineString", "coordinates": [[-42.8642279, -20.7353374], [-42.8640326, -20.7353057], [-42.8638207, -20.7352706], [-42.8636034, -20.7352706], [-42.8635511, -20.7352756], [-42.8635109, -20.7352856], [-42.8634787, -20.7352963], [-42.8634599, -20.7353258], [-42.8634411, -20.7353709], [-42.863417, -20.7354273], [-42.8633942, -20.735475], [-42.8633526, -20.7355352], [-42.863291, -20.7355891], [-42.8628859, -20.7359203], [-42.8627076, -20.7360394]]}}, {"type": "Feature", "properties": {"osm_id": 333429852, "highway": "residential", "name": "Rua São Francisco de Assis"}, "geometry": {"type": "LineString", "coordinates": [[-42.8621101, -20.7355791], [-42.861999, -20.7356146], [-42.8618528, -20.7356698], [-42.8617294, -20.7356936], [-42.8616507, -20.7356965]]}}, {"type": "Feature", "properties": {"osm_id": 333429853, "highway": "residential", "name": "Rua Santo Antônio"}, "geometry": {"type": "LineString", "coordinates": [[-42.8615673, -20.7344258], [-42.8617027, -20.73456], [-42.8617416, -20.7346227], [-42.8617537, -20.734693], [-42.8617376, -20.7347695], [-42.861688, -20.7348485], [-42.8616022, -20.7349526], [-42.8614531, -20.7350941], [-42.8613217, -20.7352346], [-42.8612225, -20.7352873], [-42.8611259, -20.7353048], [-42.8610324, -20.7353174], [-42.8609734, -20.7353299], [-42.8610937, -20.7354052], [-42.8612225, -20.7355256], [-42.8613968, -20.7357112], [-42.8615242, -20.7358253], [-42.8615899, -20.7358943], [-42.8617605, -20.7361277], [-42.8620394, -20.736519], [-42.8622008, -20.7367368], [-42.8622351, -20.7367756], [-42.8628499, -20.7372385], [-42.8630323, -20.7374316], [-42.8632142, -20.737688], [-42.8633806, -20.7379137], [-42.8635039, -20.7380693], [-42.8635741, -20.7381461]]}}, {"type": "Feature", "properties": {"osm_id": 333430883, "highway": "residential", "name": "Rua Tiradentes"}, "geometry": {"type": "LineString", "coordinates": [[-42.8599605, -20.7347931], [-42.8603387, -20.7352095], [-42.8604999, -20.7354354], [-42.8608389, -20.7359169], [-42.8610052, -20.7361477], [-42.8612444, -20.7364888], [-42.8615271, -20.7368803], [-42.8615984, -20.7369767], [-42.8617107, -20.7371117], [-42.8617898, -20.7371937], [-42.8620834, -20.737447], [-42.8625169, -20.7377984], [-42.8627797, -20.7382223], [-42.8630318, -20.7386361], [-42.8631982, -20.7388619], [-42.8633215, -20.7389071], [-42.8634181, -20.7388569], [-42.8634717, -20.7387565], [-42.8634951, -20.738593], [-42.8635491, -20.7383056]]}}, {"type": "Feature", "properties": {"osm_id": 333431858, "highway": "residential", "name": ""}, "geometry": {"type": "LineString", "coordinates": [[-42.8604469, -20.7342032], [-42.8605561, -20.7339567], [-42.8605621, -20.7339241], [-42.8605554, -20.7338896], [-42.8605326, -20.7338652], [-42.8604978, -20.7338432], [-42.8604367, -20.7338213], [-42.8601281, -20.7337245], [-42.8599754, -20.733667], [-42.8597017, -20.7335388], [-42.8595957, -20.7334649], [-42.8595085, -20.733377], [-42.8592928, -20.7331063], [-42.8591841, -20.7329483], [-42.8590138, -20.7327451], [-42.8586826, -20.7323651], [-42.8585471, -20.7322083], [-42.8583513, -20.7320314], [-42.8581421, -20.7318508]]}}, {"type": "Feature", "properties": {"osm_id": 333435493, "highway": "residential", "name": "Rua A"}, "geometry": {"type": "LineString", "coordinates": [[-42.8602622, -20.7377696], [-42.8604391, -20.7378899], [-42.8607207, -20.738068], [-42.8607448, -20.7381282], [-42.8606751, -20.7382938]]}}, {"type": "Feature", "properties": {"osm_id": 333435495, "highway": "residential", "name": "Rua Francisco Lopes Galvão"}, "geometry": {"type": "LineString", "coordinates": [[-42.8595586, -20.7397296], [-42.8598597, -20.7388632], [-42.8602622, -20.7377696], [-42.8603264, -20.7375638], [-42.8605262, -20.7370245]]}}, {"type": "Feature", "properties": {"osm_id": 333435828, "highway": "residential", "name": "Rua Lino Lopes Rosado"}, "geometry": {"type": "LineString", "coordinates": [[-42.8576361, -20.7358681], [-42.8577714, -20.7360644], [-42.8581236, -20.7363809], [-42.8582631, -20.7366192], [-42.8586171, -20.7375172], [-42.858837, -20.7380528], [-42.8588941, -20.7381383], [-42.8589658, -20.7382209], [-42.8591516, -20.7387127], [-42.8592186, -20.7389209], [-42.8595083, -20.7396257], [-42.8595586, -20.7397296]]}}, {"type": "Feature", "properties": {"osm_id": 333437744, "highway": "residential", "name": "Rua Joaquim Alves"}, "geometry": {"type": "LineString", "coordinates": [[-42.8676985, -20.7230669], [-42.8674722, -20.7228525], [-42.8673327, -20.7226919], [-42.8672817, -20.7226091], [-42.8671852, -20.7223909], [-42.8670872, -20.7221224], [-42.8670752, -20.7220672], [-42.8670216, -20.721849], [-42.8668083, -20.7210476], [-42.8666206, -20.7203129], [-42.8665523, -20.7200443], [-42.8664792, -20.7198306], [-42.8663627, -20.719569], [-42.8662759, -20.7194223], [-42.866239, -20.719376], [-42.866147, -20.7193007]]}}, {"type": "Feature", "properties": {"osm_id": 333437746, "highway": "residential", "name": "Rua Flauzemir Silva"}, "geometry": {"type": "LineString", "coordinates": [[-42.8670752, -20.7220672], [-42.8666258, -20.7221651]]}}, {"type": "Feature", "properties": {"osm_id": 333454441, "highway": "residential", "name": "Rua Gumercindo Iglesias"}, "geometry": {"type": "LineString", "coordinates": [[-42.8685076, -20.7233688], [-42.8686236, -20.7234069]]}}, {"type": "Feature", "properties": {"osm_id": 333458834, "highway": "residential", "name": "Alameda do Ipê"}, "geometry": {"type": "LineString", "coordinates": [[-42.8675334, -20.7249366], [-42.8676116, -20.7247565], [-42.8676693, -20.724591], [-42.8677605, -20.7243213], [-42.8678088, -20.7242222], [-42.8678571, -20.724162], [-42.8679053, -20.7241306], [-42.8681239, -20.7240416], [-42.8685732, -20.723866], [-42.8688991, -20.7237405], [-42.8689769, -20.7237179], [-42.8690372, -20.7237042], [-42.8690949, -20.7236979], [-42.8691539, -20.7237042], [-42.8692679, -20.7237317], [-42.8695013, -20.7237857], [-42.8699411, -20.7239149], [-42.8703958, -20.7240453], [-42.870659, -20.7241362], [-42.8707851, -20.7241814]]}}, {"type": "Feature", "properties": {"osm_id": 333458835, "highway": "residential", "name": "Rua Alea Boganville"}, "geometry": {"type": "LineString", "coordinates": [[-42.8707851, -20.7241814], [-42.8708414, -20.7242441], [-42.8708521, -20.7243369], [-42.8707796, -20.725302]]}}, {"type": "Feature", "properties": {"osm_id": 333458836, "highway": "residential", "name": "Rua Juquinha Moreira"}, "geometry": {"type": "LineString", "coordinates": [[-42.8661606, -20.7253272], [-42.8660266, -20.7255516], [-42.8659793, -20.7256323], [-42.8659405, -20.7256115], [-42.8659038, -20.7255935], [-42.8657776, -20.7255386], [-42.8656901, -20.7255022], [-42.8656062, -20.725465]]}}, {"type": "Feature", "properties": {"osm_id": 333458837, "highway": "residential", "name": ""}, "geometry": {"type": "LineString", "coordinates": [[-42.8654693, -20.7255612], [-42.8656062, -20.725465], [-42.8657456, -20.7250155]]}}, {"type": "Feature", "properties": {"osm_id": 333458838, "highway": "residential", "name": "Travessa Camilo Rosa de Oliveira"}, "geometry": {"type": "LineString", "coordinates": [[-42.8663832, -20.7260535], [-42.8660238, -20.7261739], [-42.8657247, -20.7262768]]}}, {"type": "Feature", "properties": {"osm_id": 333459076, "highway": "residential", "name": "Rua José Camilo Fialho"}, "geometry": {"type": "LineString", "coordinates": [[-42.8660131, -20.7265916], [-42.8659466, -20.7270028], [-42.8658827, -20.7275674], [-42.8658497, -20.7278767], [-42.8658155, -20.7282213]]}}, {"type": "Feature", "properties": {"osm_id": 333459579, "highway": "residential", "name": "Rua José Apolonio Alves"}, "geometry": {"type": "LineString", "coordinates": [[-42.8664637, -20.7276113], [-42.8665005, -20.7276239], [-42.8665186, -20.7276389], [-42.8665334, -20.7276703], [-42.8665374, -20.7276991], [-42.8664844, -20.7282467]]}}, {"type": "Feature", "properties": {"osm_id": 333459580, "highway": "residential", "name": "Rua Camilo Rosa de Oliveira"}, "geometry": {"type": "LineString", "coordinates": [[-42.8650101, -20.7284701], [-42.8651896, -20.7286725]]}}, {"type": "Feature", "properties": {"osm_id": 333459581, "highway": "residential", "name": "Rua Camilo Rosa de Oliveira"}, "geometry": {"type": "LineString", "coordinates": [[-42.8651896, -20.7286725], [-42.8651655, -20.7287454], [-42.865146, -20.7288076], [-42.8651087, -20.7288876]]}}, {"type": "Feature", "properties": {"osm_id": 333459944, "highway": "residential", "name": ""}, "geometry": {"type": "LineString", "coordinates": [[-42.8701374, -20.7272617], [-42.8708303, -20.7286223], [-42.8707874, -20.7288531], [-42.8705765, -20.7294822], [-42.8704464, -20.7299005], [-42.8704301, -20.7301362], [-42.8706009, -20.7307826]]}}, {"type": "Feature", "properties": {"osm_id": 333460475, "highway": "residential", "name": "Rua Liberdade"}, "geometry": {"type": "LineString", "coordinates": [[-42.8673753, -20.7314408], [-42.8685135, -20.7305404], [-42.868878, -20.7302777], [-42.8696334, -20.7297133], [-42.8702404, -20.72928]]}}, {"type": "Feature", "properties": {"osm_id": 333460476, "highway": "residential", "name": "Rua Alvarenga Peixoto"}, "geometry": {"type": "LineString", "coordinates": [[-42.8687811, -20.732636], [-42.8684083, -20.7333509], [-42.8682768, -20.733534], [-42.8681615, -20.7336519], [-42.8679791, -20.7337447], [-42.8675661, -20.7338802], [-42.8672978, -20.7339329], [-42.86722, -20.7339203], [-42.8671503, -20.7338852], [-42.8670672, -20.73381], [-42.8669526, -20.7336637], [-42.8668848, -20.7336218], [-42.8667668, -20.7335967], [-42.8665414, -20.7335717], [-42.8663135, -20.7335353], [-42.8662705, -20.7335089], [-42.8662531, -20.7334713], [-42.8662598, -20.7334262], [-42.8663, -20.7333835], [-42.8663617, -20.7333484]]}}, {"type": "Feature", "properties": {"osm_id": 333460477, "highway": "residential", "name": "Rua Pedra do Anta"}, "geometry": {"type": "LineString", "coordinates": [[-42.8660667, -20.7336745], [-42.8660426, -20.7340132], [-42.865946, -20.7346052], [-42.8658709, -20.7349965], [-42.8657838, -20.7355357], [-42.8656819, -20.7360374], [-42.8655847, -20.736429]]}}, {"type": "Feature", "properties": {"osm_id": 333460478, "highway": "residential", "name": "Rua Porto Firme"}, "geometry": {"type": "LineString", "coordinates": [[-42.8649268, -20.7335842], [-42.865085, -20.7335917], [-42.8654377, -20.7336206], [-42.8656845, -20.7336268], [-42.8659587, -20.7336425], [-42.8660171, -20.7336538], [-42.8660667, -20.7336745]]}}, {"type": "Feature", "properties": {"osm_id": 333460916, "highway": "residential", "name": "Rua Coimbra"}, "geometry": {"type": "LineString", "coordinates": [[-42.8643783, -20.7358079], [-42.8645339, -20.7358919], [-42.8649465, -20.736067], [-42.8652058, -20.7362168], [-42.8655847, -20.736429], [-42.8656846, -20.7364865]]}}, {"type": "Feature", "properties": {"osm_id": 333460917, "highway": "residential", "name": "Rua Paula Cândido"}, "geometry": {"type": "LineString", "coordinates": [[-42.8656846, -20.7364865], [-42.866036, -20.7366244], [-42.8660963, -20.7366156], [-42.8661606, -20.7365617], [-42.8664544, -20.735626], [-42.8666098, -20.7344622]]}}, {"type": "Feature", "properties": {"osm_id": 333460918, "highway": "residential", "name": "Rua Jequeri"}, "geometry": {"type": "LineString", "coordinates": [[-42.8645889, -20.738272], [-42.8646607, -20.7382495], [-42.86525, -20.7380893], [-42.8653225, -20.7380529], [-42.865348, -20.737994], [-42.8653754, -20.7378116], [-42.8653364, -20.7375395], [-42.8652997, -20.7370998], [-42.865264, -20.7370064], [-42.8649794, -20.7368003], [-42.8646412, -20.7365893], [-42.8643301, -20.7363786], [-42.8642318, -20.736303], [-42.8640836, -20.7361909]]}}, {"type": "Feature", "properties": {"osm_id": 333461788, "highway": "residential", "name": "Rua Janaina"}, "geometry": {"type": "LineString", "coordinates": [[-42.8688152, -20.7480905], [-42.8689892, -20.7476892]]}}, {"type": "Feature", "properties": {"osm_id": 333462667, "highway": "residential", "name": "Rua Juquinha de Paula"}, "geometry": {"type": "LineString", "coordinates": [[-42.8714157, -20.746424], [-42.8712519, -20.7464635], [-42.871052, -20.7465041], [-42.8703993, -20.7466178], [-42.8697484, -20.7465243], [-42.8693179, -20.7465317], [-42.8690363, -20.7465845], [-42.8687734, -20.7466095], [-42.8686018, -20.7465957], [-42.8684543, -20.7465518], [-42.8682933, -20.7464891], [-42.8681918, -20.7464537]]}}, {"type": "Feature", "properties": {"osm_id": 333462668, "highway": "residential", "name": "Travessa José Manoel Cabral"}, "geometry": {"type": "LineString", "coordinates": [[-42.8681918, -20.7464537], [-42.8680184, -20.7468704], [-42.8678346, -20.7473179]]}}, {"type": "Feature", "properties": {"osm_id": 333464321, "highway": "residential", "name": "Rua São Carmo"}, "geometry": {"type": "LineString", "coordinates": [[-42.8739251, -20.747219], [-42.8738739, -20.7477583]]}}, {"type": "Feature", "properties": {"osm_id": 333468698, "highway": "residential", "name": "Travessa Santa Lúcia"}, "geometry": {"type": "LineString", "coordinates": [[-42.8774641, -20.7354853], [-42.8774679, -20.7350216]]}}, {"type": "Feature", "properties": {"osm_id": 333470030, "highway": "residential", "name": "Rua Sebastião Augusto de Oliveira"}, "geometry": {"type": "LineString", "coordinates": [[-42.8759016, -20.7348778], [-42.8759799, -20.7349872], [-42.876081, -20.7351293], [-42.8762831, -20.7353652], [-42.8763791, -20.7355083], [-42.8765901, -20.7357978]]}}, {"type": "Feature", "properties": {"osm_id": 333470206, "highway": "residential", "name": "Rua Francisco Antônio Rodrigues"}, "geometry": {"type": "LineString", "coordinates": [[-42.8744099, -20.7346877], [-42.8743668, -20.7347486], [-42.874378, -20.7348031], [-42.8744743, -20.7350389], [-42.8745575, -20.7352772], [-42.8746732, -20.735576], [-42.8747483, -20.7357792]]}}, {"type": "Feature", "properties": {"osm_id": 333470207, "highway": "residential", "name": "Rua Alaíde Josafá Pinheiro"}, "geometry": {"type": "LineString", "coordinates": [[-42.8740382, -20.7369556], [-42.8742289, -20.7380382]]}}, {"type": "Feature", "properties": {"osm_id": 333809584, "highway": "residential", "name": "Rua Santos Dumont"}, "geometry": {"type": "LineString", "coordinates": [[-42.8831791, -20.7321145], [-42.8832165, -20.732073], [-42.8833775, -20.7319251], [-42.8836788, -20.7316231], [-42.8840012, -20.7313013], [-42.8841586, -20.7312172], [-42.8844519, -20.7310604], [-42.8850151, -20.7308798], [-42.885369, -20.7307606], [-42.8856023, -20.730772]]}}, {"type": "Feature", "properties": {"osm_id": 333809587, "highway": "residential", "name": "Rua Dona Petronilha"}, "geometry": {"type": "LineString", "coordinates": [[-42.8856023, -20.730772], [-42.8857554, -20.7307945], [-42.8869302, -20.7308046], [-42.8880407, -20.7308133], [-42.8884738, -20.7308018]]}}, {"type": "Feature", "properties": {"osm_id": 333809589, "highway": "residential", "name": "Rua Lambari"}, "geometry": {"type": "LineString", "coordinates": [[-42.8884738, -20.7308018], [-42.8889714, -20.7306956], [-42.8890774, -20.7307107], [-42.8891826, -20.730744]]}}, {"type": "Feature", "properties": {"osm_id": 333809591, "highway": "residential", "name": "Rua José Rodrigues"}, "geometry": {"type": "LineString", "coordinates": [[-42.8890119, -20.7313387], [-42.8891135, -20.7315521], [-42.8892955, -20.7318499], [-42.8893156, -20.7319026], [-42.8893169, -20.7319565]]}}, {"type": "Feature", "properties": {"osm_id": 333809593, "highway": "residential", "name": "Travessa B"}, "geometry": {"type": "LineString", "coordinates": [[-42.8859234, -20.7330979], [-42.8857571, -20.7326915]]}}, {"type": "Feature", "properties": {"osm_id": 333811022, "highway": "residential", "name": "Rua São Tiago"}, "geometry": {"type": "LineString", "coordinates": [[-42.8864392, -20.7286417], [-42.8865219, -20.7284432]]}}, {"type": "Feature", "properties": {"osm_id": 333813522, "highway": "tertiary", "name": "Rua Gumercindo Iglésias"}, "geometry": {"type": "LineString", "coordinates": [[-42.8852636, -20.7292208], [-42.8852106, -20.7290156], [-42.8850336, -20.7287673], [-42.8847788, -20.7285852], [-42.8841723, -20.728209], [-42.883623, -20.7279099], [-42.8833425, -20.7277863], [-42.8830779, -20.7276872], [-42.8826898, -20.7276475], [-42.8823041, -20.7276501], [-42.8821614, -20.7276593], [-42.8812117, -20.7277207], [-42.8805148, -20.7277293], [-42.8802938, -20.7276794], [-42.8802778, -20.7276758], [-42.8800298, -20.7275693], [-42.8799293, -20.7274966], [-42.8796029, -20.7270971], [-42.8793695, -20.7267569], [-42.8792294, -20.726481], [-42.8791941, -20.7264228], [-42.8791154, -20.7261328], [-42.8790906, -20.725909], [-42.8789162, -20.7251605], [-42.8786802, -20.7245584], [-42.8782909, -20.7241968], [-42.8777468, -20.723856], [-42.8771931, -20.7235846], [-42.8768872, -20.7234593], [-42.8767259, -20.7233992], [-42.8760939, -20.7232806], [-42.8755296, -20.7233198], [-42.8749244, -20.7235018], [-42.8745784, -20.7236336], [-42.8744708, -20.7236856], [-42.8736198, -20.7239738], [-42.8733677, -20.7240416], [-42.8731254, -20.7240781], [-42.8728151, -20.7240591], [-42.8721836, -20.7238992], [-42.8720147, -20.7238392], [-42.8710724, -20.7235529], [-42.8700122, -20.7234395], [-42.8692585, -20.7234106], [-42.8691265, -20.7234053], [-42.8690037, -20.7233667], [-42.8688374, -20.7233128], [-42.86871, -20.7232601], [-42.8685665, -20.723166], [-42.8683452, -20.7230017], [-42.8682688, -20.7229214], [-42.8681883, -20.722806], [-42.8681052, -20.7226304], [-42.868014, -20.7224573], [-42.8679395, -20.7223588], [-42.8678732, -20.7223043], [-42.867727, -20.7222215], [-42.8675935, -20.7221519]]}}, {"type": "Feature", "properties": {"osm_id": 333813523, "highway": "unclassified", "name": "Rua Maria Rodrigues Igresia"}, "geometry": {"type": "LineString", "coordinates": [[-42.8852636, -20.7292208], [-42.8853133, -20.7291482], [-42.8853198, -20.7290803], [-42.8853143, -20.7290206], [-42.8852576, -20.728834], [-42.885188, -20.7286993], [-42.8851394, -20.7286125], [-42.8850039, -20.7284774], [-42.8847126, -20.728205], [-42.8845076, -20.7279956], [-42.8843296, -20.7277762], [-42.8842403, -20.7276364], [-42.8842356, -20.7275612], [-42.8842444, -20.7275242], [-42.8842615, -20.7275101], [-42.8842916, -20.7274966], [-42.8843584, -20.727485], [-42.8844552, -20.727499], [-42.8846654, -20.7275518], [-42.8849661, -20.7276426], [-42.885613, -20.7278258], [-42.8857649, -20.7278345], [-42.8858417, -20.7278243], [-42.8859262, -20.7277862], [-42.8859779, -20.7277247]]}}, {"type": "Feature", "properties": {"osm_id": 333814182, "highway": "residential", "name": "Travessa José V. Arruda"}, "geometry": {"type": "LineString", "coordinates": [[-42.8830671, -20.730636], [-42.8828081, -20.7302316]]}}, {"type": "Feature", "properties": {"osm_id": 333814184, "highway": "residential", "name": "Rua Aristeu Fernandes"}, "geometry": {"type": "LineString", "coordinates": [[-42.8839073, -20.7300186], [-42.8839882, -20.7300126], [-42.884113, -20.7300039], [-42.884341, -20.7299564], [-42.88451, -20.7299304], [-42.8846525, -20.7299099]]}}, {"type": "Feature", "properties": {"osm_id": 333816374, "highway": "residential", "name": "Travessa Gumercindo Iglesias"}, "geometry": {"type": "LineString", "coordinates": [[-42.8802938, -20.7276794], [-42.8804215, -20.7274659], [-42.8805806, -20.727307], [-42.8806519, -20.7271349], [-42.8806671, -20.7270961], [-42.8806777, -20.7270724], [-42.8808207, -20.7268428]]}}, {"type": "Feature", "properties": {"osm_id": 333816375, "highway": "residential", "name": ""}, "geometry": {"type": "LineString", "coordinates": [[-42.8806519, -20.7271349], [-42.8803352, -20.7270699], [-42.8799468, -20.7269791], [-42.8798335, -20.7269336], [-42.8797121, -20.7268277], [-42.8795719, -20.7266335], [-42.8794829, -20.726467], [-42.8794527, -20.7263812]]}}, {"type": "Feature", "properties": {"osm_id": 333816376, "highway": "residential", "name": "Estrada dos Marques"}, "geometry": {"type": "LineString", "coordinates": [[-42.8794527, -20.7263812], [-42.8794964, -20.7263459], [-42.8795199, -20.7263242], [-42.8795395, -20.7263081], [-42.8795611, -20.7262551], [-42.8795368, -20.7260785], [-42.8795018, -20.7258136], [-42.8794586, -20.7256345], [-42.879391, -20.7253822], [-42.8793803, -20.7252317], [-42.8793856, -20.7249156], [-42.8794232, -20.7245844], [-42.8794554, -20.7244816], [-42.8795305, -20.7240852], [-42.8795358, -20.7238469], [-42.87956, -20.7234731]]}}, {"type": "Feature", "properties": {"osm_id": 333816378, "highway": "residential", "name": ""}, "geometry": {"type": "LineString", "coordinates": [[-42.8794527, -20.7263812], [-42.8794138, -20.7263292], [-42.8792757, -20.7261824], [-42.8790906, -20.725909]]}}, {"type": "Feature", "properties": {"osm_id": 333816379, "highway": "residential", "name": "Rua Antônio Raimundo Faustino"}, "geometry": {"type": "LineString", "coordinates": [[-42.878865, -20.7275215], [-42.8785573, -20.7274389], [-42.8783954, -20.7273105], [-42.8783228, -20.7271999], [-42.8782857, -20.7270994], [-42.878319, -20.7268122], [-42.8783801, -20.7266512], [-42.8784736, -20.7265412], [-42.8791154, -20.7261328]]}}, {"type": "Feature", "properties": {"osm_id": 333816642, "highway": "residential", "name": "Rua Maria Marques"}, "geometry": {"type": "LineString", "coordinates": [[-42.8773311, -20.7275095], [-42.8772291, -20.7273515], [-42.877146, -20.7273289], [-42.8766954, -20.7274744], [-42.8760382, -20.7277077]]}}, {"type": "Feature", "properties": {"osm_id": 333816643, "highway": "residential", "name": "Rua Francisco Marquês"}, "geometry": {"type": "LineString", "coordinates": [[-42.8773311, -20.7275095], [-42.8774523, -20.7274172], [-42.8777125, -20.7272993], [-42.8779523, -20.7272005], [-42.8782857, -20.7270994]]}}, {"type": "Feature", "properties": {"osm_id": 333817704, "highway": "residential", "name": "Rua José Amaral"}, "geometry": {"type": "LineString", "coordinates": [[-42.8909897, -20.7335853], [-42.8908561, -20.7338607], [-42.8905611, -20.7344928]]}}, {"type": "Feature", "properties": {"osm_id": 333817705, "highway": "residential", "name": "Rua José Milton Amaral"}, "geometry": {"type": "LineString", "coordinates": [[-42.89074, -20.7353772], [-42.8905549, -20.7356857]]}}, {"type": "Feature", "properties": {"osm_id": 333818840, "highway": "residential", "name": "Rua José Amaral"}, "geometry": {"type": "LineString", "coordinates": [[-42.8925797, -20.7353264], [-42.892524, -20.735416], [-42.8924992, -20.7354567], [-42.8924777, -20.7354716], [-42.8924585, -20.7354735], [-42.8924414, -20.7354704], [-42.8924217, -20.7354568], [-42.8922632, -20.7353151], [-42.8921666, -20.7352128], [-42.8921264, -20.7351614], [-42.8921063, -20.7351194], [-42.8921083, -20.7350855], [-42.892119, -20.7350498], [-42.8921814, -20.7348855]]}}, {"type": "Feature", "properties": {"osm_id": 333818841, "highway": "residential", "name": "Rua Almiro Molica"}, "geometry": {"type": "LineString", "coordinates": [[-42.8926987, -20.7378677], [-42.8926916, -20.7378047], [-42.892689, -20.7374033], [-42.8927091, -20.7371995], [-42.8927285, -20.7370101], [-42.8927325, -20.7368897], [-42.8927077, -20.7368101], [-42.8926702, -20.7367411], [-42.8925589, -20.736563], [-42.89252, -20.7364928], [-42.8925059, -20.7364345], [-42.8925106, -20.7363749], [-42.892528, -20.7363203], [-42.8927869, -20.7357823], [-42.8928137, -20.7357255], [-42.8928707, -20.7356355]]}}, {"type": "Feature", "properties": {"osm_id": 333822254, "highway": "residential", "name": "Rua Moacir F. Souza"}, "geometry": {"type": "LineString", "coordinates": [[-42.8805069, -20.7423234], [-42.8809733, -20.7422537], [-42.8814815, -20.7421408]]}}, {"type": "Feature", "properties": {"osm_id": 333822257, "highway": "residential", "name": "Alameda do Adão"}, "geometry": {"type": "LineString", "coordinates": [[-42.881653, -20.7429476], [-42.8810728, -20.7431261], [-42.8806372, -20.7432404]]}}, {"type": "Feature", "properties": {"osm_id": 333823116, "highway": "residential", "name": "Rua Moacir Fortunato Souza"}, "geometry": {"type": "LineString", "coordinates": [[-42.8817585, -20.7432821], [-42.8817324, -20.7431881], [-42.881653, -20.7429476], [-42.8815084, -20.7425822]]}}, {"type": "Feature", "properties": {"osm_id": 333829894, "highway": "residential", "name": "Rua Anita Chequer"}, "geometry": {"type": "LineString", "coordinates": [[-42.8816194, -20.746059], [-42.8815591, -20.7461418], [-42.8811393, -20.7467747], [-42.8806754, -20.7474477]]}}, {"type": "Feature", "properties": {"osm_id": 333829895, "highway": "tertiary", "name": "Rua Manoelita Silva"}, "geometry": {"type": "LineString", "coordinates": [[-42.8817613, -20.7453879], [-42.8824834, -20.7454807], [-42.8825819, -20.745505], [-42.882675, -20.7455309]]}}, {"type": "Feature", "properties": {"osm_id": 333829896, "highway": "residential", "name": "Rua Maria de Castro Silva"}, "geometry": {"type": "LineString", "coordinates": [[-42.882675, -20.7455309], [-42.8829403, -20.7447975], [-42.882986, -20.7446092], [-42.8830162, -20.7443486], [-42.8830181, -20.7440536], [-42.8829612, -20.7438552], [-42.8829106, -20.7437026], [-42.8827607, -20.7432927], [-42.8826615, -20.7430597], [-42.8826132, -20.7429488], [-42.8826079, -20.7429168], [-42.8826106, -20.7428867], [-42.8826267, -20.7428597], [-42.8826434, -20.7428422], [-42.882681, -20.7428287]]}}, {"type": "Feature", "properties": {"osm_id": 333829897, "highway": "residential", "name": "Rua CIrilo de Castro"}, "geometry": {"type": "LineString", "coordinates": [[-42.8815256, -20.7440581], [-42.881791, -20.7441446], [-42.8818146, -20.7441584], [-42.88182, -20.7441804], [-42.8816691, -20.7447742], [-42.8816517, -20.7448156], [-42.8816336, -20.7448306], [-42.8816034, -20.7448388], [-42.881126, -20.7448745]]}}, {"type": "Feature", "properties": {"osm_id": 333829898, "highway": "residential", "name": "Rua Antônio Camilo Lelis"}, "geometry": {"type": "LineString", "coordinates": [[-42.8826434, -20.7428422], [-42.882522, -20.7427213], [-42.8824506, -20.7426677], [-42.8823866, -20.7426471], [-42.8823041, -20.7426459], [-42.8822411, -20.7426672], [-42.8821962, -20.7427048], [-42.8821675, -20.7427597], [-42.8821023, -20.7429143], [-42.8820661, -20.7430106], [-42.8820178, -20.7431239], [-42.8819646, -20.7431619]]}}, {"type": "Feature", "properties": {"osm_id": 333833515, "highway": "residential", "name": "Travessa Wiliam Martins Ramos"}, "geometry": {"type": "LineString", "coordinates": [[-42.8846147, -20.743865], [-42.8848696, -20.7439079]]}}, {"type": "Feature", "properties": {"osm_id": 333833516, "highway": "residential", "name": "Rua E"}, "geometry": {"type": "LineString", "coordinates": [[-42.8844117, -20.7451066], [-42.8845739, -20.7451003], [-42.8847389, -20.7450752], [-42.8848931, -20.7450376], [-42.8851278, -20.7449661], [-42.885211, -20.7449611], [-42.8852767, -20.7449849], [-42.8853263, -20.7450464], [-42.885396, -20.7451918], [-42.8854483, -20.7453524], [-42.8854698, -20.7454577], [-42.8854859, -20.7455606], [-42.8854832, -20.7456571], [-42.8854671, -20.74576], [-42.8854403, -20.745839], [-42.8853558, -20.7459958], [-42.885325, -20.7460773], [-42.8853075, -20.7461738], [-42.8853048, -20.7462666], [-42.8853129, -20.7463544], [-42.8853379, -20.7464743]]}}, {"type": "Feature", "properties": {"osm_id": 333833517, "highway": "residential", "name": "Rua Manoelita Silva"}, "geometry": {"type": "LineString", "coordinates": [[-42.8840939, -20.7459465], [-42.8840402, -20.7459782], [-42.8839764, -20.7459877], [-42.8838854, -20.7459723], [-42.8834863, -20.7458391], [-42.883139, -20.7457249], [-42.8828267, -20.7456093]]}}, {"type": "Feature", "properties": {"osm_id": 333836066, "highway": "residential", "name": "Rua Maria Aux. de S. Castro"}, "geometry": {"type": "LineString", "coordinates": [[-42.8843768, -20.747902], [-42.8842546, -20.7478793], [-42.8841957, -20.7478632], [-42.8841394, -20.7478293], [-42.884039, -20.747712], [-42.8839986, -20.7476738], [-42.8839369, -20.7476437], [-42.8836821, -20.7475672], [-42.8833455, -20.7474581], [-42.8831913, -20.7473991], [-42.8830947, -20.7473465], [-42.883025, -20.7472925], [-42.8828318, -20.7470793]]}}, {"type": "Feature", "properties": {"osm_id": 333837282, "highway": "residential", "name": ""}, "geometry": {"type": "LineString", "coordinates": [[-42.885295, -20.7484459], [-42.8853204, -20.7483325]]}}, {"type": "Feature", "properties": {"osm_id": 333837283, "highway": "residential", "name": "Rua Álvaro Gouveia"}, "geometry": {"type": "LineString", "coordinates": [[-42.8840221, -20.7484086], [-42.8849258, -20.7483574], [-42.8853204, -20.7483325], [-42.88553, -20.7483576], [-42.885671, -20.7483924], [-42.885818, -20.7484499], [-42.8859673, -20.7485166], [-42.886134, -20.748627], [-42.8862403, -20.7487668], [-42.8864759, -20.7490941], [-42.8865856, -20.7493756], [-42.8866191, -20.7494948], [-42.8866459, -20.7496127], [-42.8867475, -20.7501382], [-42.8868318, -20.7506123], [-42.88688, -20.7508836], [-42.886898, -20.7509964], [-42.8869061, -20.7511389], [-42.8869048, -20.7512769], [-42.8868865, -20.7514416], [-42.8868104, -20.7516817], [-42.886693, -20.751918], [-42.8866178, -20.7520293], [-42.8864488, -20.7522425], [-42.8863925, -20.752304], [-42.8863281, -20.7523592], [-42.8862084, -20.752441], [-42.8856409, -20.7528501], [-42.8853808, -20.75303], [-42.8849923, -20.7533075], [-42.8847702, -20.7535069]]}}, {"type": "Feature", "properties": {"osm_id": 333838900, "highway": "residential", "name": "Rua N"}, "geometry": {"type": "LineString", "coordinates": [[-42.8853379, -20.7464743], [-42.8852913, -20.7465418], [-42.8852081, -20.7466842], [-42.8850605, -20.7468572], [-42.884922, -20.7469429], [-42.8846167, -20.7472251], [-42.8845096, -20.7473992], [-42.8842785, -20.7476646], [-42.8841394, -20.7478293]]}}, {"type": "Feature", "properties": {"osm_id": 333838903, "highway": "residential", "name": "Rua Chico Mendes"}, "geometry": {"type": "LineString", "coordinates": [[-42.8907014, -20.7496277], [-42.8902592, -20.7498416], [-42.8900127, -20.7499544], [-42.8898132, -20.750034], [-42.8893402, -20.7502243]]}}, {"type": "Feature", "properties": {"osm_id": 333840377, "highway": "residential", "name": "Rua José Zaidan"}, "geometry": {"type": "LineString", "coordinates": [[-42.8902655, -20.7514913], [-42.8902736, -20.7515453], [-42.890295, -20.7516022], [-42.8904869, -20.7521134], [-42.8906786, -20.7526501], [-42.890821, -20.7530187]]}}, {"type": "Feature", "properties": {"osm_id": 333840378, "highway": "residential", "name": "Avenida das Arábias"}, "geometry": {"type": "LineString", "coordinates": [[-42.8896728, -20.751401], [-42.8896228, -20.7510719], [-42.8895924, -20.7509044], [-42.88954, -20.7507414], [-42.8894623, -20.7505307], [-42.8893402, -20.7502243], [-42.8890693, -20.7496127], [-42.8889446, -20.7493355], [-42.8888521, -20.7491537], [-42.8887045, -20.7489304], [-42.8883304, -20.74843], [-42.8881118, -20.7481178], [-42.8877684, -20.7477001], [-42.8874332, -20.7473339], [-42.8871194, -20.7470618], [-42.886882, -20.7469251], [-42.8865416, -20.7468086], [-42.8859762, -20.7466514], [-42.885662, -20.7465622]]}}, {"type": "Feature", "properties": {"osm_id": 333842049, "highway": "residential", "name": "Rua Tamôios"}, "geometry": {"type": "LineString", "coordinates": [[-42.8883304, -20.74843], [-42.8883559, -20.7486257], [-42.8883735, -20.748702], [-42.8884371, -20.7488718], [-42.8884954, -20.7490704], [-42.8885168, -20.7492063], [-42.8885235, -20.7493129], [-42.8885329, -20.7494559]]}}, {"type": "Feature", "properties": {"osm_id": 333844164, "highway": "residential", "name": "Rua Guarani"}, "geometry": {"type": "LineString", "coordinates": [[-42.8864859, -20.7474291], [-42.8864405, -20.7473695], [-42.8863999, -20.7473364], [-42.8861318, -20.7471897], [-42.8860211, -20.7471378], [-42.8854398, -20.746943]]}}, {"type": "Feature", "properties": {"osm_id": 333846665, "highway": "residential", "name": "Rua Santa Teresinha"}, "geometry": {"type": "LineString", "coordinates": [[-42.8864085, -20.7483535], [-42.8863864, -20.7483917], [-42.8862605, -20.7485106], [-42.886134, -20.748627]]}}, {"type": "Feature", "properties": {"osm_id": 333851601, "highway": "residential", "name": "Rua João Mairinck"}, "geometry": {"type": "LineString", "coordinates": [[-42.8890049, -20.7528244], [-42.8889734, -20.7527329], [-42.8887931, -20.7523541], [-42.8886066, -20.7519202], [-42.8885738, -20.7518111], [-42.8885644, -20.7517296], [-42.8885859, -20.7516638], [-42.8886361, -20.751618], [-42.8887381, -20.7515917], [-42.8890747, -20.7515415], [-42.8896728, -20.751401]]}}, {"type": "Feature", "properties": {"osm_id": 333854163, "highway": "tertiary", "name": "Rua Capitão José Maria"}, "geometry": {"type": "LineString", "coordinates": [[-42.884637, -20.7544851], [-42.884587, -20.7544053], [-42.8845303, -20.7543015], [-42.8843545, -20.754078]]}}, {"type": "Feature", "properties": {"osm_id": 333854164, "highway": "residential", "name": "Rua Fabiano Janote"}, "geometry": {"type": "LineString", "coordinates": [[-42.887358, -20.7534907], [-42.8873896, -20.7534446], [-42.8874587, -20.7534088], [-42.8876156, -20.7533662], [-42.8887381, -20.7530608], [-42.8889406, -20.7530176], [-42.8889929, -20.7529947], [-42.8890163, -20.7529417], [-42.8890174, -20.7528912], [-42.8890049, -20.7528244]]}}, {"type": "Feature", "properties": {"osm_id": 333854165, "highway": "residential", "name": "Rua Raimundo A. Moreira"}, "geometry": {"type": "LineString", "coordinates": [[-42.8917696, -20.7527197], [-42.8916037, -20.7528617], [-42.8915413, -20.7529169], [-42.8914981, -20.7529639], [-42.8914541, -20.7530389]]}}, {"type": "Feature", "properties": {"osm_id": 333854166, "highway": "tertiary", "name": "Rua Raimundo A. Moreira"}, "geometry": {"type": "LineString", "coordinates": [[-42.8914541, -20.7530389], [-42.8913717, -20.7530565], [-42.8909348, -20.7532427]]}}, {"type": "Feature", "properties": {"osm_id": 333854167, "highway": "tertiary", "name": "Avenida das Arábias"}, "geometry": {"type": "LineString", "coordinates": [[-42.8909348, -20.7532427], [-42.890821, -20.7530187]]}}, {"type": "Feature", "properties": {"osm_id": 333854168, "highway": "residential", "name": "Rua João Valadares"}, "geometry": {"type": "LineString", "coordinates": [[-42.8909348, -20.7532427], [-42.8905526, -20.7533825], [-42.8903313, -20.7534728], [-42.8900323, -20.7535982], [-42.88965, -20.753785], [-42.8894354, -20.7538114], [-42.8892276, -20.7538403], [-42.8889594, -20.7538892], [-42.888667, -20.7539569], [-42.8883719, -20.7540371], [-42.8880715, -20.7541462], [-42.8874788, -20.7543757], [-42.8871126, -20.7544924], [-42.8868377, -20.7545664], [-42.886581, -20.75463], [-42.8863101, -20.7547086], [-42.8862214, -20.7547567]]}}, {"type": "Feature", "properties": {"osm_id": 333855832, "highway": "residential", "name": "Rua Maria Eusébia"}, "geometry": {"type": "LineString", "coordinates": [[-42.8862214, -20.7547567], [-42.8861934, -20.7548134], [-42.8862074, -20.7548658], [-42.8862681, -20.7549095], [-42.8863755, -20.7549619], [-42.8867351, -20.7550536], [-42.8869826, -20.7550842], [-42.8870947, -20.7551497], [-42.8871245, -20.7552108], [-42.8871339, -20.7553026], [-42.8871152, -20.7553724], [-42.8870726, -20.7554491], [-42.8869639, -20.7555795], [-42.8868845, -20.75563], [-42.8867797, -20.7556825]]}}, {"type": "Feature", "properties": {"osm_id": 333857937, "highway": "residential", "name": "Rua Antonele Bering"}, "geometry": {"type": "LineString", "coordinates": [[-42.891004, -20.7552098], [-42.8911334, -20.7553503], [-42.8912107, -20.7555013], [-42.8913853, -20.7559888], [-42.8915021, -20.7561188]]}}, {"type": "Feature", "properties": {"osm_id": 333861846, "highway": "residential", "name": "Rua Major Marciano Pinheiro"}, "geometry": {"type": "LineString", "coordinates": [[-42.8952754, -20.7662267], [-42.8955678, -20.7662042], [-42.8959432, -20.7661941], [-42.8964528, -20.7662067]]}}, {"type": "Feature", "properties": {"osm_id": 333861847, "highway": "residential", "name": "Rua Martinez Alves Torres"}, "geometry": {"type": "LineString", "coordinates": [[-42.8964528, -20.7662067], [-42.8966807, -20.766543], [-42.896764, -20.7666455], [-42.8969786, -20.7669013]]}}, {"type": "Feature", "properties": {"osm_id": 333864391, "highway": "residential", "name": "Rua Lauro de U. Cintra"}, "geometry": {"type": "LineString", "coordinates": [[-42.8969786, -20.7669013], [-42.8970221, -20.7669361], [-42.8970663, -20.7669386], [-42.8971253, -20.7669172], [-42.8973085, -20.7668161], [-42.8979433, -20.766419]]}}, {"type": "Feature", "properties": {"osm_id": 333865561, "highway": "residential", "name": "Rua Shotaro Shimoia"}, "geometry": {"type": "LineString", "coordinates": [[-42.8936151, -20.7663321], [-42.8936606, -20.7664474], [-42.8936795, -20.7665427], [-42.8936929, -20.7669039], [-42.893717, -20.7670543], [-42.8937804, -20.7671814], [-42.8940218, -20.7675099], [-42.8942696, -20.7677766], [-42.8943607, -20.7679045], [-42.89446, -20.7680876], [-42.8947121, -20.7686669], [-42.8947336, -20.7687697], [-42.8947403, -20.7690068]]}}, {"type": "Feature", "properties": {"osm_id": 333867937, "highway": "tertiary", "name": "Rua J. P. Filho"}, "geometry": {"type": "LineString", "coordinates": [[-42.8947403, -20.7690068], [-42.8945927, -20.7690306], [-42.8945109, -20.7690607], [-42.8944532, -20.7690982], [-42.8937067, -20.7697096], [-42.8936069, -20.7697735], [-42.8934971, -20.7698075], [-42.893385, -20.769815], [-42.8930276, -20.769798], [-42.8928801, -20.7697925], [-42.8927227, -20.7697932], [-42.8925672, -20.7698022], [-42.8924805, -20.7698133], [-42.892395, -20.7698267], [-42.8923181, -20.7698341], [-42.8922397, -20.7698335]]}}, {"type": "Feature", "properties": {"osm_id": 333868531, "highway": "residential", "name": "Rua General Mourão Filho"}, "geometry": {"type": "LineString", "coordinates": [[-42.8969535, -20.7676128], [-42.8970708, -20.7679135], [-42.897103, -20.7680173], [-42.8971244, -20.7680863], [-42.8971566, -20.7682192], [-42.897229, -20.7687308], [-42.8973014, -20.7692701], [-42.8970796, -20.7699477]]}}, {"type": "Feature", "properties": {"osm_id": 333870168, "highway": "residential", "name": "Rua José Mendes Cardoso"}, "geometry": {"type": "LineString", "coordinates": [[-42.8957037, -20.7692304], [-42.8954112, -20.7694084], [-42.8952236, -20.7695489], [-42.8950331, -20.7698147], [-42.894983, -20.769956], [-42.894991, -20.7700614], [-42.895042, -20.7701341], [-42.8953397, -20.7702895], [-42.8954256, -20.7703272], [-42.8955222, -20.7703824], [-42.8957153, -20.7704626], [-42.8958171, -20.7705077]]}}, {"type": "Feature", "properties": {"osm_id": 333870169, "highway": "tertiary", "name": "Rua Shotaro Shimoia"}, "geometry": {"type": "LineString", "coordinates": [[-42.8970469, -20.7720447], [-42.8968943, -20.7720848], [-42.8967592, -20.7721262], [-42.8966499, -20.7721406], [-42.8964937, -20.7721462], [-42.8961115, -20.7720572], [-42.8955576, -20.7719255], [-42.8953256, -20.7718478], [-42.8950748, -20.7716898], [-42.8949528, -20.7715639], [-42.8946238, -20.7711247], [-42.8945431, -20.7709792], [-42.894511, -20.7708212], [-42.8944977, -20.7706707], [-42.8945169, -20.7696998], [-42.8945249, -20.7695844], [-42.8945512, -20.7694883], [-42.8946558, -20.7692688], [-42.8947403, -20.7690068]]}}, {"type": "Feature", "properties": {"osm_id": 333870458, "highway": "residential", "name": "Rua José S. da Silva"}, "geometry": {"type": "LineString", "coordinates": [[-42.8961662, -20.7715531], [-42.8958253, -20.7717189], [-42.8956761, -20.7717915], [-42.8955576, -20.7719255]]}}, {"type": "Feature", "properties": {"osm_id": 333871917, "highway": "residential", "name": "Rua José S. da Silva"}, "geometry": {"type": "LineString", "coordinates": [[-42.8967998, -20.7699948], [-42.8964029, -20.7706954], [-42.8963389, -20.7708817], [-42.8962858, -20.7711025], [-42.8962479, -20.7712994], [-42.8962191, -20.7714237], [-42.8961662, -20.7715531]]}}, {"type": "Feature", "properties": {"osm_id": 333871918, "highway": "residential", "name": "Rua J. Cardoso"}, "geometry": {"type": "LineString", "coordinates": [[-42.8970796, -20.7699477], [-42.8971976, -20.7704494], [-42.8972512, -20.7707527], [-42.8973189, -20.7711421], [-42.8974315, -20.7717378]]}}, {"type": "Feature", "properties": {"osm_id": 333873820, "highway": "residential", "name": "Rua Manoel N. Pinheiro"}, "geometry": {"type": "LineString", "coordinates": [[-42.900622, -20.7696763], [-42.9006837, -20.769077], [-42.9007829, -20.7686355], [-42.9008648, -20.7683546], [-42.900917, -20.7682531], [-42.9010042, -20.7681666], [-42.90109, -20.7681189]]}}, {"type": "Feature", "properties": {"osm_id": 333873821, "highway": "residential", "name": "Rua Maria Francisca Amorim"}, "geometry": {"type": "LineString", "coordinates": [[-42.900622, -20.7696763], [-42.9007936, -20.7696412], [-42.900917, -20.7696136], [-42.901137, -20.7695734]]}}, {"type": "Feature", "properties": {"osm_id": 333873822, "highway": "residential", "name": "Rua José L. D. Carvalho"}, "geometry": {"type": "LineString", "coordinates": [[-42.9002089, -20.7697791], [-42.9003787, -20.7701834], [-42.9005799, -20.7705797], [-42.9008535, -20.7710988], [-42.9011171, -20.7716152]]}}, {"type": "Feature", "properties": {"osm_id": 333873823, "highway": "residential", "name": "Rua Maria Francisca Amorim"}, "geometry": {"type": "LineString", "coordinates": [[-42.9002089, -20.7697791], [-42.900622, -20.7696763]]}}, {"type": "Feature", "properties": {"osm_id": 333873824, "highway": "residential", "name": "Rua Maria Francisca Amorim"}, "geometry": {"type": "LineString", "coordinates": [[-42.8997422, -20.7699196], [-42.9002089, -20.7697791]]}}, {"type": "Feature", "properties": {"osm_id": 333873825, "highway": "residential", "name": "Rua José Borges Chagas"}, "geometry": {"type": "LineString", "coordinates": [[-42.8997422, -20.7699196], [-42.8996859, -20.7696713], [-42.8996886, -20.7694682], [-42.8997234, -20.7692725], [-42.8998469, -20.7686759], [-42.8999568, -20.768202], [-42.9000346, -20.7679838], [-42.9001768, -20.7677029], [-42.9003189, -20.7674896]]}}, {"type": "Feature", "properties": {"osm_id": 333873889, "highway": "tertiary", "name": "Rua Juquinha de Paula"}, "geometry": {"type": "LineString", "coordinates": [[-42.9021183, -20.778323], [-42.902237, -20.7783154], [-42.9024851, -20.7782973], [-42.9025917, -20.778296], [-42.9026862, -20.7783261], [-42.9028142, -20.7784442], [-42.9030448, -20.7788003], [-42.9031992, -20.7791681], [-42.9032367, -20.7792446], [-42.9032783, -20.7793173], [-42.9033615, -20.7794251], [-42.9034567, -20.7795618], [-42.903517, -20.7796796], [-42.9035412, -20.77978], [-42.9035425, -20.7798941]]}}, {"type": "Feature", "properties": {"osm_id": 334111081, "highway": "tertiary", "name": ""}, "geometry": {"type": "LineString", "coordinates": [[-42.8717717, -20.7605878], [-42.871753, -20.7605779], [-42.8717379, -20.7605637], [-42.8717255, -20.7605413], [-42.8717219, -20.7605205], [-42.8717248, -20.7604995], [-42.8717338, -20.7604802], [-42.8717483, -20.7604641], [-42.8717671, -20.7604525], [-42.8717887, -20.7604463], [-42.871815, -20.7604466], [-42.8718398, -20.760455], [-42.8718602, -20.7604705], [-42.871874, -20.7604915], [-42.8718797, -20.7605155], [-42.871877, -20.7605388], [-42.8718666, -20.7605601], [-42.8718524, -20.7605751], [-42.8718344, -20.760586], [-42.8718139, -20.760592], [-42.8717925, -20.7605926], [-42.8717717, -20.7605878]]}}, {"type": "Feature", "properties": {"osm_id": 334111082, "highway": "tertiary", "name": ""}, "geometry": {"type": "LineString", "coordinates": [[-42.8714777, -20.7605863], [-42.8713086, -20.7606128], [-42.871144, -20.7606007], [-42.8710044, -20.7605514], [-42.8708245, -20.7604391], [-42.8708037, -20.7604171], [-42.8705455, -20.760145], [-42.8705273, -20.7601265], [-42.8704886, -20.7600839], [-42.8704863, -20.7600812], [-42.8704806, -20.7600746]]}}, {"type": "Feature", "properties": {"osm_id": 334111084, "highway": "service", "name": ""}, "geometry": {"type": "LineString", "coordinates": [[-42.8719717, -20.760356], [-42.8720269, -20.7603643], [-42.8720806, -20.7603643], [-42.8721235, -20.7603467], [-42.8725929, -20.7600646], [-42.8726626, -20.7599755], [-42.872904, -20.7594263], [-42.8729308, -20.7593811], [-42.8730462, -20.7592382], [-42.8738884, -20.7586237], [-42.8739474, -20.7585961]]}}, {"type": "Feature", "properties": {"osm_id": 334115121, "highway": "footway", "name": ""}, "geometry": {"type": "LineString", "coordinates": [[-42.8803014, -20.7641883], [-42.8802736, -20.7641475], [-42.8801639, -20.7642217], [-42.8802193, -20.7643049]]}}, {"type": "Feature", "properties": {"osm_id": 334115122, "highway": "footway", "name": ""}, "geometry": {"type": "LineString", "coordinates": [[-42.8802193, -20.7643049], [-42.8802987, -20.7644247]]}}, {"type": "Feature", "properties": {"osm_id": 334115123, "highway": "footway", "name": ""}, "geometry": {"type": "LineString", "coordinates": [[-42.8800985, -20.7644226], [-42.8799482, -20.7645101]]}}, {"type": "Feature", "properties": {"osm_id": 334115124, "highway": "footway", "name": ""}, "geometry": {"type": "LineString", "coordinates": [[-42.8803014, -20.7641883], [-42.8803299, -20.76423], [-42.8804091, -20.7643462], [-42.8803556, -20.7643842], [-42.8802987, -20.7644247], [-42.8801667, -20.7645169], [-42.8800985, -20.7644226], [-42.8801347, -20.7644008], [-42.8801149, -20.7643756], [-42.8802193, -20.7643049], [-42.8803299, -20.76423]]}}, {"type": "Feature", "properties": {"osm_id": 334115125, "highway": "steps", "name": ""}, "geometry": {"type": "LineString", "coordinates": [[-42.8803556, -20.7643842], [-42.8804181, -20.7644853]]}}, {"type": "Feature", "properties": {"osm_id": 334115126, "highway": "service", "name": ""}, "geometry": {"type": "LineString", "coordinates": [[-42.8819486, -20.7531222], [-42.8818792, -20.7528567]]}}, {"type": "Feature", "properties": {"osm_id": 334117331, "highway": "tertiary", "name": "Rua Gomes Barbosa"}, "geometry": {"type": "LineString", "coordinates": [[-42.88018, -20.7615712], [-42.8802176, -20.7616305], [-42.8802841, -20.7617353], [-42.8806701, -20.7623439], [-42.8807718, -20.7625041], [-42.8810931, -20.7630322], [-42.881206, -20.7632178], [-42.8812259, -20.763253], [-42.8813189, -20.763408], [-42.8814912, -20.7636751], [-42.8815988, -20.7638175], [-42.8821071, -20.7643015], [-42.8825707, -20.7646762]]}}, {"type": "Feature", "properties": {"osm_id": 334117335, "highway": "service", "name": ""}, "geometry": {"type": "LineString", "coordinates": [[-42.855717, -20.7683612], [-42.8556943, -20.7683479], [-42.8556772, -20.7683287], [-42.855667, -20.7683034], [-42.8556665, -20.7682765], [-42.8556758, -20.7682509], [-42.8556937, -20.7682298], [-42.8557182, -20.7682155], [-42.8557464, -20.7682098], [-42.855775, -20.7682134], [-42.8558007, -20.7682257], [-42.8558292, -20.768263], [-42.8558313, -20.7682683], [-42.855834, -20.7682932], [-42.8558282, -20.7683176], [-42.8558145, -20.7683391], [-42.8557943, -20.7683555], [-42.8557696, -20.7683652], [-42.855743, -20.7683672], [-42.855717, -20.7683612]]}}, {"type": "Feature", "properties": {"osm_id": 334117336, "highway": "service", "name": "Avenida da Agronomia"}, "geometry": {"type": "LineString", "coordinates": [[-42.8733771, -20.7714354], [-42.8734054, -20.7714837], [-42.8734476, -20.7715389], [-42.8735364, -20.7716407], [-42.8742676, -20.7725116], [-42.8742924, -20.7725393], [-42.8742997, -20.7725735], [-42.8742954, -20.7725976], [-42.8742789, -20.7726196], [-42.8742206, -20.7726566]]}}, {"type": "Feature", "properties": {"osm_id": 334117338, "highway": "residential", "name": "Rua João Franklin Fontes"}, "geometry": {"type": "LineString", "coordinates": [[-42.8875051, -20.7671882], [-42.8881379, -20.7677658]]}}, {"type": "Feature", "properties": {"osm_id": 334867798, "highway": "primary", "name": "Avenida Maria de Paula Santana"}, "geometry": {"type": "LineString", "coordinates": [[-42.8649683, -20.743946], [-42.8650085, -20.7440889]]}}, {"type": "Feature", "properties": {"osm_id": 334867800, "highway": "primary", "name": "Avenida Maria de Paula Santana"}, "geometry": {"type": "LineString", "coordinates": [[-42.8647337, -20.7434297], [-42.8642966, -20.7421576], [-42.8642334, -20.7419033]]}}, {"type": "Feature", "properties": {"osm_id": 334867802, "highway": "trunk", "name": ""}, "geometry": {"type": "LineString", "coordinates": [[-42.8647937, -20.744343], [-42.8647237, -20.7443186], [-42.8646607, -20.7442837], [-42.8646177, -20.7442347], [-42.8645922, -20.7441724], [-42.8645899, -20.7441281], [-42.8645945, -20.7440674]]}}, {"type": "Feature", "properties": {"osm_id": 351824277, "highway": "residential", "name": "Rua São Carlos"}, "geometry": {"type": "LineString", "coordinates": [[-42.8879605, -20.772586], [-42.8880137, -20.7724505]]}}, {"type": "Feature", "properties": {"osm_id": 355536275, "highway": "residential", "name": "Rua Bruno Martinho"}, "geometry": {"type": "LineString", "coordinates": [[-42.8871073, -20.7612499], [-42.8869292, -20.7614258], [-42.8868274, -20.7616286], [-42.8866681, -20.7618561], [-42.8865619, -20.7620382], [-42.8863495, -20.762423]]}}, {"type": "Feature", "properties": {"osm_id": 355536276, "highway": "residential", "name": "Rua Egídio Santana"}, "geometry": {"type": "LineString", "coordinates": [[-42.8871664, -20.7628384], [-42.8878209, -20.762879], [-42.888327, -20.762837], [-42.8888941, -20.7627898], [-42.8894703, -20.7627549], [-42.8897781, -20.762727]]}}, {"type": "Feature", "properties": {"osm_id": 361420800, "highway": "secondary_link", "name": ""}, "geometry": {"type": "LineString", "coordinates": [[-42.8516242, -20.7424309], [-42.851758, -20.7423002]]}}, {"type": "Feature", "properties": {"osm_id": 361420801, "highway": "secondary", "name": "Rodovia Oraida Mendes Castro"}, "geometry": {"type": "LineString", "coordinates": [[-42.8442975, -20.7385707], [-42.8438092, -20.7389532], [-42.8434445, -20.7392191], [-42.8429635, -20.7395038], [-42.8422393, -20.7399955], [-42.8420731, -20.7403015], [-42.8419604, -20.7407079], [-42.841719, -20.7412597], [-42.8414918, -20.7416372], [-42.8412952, -20.741947], [-42.8410592, -20.7421728], [-42.8407534, -20.7423182], [-42.8403672, -20.7423634], [-42.8399756, -20.7423885], [-42.839548, -20.7424851], [-42.8392071, -20.7428084], [-42.8389479, -20.7431856], [-42.8387414, -20.7435089], [-42.8386166, -20.7437558], [-42.8385096, -20.7440021], [-42.8385158, -20.7441509], [-42.8385206, -20.7443979], [-42.8385254, -20.7446628], [-42.8384677, -20.7449053], [-42.8383765, -20.7451118], [-42.8382181, -20.7453049], [-42.8377869, -20.745569], [-42.8372626, -20.7457718], [-42.8370466, -20.7458931], [-42.8368891, -20.7461021], [-42.8367194, -20.7465172], [-42.8366408, -20.7469926], [-42.8366121, -20.7476108], [-42.836478, -20.7483081], [-42.8362312, -20.7489652], [-42.835945, -20.7496237], [-42.8356465, -20.7502645], [-42.8353032, -20.7506658], [-42.8349974, -20.7509417], [-42.8345092, -20.7511976], [-42.8341265, -20.7512942]]}}, {"type": "Feature", "properties": {"osm_id": 361420802, "highway": "secondary", "name": "Rodovia Oraida Mendes Castro"}, "geometry": {"type": "LineString", "coordinates": [[-42.8461983, -20.7380138], [-42.8457664, -20.7378988]]}}, {"type": "Feature", "properties": {"osm_id": 363786588, "highway": "tertiary", "name": ""}, "geometry": {"type": "LineString", "coordinates": [[-42.8477302, -20.7296411], [-42.8480729, -20.7297103], [-42.8482553, -20.7297148], [-42.8484906, -20.7296744], [-42.8487499, -20.7295891]]}}, {"type": "Feature", "properties": {"osm_id": 363786589, "highway": "tertiary", "name": "Rua da Violeira"}, "geometry": {"type": "LineString", "coordinates": [[-42.8502859, -20.7290655], [-42.8505544, -20.7288078], [-42.8506936, -20.7286913], [-42.8511147, -20.7283163], [-42.8515734, -20.7278283], [-42.8520317, -20.7273727], [-42.8522748, -20.7271309], [-42.8523834, -20.7270469], [-42.8524692, -20.7269892], [-42.8527656, -20.7268638], [-42.852999, -20.726796], [-42.8531921, -20.726771], [-42.8536803, -20.7267609], [-42.8539994, -20.7267634], [-42.8542816, -20.7267482], [-42.8545505, -20.7267186], [-42.8548739, -20.7267283], [-42.8551796, -20.7267559], [-42.85537, -20.726791], [-42.8558396, -20.7269701], [-42.8562997, -20.7271035], [-42.8566858, -20.7272512], [-42.8570417, -20.7274065], [-42.8574114, -20.7275684], [-42.8575802, -20.7276013], [-42.8577571, -20.7276031], [-42.8578799, -20.7275811], [-42.8580872, -20.7274947]]}}, {"type": "Feature", "properties": {"osm_id": 363786590, "highway": "tertiary", "name": ""}, "geometry": {"type": "LineString", "coordinates": [[-42.8487499, -20.7295891], [-42.8489851, -20.7295262]]}}, {"type": "Feature", "properties": {"osm_id": 379566376, "highway": "residential", "name": ""}, "geometry": {"type": "LineString", "coordinates": [[-42.8772348, -20.7431079], [-42.8771298, -20.743633]]}}, {"type": "Feature", "properties": {"osm_id": 379566377, "highway": "residential", "name": ""}, "geometry": {"type": "LineString", "coordinates": [[-42.8783232, -20.7618583], [-42.8784902, -20.7617321], [-42.8785028, -20.7617091], [-42.8784974, -20.7616856], [-42.8783192, -20.7614635]]}}, {"type": "Feature", "properties": {"osm_id": 379568082, "highway": "residential", "name": "Rua Prefeito João Franco"}, "geometry": {"type": "LineString", "coordinates": [[-42.8834071, -20.7538307], [-42.883443, -20.7532106]]}}, {"type": "Feature", "properties": {"osm_id": 379568083, "highway": "residential", "name": "Travessa do Cruzeiro"}, "geometry": {"type": "LineString", "coordinates": [[-42.8860405, -20.7545417], [-42.8855989, -20.7542526]]}}, {"type": "Feature", "properties": {"osm_id": 379568084, "highway": "residential", "name": ""}, "geometry": {"type": "LineString", "coordinates": [[-42.8771691, -20.7631869], [-42.8766757, -20.7631934]]}}, {"type": "Feature", "properties": {"osm_id": 379568085, "highway": "residential", "name": "Beco Alto Bela Vista"}, "geometry": {"type": "LineString", "coordinates": [[-42.8770451, -20.763441], [-42.8767231, -20.7634567]]}}, {"type": "Feature", "properties": {"osm_id": 379568440, "highway": "residential", "name": "Rua Maria Rodrigues Freitas"}, "geometry": {"type": "LineString", "coordinates": [[-42.8857167, -20.7806875], [-42.8855104, -20.780586], [-42.8852317, -20.7804564], [-42.8850259, -20.7803636], [-42.8848418, -20.7802774], [-42.8846639, -20.7801909], [-42.8844262, -20.7797569]]}}, {"type": "Feature", "properties": {"osm_id": 379568441, "highway": "residential", "name": "Travessa Maria Rodrigues Freitas"}, "geometry": {"type": "LineString", "coordinates": [[-42.8853813, -20.7809523], [-42.8854088, -20.7809567], [-42.8854255, -20.7809511], [-42.8854446, -20.7809385], [-42.8854584, -20.780916], [-42.8854711, -20.780879], [-42.8854899, -20.7807605], [-42.8855104, -20.780586]]}}, {"type": "Feature", "properties": {"osm_id": 379576775, "highway": "tertiary", "name": ""}, "geometry": {"type": "LineString", "coordinates": [[-42.9038201, -20.7728227], [-42.9039006, -20.7728196], [-42.904083, -20.7728265], [-42.9041447, -20.7728252], [-42.904553, -20.7728252]]}}, {"type": "Feature", "properties": {"osm_id": 379576777, "highway": "tertiary", "name": "Rua José Oliveira Andrade"}, "geometry": {"type": "LineString", "coordinates": [[-42.904553, -20.7728252], [-42.9047053, -20.7728509], [-42.9048042, -20.7729019], [-42.9048628, -20.7729682], [-42.9049017, -20.7730252], [-42.9049467, -20.7731694], [-42.9049695, -20.7733588], [-42.9050137, -20.7737538]]}}, {"type": "Feature", "properties": {"osm_id": 379576781, "highway": "tertiary", "name": "Rua Luciana Monteiro Fonseca"}, "geometry": {"type": "LineString", "coordinates": [[-42.9052544, -20.7733418], [-42.905294, -20.7732585], [-42.9053497, -20.7731418], [-42.9053973, -20.7730164], [-42.9054616, -20.7728359], [-42.9055528, -20.7726741], [-42.9056253, -20.7725876], [-42.9057748, -20.772518], [-42.9059203, -20.7724873], [-42.9060765, -20.7724967]]}}, {"type": "Feature", "properties": {"osm_id": 379576784, "highway": "tertiary", "name": ""}, "geometry": {"type": "LineString", "coordinates": [[-42.9052544, -20.7733418], [-42.9052146, -20.7733365], [-42.9051635, -20.7733178], [-42.9051065, -20.7732929], [-42.9050551, -20.7732655], [-42.9049467, -20.7731694]]}}, {"type": "Feature", "properties": {"osm_id": 379576787, "highway": "residential", "name": "Rua Bernardina Xavier"}, "geometry": {"type": "LineString", "coordinates": [[-42.9060765, -20.7724967], [-42.9066324, -20.7727694], [-42.907417, -20.7731224], [-42.9082537, -20.7735089], [-42.9092676, -20.7739653], [-42.9096753, -20.7741509]]}}, {"type": "Feature", "properties": {"osm_id": 379577935, "highway": "residential", "name": "Rua José Rocha Filho"}, "geometry": {"type": "LineString", "coordinates": [[-42.8970677, -20.7729149], [-42.8970824, -20.7730992], [-42.8971146, -20.7733713], [-42.8972192, -20.7738139], [-42.8972192, -20.7739356], [-42.897179, -20.7740259], [-42.8969912, -20.7741989], [-42.8967941, -20.7744271], [-42.896715, -20.774545], [-42.8966533, -20.774624], [-42.8965594, -20.7747092], [-42.8964427, -20.7747707], [-42.8962067, -20.774792], [-42.8959968, -20.774745], [-42.8959546, -20.7747293], [-42.8958097, -20.7746622], [-42.8956769, -20.7745876], [-42.8955931, -20.7745506], [-42.8954832, -20.774528], [-42.8953162, -20.774518], [-42.8951613, -20.774523], [-42.8950748, -20.7745061], [-42.8949856, -20.7744509], [-42.894942, -20.7743443], [-42.8949253, -20.7741926], [-42.8949447, -20.7738616], [-42.8950265, -20.7734478], [-42.8951063, -20.7732672], [-42.895119, -20.773202], [-42.8951103, -20.7731387], [-42.8950647, -20.7730885], [-42.8949177, -20.7729672], [-42.8947563, -20.7727613], [-42.8946181, -20.7725525], [-42.8946054, -20.7724378], [-42.8946322, -20.7723211], [-42.894704, -20.7722578], [-42.8948039, -20.7722509], [-42.8949219, -20.7722716], [-42.8951197, -20.7723268], [-42.8952927, -20.7723606], [-42.8955616, -20.7724108], [-42.8959378, -20.772476], [-42.8960887, -20.7724716], [-42.8962107, -20.7724371], [-42.8963911, -20.7723299], [-42.8964447, -20.7722516], [-42.8964937, -20.7721462]]}}, {"type": "Feature", "properties": {"osm_id": 379577936, "highway": "residential", "name": "Rua David Salomão"}, "geometry": {"type": "LineString", "coordinates": [[-42.8965031, -20.7732045], [-42.8966129, -20.7733584], [-42.8966861, -20.7735375], [-42.8967243, -20.7736973], [-42.8967498, -20.7738842], [-42.8967941, -20.7744271]]}}, {"type": "Feature", "properties": {"osm_id": 379584795, "highway": "residential", "name": "Rua Boa Vista"}, "geometry": {"type": "LineString", "coordinates": [[-42.8792437, -20.7295053], [-42.8793618, -20.7294871], [-42.8795037, -20.7294651], [-42.8799415, -20.7294372], [-42.8801611, -20.7294277], [-42.8802462, -20.7294334], [-42.8810119, -20.7295803], [-42.8811074, -20.7295904], [-42.8812784, -20.7295501], [-42.8822258, -20.7290487], [-42.8824061, -20.7289608], [-42.8824923, -20.7289392], [-42.8826017, -20.7289219], [-42.8827234, -20.7289219], [-42.8828786, -20.7289416], [-42.8833103, -20.7290054], [-42.8842362, -20.7290732], [-42.8845751, -20.7291726], [-42.8847091, -20.7292388], [-42.88476, -20.7292922], [-42.8847939, -20.7293556], [-42.8847892, -20.7294348], [-42.884743, -20.7295371], [-42.8846752, -20.7296221], [-42.8845797, -20.7296913], [-42.8844965, -20.7297518], [-42.8840729, -20.7299304], [-42.8839073, -20.7300186]]}}, {"type": "Feature", "properties": {"osm_id": 379584796, "highway": "residential", "name": "Rua Benjamin de Oliveira"}, "geometry": {"type": "LineString", "coordinates": [[-42.8857571, -20.7326915], [-42.8872001, -20.73226], [-42.8879511, -20.7320995], [-42.8880852, -20.7319741], [-42.8883052, -20.7316981], [-42.8885412, -20.7315326], [-42.8886788, -20.7314604], [-42.8888189, -20.7314013], [-42.8890119, -20.7313387]]}}, {"type": "Feature", "properties": {"osm_id": 379584797, "highway": "residential", "name": ""}, "geometry": {"type": "LineString", "coordinates": [[-42.8905808, -20.7331677], [-42.8895862, -20.7327408], [-42.8894921, -20.7327344], [-42.8893472, -20.7328018], [-42.8889148, -20.7331599]]}}, {"type": "Feature", "properties": {"osm_id": 379584798, "highway": "residential", "name": ""}, "geometry": {"type": "LineString", "coordinates": [[-42.8891267, -20.7327332], [-42.8887814, -20.732961]]}}, {"type": "Feature", "properties": {"osm_id": 382285502, "highway": "residential", "name": "Rua Santa Bárbara"}, "geometry": {"type": "LineString", "coordinates": [[-42.8895755, -20.7744928], [-42.8893992, -20.774644]]}}, {"type": "Feature", "properties": {"osm_id": 382288122, "highway": "residential", "name": "Rua Carlos Pinto"}, "geometry": {"type": "LineString", "coordinates": [[-42.8816691, -20.7559988], [-42.8822038, -20.7554634], [-42.8827321, -20.7549242], [-42.8828319, -20.7548745]]}}, {"type": "Feature", "properties": {"osm_id": 382288124, "highway": "residential", "name": "Rua Doutor Raimundo Alves Torres"}, "geometry": {"type": "LineString", "coordinates": [[-42.8828319, -20.7548745], [-42.8829385, -20.7549097], [-42.883031, -20.7550596], [-42.8831635, -20.7553275], [-42.8833504, -20.7556082], [-42.8835454, -20.7559932], [-42.8836473, -20.7561437], [-42.8839286, -20.7563905], [-42.8841228, -20.7565835], [-42.8841628, -20.7566325], [-42.8841659, -20.7566844], [-42.884132, -20.7567218], [-42.8840673, -20.7567477], [-42.8839656, -20.7567794], [-42.8837715, -20.7568371], [-42.8836514, -20.7568515], [-42.8835824, -20.7568355]]}}, {"type": "Feature", "properties": {"osm_id": 382288126, "highway": "residential", "name": "Rua Antônio S. Gomide"}, "geometry": {"type": "LineString", "coordinates": [[-42.8835824, -20.7568355], [-42.8835346, -20.756791], [-42.8835007, -20.7567362], [-42.8833131, -20.7563639]]}}, {"type": "Feature", "properties": {"osm_id": 382288128, "highway": "residential", "name": "Travessa Dona Sinhá"}, "geometry": {"type": "LineString", "coordinates": [[-42.8845264, -20.7573842], [-42.8841995, -20.7572172]]}}, {"type": "Feature", "properties": {"osm_id": 382288129, "highway": "residential", "name": "Travessa Joana D'Arc"}, "geometry": {"type": "LineString", "coordinates": [[-42.8847683, -20.7577984], [-42.8845258, -20.7581765]]}}, {"type": "Feature", "properties": {"osm_id": 382288131, "highway": "residential", "name": "Travessa Joana D'Arc"}, "geometry": {"type": "LineString", "coordinates": [[-42.8845258, -20.7581765], [-42.8844069, -20.758122], [-42.8841425, -20.7579437]]}}, {"type": "Feature", "properties": {"osm_id": 382288133, "highway": "residential", "name": "Travessa Joana D'Arc"}, "geometry": {"type": "LineString", "coordinates": [[-42.8846715, -20.7584349], [-42.8843291, -20.7582335], [-42.8844069, -20.758122]]}}, {"type": "Feature", "properties": {"osm_id": 382291528, "highway": "residential", "name": "Rua Irineu Tomaz de Paula"}, "geometry": {"type": "LineString", "coordinates": [[-42.873711, -20.7372089], [-42.873802, -20.7379205]]}}, {"type": "Feature", "properties": {"osm_id": 382291531, "highway": "residential", "name": "Rua Luís Antônio Vieira"}, "geometry": {"type": "LineString", "coordinates": [[-42.8713952, -20.7355481], [-42.8710402, -20.7360179]]}}, {"type": "Feature", "properties": {"osm_id": 382292422, "highway": "residential", "name": "Travessa João de Souza Pimentel"}, "geometry": {"type": "LineString", "coordinates": [[-42.8773594, -20.7339684], [-42.8771539, -20.7340777], [-42.8770686, -20.7341337], [-42.876981, -20.7341956], [-42.8768464, -20.7343094]]}}, {"type": "Feature", "properties": {"osm_id": 382302663, "highway": "residential", "name": "Rua Pero Vaz Caminha"}, "geometry": {"type": "LineString", "coordinates": [[-42.8647202, -20.7298302], [-42.8647233, -20.7292483], [-42.8647256, -20.728611], [-42.8647658, -20.7277694]]}}, {"type": "Feature", "properties": {"osm_id": 382427721, "highway": "residential", "name": "Rua José de Castro"}, "geometry": {"type": "LineString", "coordinates": [[-42.8811995, -20.7768123], [-42.8810664, -20.7768981], [-42.8809207, -20.7770098], [-42.8808518, -20.7770581], [-42.8807772, -20.7770914], [-42.8806749, -20.7771418], [-42.8805867, -20.7771667], [-42.8805483, -20.7771738], [-42.8804975, -20.7771676], [-42.880435, -20.7771815], [-42.8803342, -20.7772426], [-42.8802353, -20.777312], [-42.8801873, -20.7773555], [-42.8801653, -20.7774293], [-42.8800137, -20.7775353], [-42.8799059, -20.7776059]]}}, {"type": "Feature", "properties": {"osm_id": 382427722, "highway": "residential", "name": "Travessa José de Castro"}, "geometry": {"type": "LineString", "coordinates": [[-42.8805483, -20.7771738], [-42.8806077, -20.7772448], [-42.880658, -20.7773008], [-42.8806925, -20.777375], [-42.8807792, -20.777498], [-42.8808075, -20.7775752], [-42.8808333, -20.7776103], [-42.8808563, -20.7776348], [-42.8808922, -20.7776555], [-42.8809191, -20.7776802], [-42.8809252, -20.7777181], [-42.8809101, -20.7777372], [-42.8808102, -20.7778444]]}}, {"type": "Feature", "properties": {"osm_id": 382427723, "highway": "residential", "name": "Travessa João Gregório dos Santos"}, "geometry": {"type": "LineString", "coordinates": [[-42.8806854, -20.7777194], [-42.8805769, -20.7778273], [-42.8804587, -20.7779499]]}}, {"type": "Feature", "properties": {"osm_id": 382427725, "highway": "residential", "name": ""}, "geometry": {"type": "LineString", "coordinates": [[-42.8759383, -20.7831448], [-42.8760233, -20.7837281], [-42.8760549, -20.7840607], [-42.8760556, -20.7842775], [-42.8760166, -20.7845914], [-42.8759813, -20.7851447]]}}, {"type": "Feature", "properties": {"osm_id": 382427726, "highway": "residential", "name": "Rua Alexandre Ferreira Silva"}, "geometry": {"type": "LineString", "coordinates": [[-42.9061862, -20.7723108], [-42.9063052, -20.7723224], [-42.906904, -20.7724001], [-42.9071347, -20.7724585], [-42.9072721, -20.7724898], [-42.9074264, -20.7725048], [-42.9076443, -20.7725237], [-42.9082176, -20.7725926], [-42.9084414, -20.7726512], [-42.9086507, -20.772606], [-42.9087633, -20.7725709], [-42.9089725, -20.7726462], [-42.909171, -20.7727515], [-42.9095626, -20.7731076]]}}, {"type": "Feature", "properties": {"osm_id": 382427727, "highway": "residential", "name": "Travessa Franklin Martins"}, "geometry": {"type": "LineString", "coordinates": [[-42.8869337, -20.7659479], [-42.8865581, -20.7663106]]}}, {"type": "Feature", "properties": {"osm_id": 382427728, "highway": "residential", "name": ""}, "geometry": {"type": "LineString", "coordinates": [[-42.8891297, -20.7486846], [-42.8887045, -20.7489304]]}}, {"type": "Feature", "properties": {"osm_id": 382427729, "highway": "residential", "name": ""}, "geometry": {"type": "LineString", "coordinates": [[-42.8903279, -20.750853], [-42.8905385, -20.7512926]]}}, {"type": "Feature", "properties": {"osm_id": 382434405, "highway": "residential", "name": ""}, "geometry": {"type": "LineString", "coordinates": [[-42.8538613, -20.7223708], [-42.8537513, -20.7224787], [-42.8535777, -20.7226624], [-42.8535267, -20.7227001], [-42.8534791, -20.7227226], [-42.853408, -20.7227383], [-42.8533116, -20.7231834], [-42.853227, -20.723324], [-42.8531264, -20.7235398], [-42.8530633, -20.7237606], [-42.8530258, -20.7238458], [-42.8530392, -20.7238835], [-42.8530607, -20.7239513]]}}, {"type": "Feature", "properties": {"osm_id": 382434406, "highway": "service", "name": ""}, "geometry": {"type": "LineString", "coordinates": [[-42.8530844, -20.7208211], [-42.85278, -20.7209646], [-42.8524008, -20.7211716]]}}, {"type": "Feature", "properties": {"osm_id": 382434407, "highway": "residential", "name": "Condominio Sem domínio"}, "geometry": {"type": "LineString", "coordinates": [[-42.8562997, -20.7271035], [-42.8560701, -20.7273881], [-42.8560178, -20.7274357], [-42.8559414, -20.7274671], [-42.8558502, -20.7274746], [-42.8554988, -20.7274056], [-42.8549717, -20.7272702], [-42.8549369, -20.7272739], [-42.8549094, -20.7272846], [-42.8548819, -20.7273116], [-42.8548658, -20.7273567]]}}, {"type": "Feature", "properties": {"osm_id": 382434408, "highway": "unclassified", "name": "Rua da Violeira"}, "geometry": {"type": "LineString", "coordinates": [[-42.8531921, -20.726771], [-42.8531676, -20.7266449], [-42.8531518, -20.726533], [-42.8531138, -20.7263723], [-42.8530702, -20.7263013], [-42.853011, -20.7262396], [-42.852857, -20.726124], [-42.8525446, -20.7259258], [-42.8523847, -20.7258127], [-42.8522292, -20.7257173], [-42.8520602, -20.7256571], [-42.8517973, -20.7255869], [-42.8516135, -20.7255626], [-42.8515694, -20.7255568], [-42.8514004, -20.7255442], [-42.8512644, -20.7255067], [-42.8510624, -20.7254163], [-42.850703, -20.7251178], [-42.8504179, -20.7249451], [-42.8503349, -20.724812], [-42.8501912, -20.7246461], [-42.8500395, -20.724316], [-42.8499945, -20.7241519], [-42.8499514, -20.7239087], [-42.8499019, -20.7233111], [-42.8498721, -20.7232138], [-42.8498393, -20.7231069], [-42.8497682, -20.7229201], [-42.8496057, -20.7225164], [-42.8495448, -20.7223819], [-42.8494991, -20.7223249], [-42.8494196, -20.7222536], [-42.8492571, -20.7221064], [-42.8490371, -20.7218816], [-42.848905, -20.7217328], [-42.8487866, -20.721611], [-42.8486781, -20.7215092], [-42.8486591, -20.7213477], [-42.8486273, -20.7211383], [-42.8486189, -20.7209358], [-42.848619, -20.7207846], [-42.8486004, -20.7207197], [-42.8485649, -20.7206802], [-42.8484988, -20.7206358], [-42.8483956, -20.7205883], [-42.8482873, -20.7205646], [-42.848206, -20.720544], [-42.8481045, -20.7205092], [-42.8479809, -20.7204348], [-42.8478574, -20.7203825], [-42.8472396, -20.720229], [-42.8468842, -20.7201483], [-42.8466642, -20.7201008], [-42.8465559, -20.7200754], [-42.846478, -20.7200422], [-42.8461649, -20.7197953], [-42.8459923, -20.7196718], [-42.8456927, -20.7194723]]}}, {"type": "Feature", "properties": {"osm_id": 382434409, "highway": "residential", "name": ""}, "geometry": {"type": "LineString", "coordinates": [[-42.8495727, -20.7209738], [-42.8498047, -20.7212127], [-42.8499278, -20.7213816], [-42.8500352, -20.7215564], [-42.8501365, -20.7217822], [-42.8502159, -20.7219585], [-42.8502579, -20.7221129], [-42.8502688, -20.7222119], [-42.8502611, -20.7222833], [-42.850233, -20.7223751], [-42.8501785, -20.7225062], [-42.8500524, -20.7227509], [-42.8499465, -20.7229737], [-42.8498721, -20.7232138]]}}, {"type": "Feature", "properties": {"osm_id": 382434410, "highway": "residential", "name": ""}, "geometry": {"type": "LineString", "coordinates": [[-42.8479809, -20.7204348], [-42.8477195, -20.720168], [-42.8475428, -20.7200161], [-42.8473866, -20.7198873], [-42.8472448, -20.7197989], [-42.847138, -20.7197201], [-42.8470948, -20.7196567], [-42.8470516, -20.7195433], [-42.8470147, -20.7194279]]}}, {"type": "Feature", "properties": {"osm_id": 382434413, "highway": "residential", "name": ""}, "geometry": {"type": "LineString", "coordinates": [[-42.8502859, -20.7290655], [-42.8497811, -20.7285344], [-42.8495822, -20.7283537], [-42.8493968, -20.7281964], [-42.8492591, -20.7280569], [-42.8491444, -20.72798], [-42.8490316, -20.7279192], [-42.8488709, -20.7278763], [-42.8486013, -20.7278369], [-42.8481654, -20.7278512], [-42.8477638, -20.7279335], [-42.8475306, -20.72798], [-42.847412, -20.72798], [-42.8473527, -20.7279603], [-42.8473011, -20.7279138], [-42.8472361, -20.7278119], [-42.8471749, -20.7277457], [-42.8470861, -20.7276508], [-42.8469846, -20.7275037], [-42.8469415, -20.7273637], [-42.8469567, -20.7272522], [-42.8469821, -20.7270671], [-42.8469567, -20.7269271], [-42.8468857, -20.7268298], [-42.8467741, -20.7267823], [-42.8464696, -20.7267206], [-42.8463529, -20.7266708], [-42.8462869, -20.7265972], [-42.8462108, -20.726443], [-42.846122, -20.7262033], [-42.8460586, -20.72608], [-42.8459622, -20.7259827], [-42.8458404, -20.7259115], [-42.8456045, -20.7258142], [-42.8453051, -20.725762], [-42.84521, -20.7257312], [-42.8451301, -20.7256827], [-42.8450351, -20.7255817], [-42.8449962, -20.7255009], [-42.8449832, -20.7254201], [-42.8449811, -20.725313], [-42.8449616, -20.7252261], [-42.844927, -20.7251473], [-42.8447348, -20.7247554], [-42.8446678, -20.724624], [-42.8446333, -20.724527], [-42.8446052, -20.7244745], [-42.844562, -20.72442], [-42.8445015, -20.7243674], [-42.8442747, -20.7241977], [-42.8441904, -20.724131], [-42.8441494, -20.7240846], [-42.8441343, -20.7240401], [-42.8441278, -20.7239755], [-42.8441278, -20.7237997]]}}, {"type": "Feature", "properties": {"osm_id": 382441084, "highway": "residential", "name": "Rua Nossa Senhora de Fátima"}, "geometry": {"type": "LineString", "coordinates": [[-42.8774168, -20.7612755], [-42.8773731, -20.7615514], [-42.8773452, -20.7618489], [-42.8772875, -20.7622159], [-42.8772298, -20.7626357]]}}, {"type": "Feature", "properties": {"osm_id": 382441086, "highway": "footway", "name": "Rua Ana Machado Cardoso"}, "geometry": {"type": "LineString", "coordinates": [[-42.8784087, -20.7609593], [-42.8784375, -20.7609662], [-42.8784582, -20.7609914], [-42.8786304, -20.761254]]}}, {"type": "Feature", "properties": {"osm_id": 382441088, "highway": "residential", "name": "Rua Francisco de Sales"}, "geometry": {"type": "LineString", "coordinates": [[-42.8772298, -20.7626357], [-42.8772099, -20.7626524], [-42.8771741, -20.7626578], [-42.8768688, -20.7626467], [-42.8766267, -20.7626482]]}}, {"type": "Feature", "properties": {"osm_id": 382441090, "highway": "residential", "name": "Rua Cabo Tomas"}, "geometry": {"type": "LineString", "coordinates": [[-42.8771437, -20.7587796], [-42.877161, -20.7588393], [-42.8771242, -20.7592938], [-42.8770973, -20.7597102], [-42.8770276, -20.7603121], [-42.8770115, -20.7606281], [-42.8769235, -20.7611756], [-42.8769149, -20.7615411], [-42.8769006, -20.7620141], [-42.876882, -20.7623933], [-42.8768688, -20.7626467]]}}, {"type": "Feature", "properties": {"osm_id": 382441092, "highway": "residential", "name": "Vila São Sebastião"}, "geometry": {"type": "LineString", "coordinates": [[-42.8788173, -20.7593458], [-42.8783048, -20.7596278]]}}, {"type": "Feature", "properties": {"osm_id": 382441094, "highway": "residential", "name": "Rua São José"}, "geometry": {"type": "LineString", "coordinates": [[-42.8781534, -20.7615694], [-42.8781476, -20.7615857], [-42.8781506, -20.7616042], [-42.8782908, -20.7618152], [-42.8783232, -20.7618583], [-42.8784154, -20.7619779], [-42.8784274, -20.7619847], [-42.8784435, -20.7619857], [-42.8786803, -20.7618371]]}}, {"type": "Feature", "properties": {"osm_id": 382441096, "highway": "residential", "name": "Rua Santo Antônio"}, "geometry": {"type": "LineString", "coordinates": [[-42.879811, -20.7609686], [-42.8794424, -20.7611968]]}}, {"type": "Feature", "properties": {"osm_id": 382441564, "highway": "residential", "name": "Rua José Silva Lima"}, "geometry": {"type": "LineString", "coordinates": [[-42.8917932, -20.7513659], [-42.8916603, -20.751554], [-42.8915732, -20.751707], [-42.8915115, -20.7518713], [-42.89149, -20.7519829], [-42.8915021, -20.752087], [-42.8915611, -20.752245], [-42.8917696, -20.7527197]]}}, {"type": "Feature", "properties": {"osm_id": 382441566, "highway": "residential", "name": "Rua Bernadino Francisco Costa"}, "geometry": {"type": "LineString", "coordinates": [[-42.8911051, -20.7506398], [-42.8910716, -20.7506642], [-42.8910247, -20.7506786], [-42.8908792, -20.7507038], [-42.8906719, -20.7507445], [-42.890572, -20.7507708], [-42.8904486, -20.7508116], [-42.8903279, -20.750853], [-42.8901972, -20.7508968], [-42.8899531, -20.7509834]]}}, {"type": "Feature", "properties": {"osm_id": 382442215, "highway": "residential", "name": "Rua G"}, "geometry": {"type": "LineString", "coordinates": [[-42.8827887, -20.7468737], [-42.8832167, -20.7469924], [-42.8836392, -20.7471157], [-42.8837693, -20.7471433], [-42.8839178, -20.7471668], [-42.8841515, -20.7471847], [-42.8842306, -20.7471859], [-42.8843031, -20.7471822], [-42.8843936, -20.7471771], [-42.8844546, -20.7471726], [-42.8846167, -20.7472251]]}}, {"type": "Feature", "properties": {"osm_id": 382442221, "highway": "residential", "name": "Rua Eurico Sales Tiburcio"}, "geometry": {"type": "LineString", "coordinates": [[-42.8864085, -20.7483535], [-42.8864113, -20.7483165], [-42.8864039, -20.7482896], [-42.8863846, -20.7482723], [-42.8862389, -20.7481999], [-42.8860612, -20.7481297], [-42.8859895, -20.7480996], [-42.8858386, -20.7480325], [-42.8857742, -20.7480068], [-42.8857266, -20.7479923], [-42.8856649, -20.7479836], [-42.8854859, -20.7479685], [-42.8853504, -20.7479522], [-42.8852096, -20.7479271]]}}, {"type": "Feature", "properties": {"osm_id": 382443856, "highway": "residential", "name": "Travessa Eurico Marangom"}, "geometry": {"type": "LineString", "coordinates": [[-42.8829993, -20.7478275], [-42.8829935, -20.7479886], [-42.8829908, -20.7480568], [-42.8829864, -20.748179]]}}, {"type": "Feature", "properties": {"osm_id": 382443857, "highway": "residential", "name": "Rua Eurico Marangom"}, "geometry": {"type": "LineString", "coordinates": [[-42.8829864, -20.748179], [-42.8829199, -20.7480357], [-42.8828972, -20.7479424], [-42.8827571, -20.7473497], [-42.8825853, -20.7464747], [-42.8825716, -20.7463398], [-42.8825757, -20.746219], [-42.8825971, -20.7460973], [-42.88264, -20.7459448], [-42.8827707, -20.7455769]]}}, {"type": "Feature", "properties": {"osm_id": 382445066, "highway": "trunk", "name": "Rua Francisco de Souza Fortes"}, "geometry": {"type": "LineString", "coordinates": [[-42.8906425, -20.7326006], [-42.8905628, -20.7325444], [-42.890488, -20.7325053], [-42.8893169, -20.7319565], [-42.8891936, -20.731924], [-42.8890756, -20.7319151], [-42.8889749, -20.7319302], [-42.8888972, -20.7319603], [-42.8888194, -20.7319854], [-42.8887456, -20.7320255], [-42.8886343, -20.7321535], [-42.8884788, -20.7323767], [-42.8883272, -20.7325975], [-42.88815, -20.7328335], [-42.8881012, -20.7328699], [-42.8880077, -20.7329241], [-42.8876774, -20.7330639], [-42.8870373, -20.7333381], [-42.8869449, -20.7333621], [-42.8868413, -20.733389], [-42.8859984, -20.7335202], [-42.8857503, -20.7335666]]}}, {"type": "Feature", "properties": {"osm_id": 382445067, "highway": "trunk", "name": "Rua José Edmar Amaral"}, "geometry": {"type": "LineString", "coordinates": [[-42.8958647, -20.7355095], [-42.8954449, -20.7356249], [-42.8949246, -20.7357728], [-42.8946456, -20.7358548], [-42.8944163, -20.7359221], [-42.8942755, -20.7359597], [-42.8941441, -20.7359949], [-42.8940086, -20.7360262], [-42.8938778, -20.7360413], [-42.8937374, -20.736035], [-42.8935741, -20.7360168], [-42.893503, -20.7360043], [-42.8934071, -20.7359817], [-42.8933206, -20.7359491], [-42.8931932, -20.7358876], [-42.8930524, -20.7357973], [-42.8928707, -20.7356355], [-42.8928117, -20.7355747], [-42.8926367, -20.7353841], [-42.8925797, -20.7353264], [-42.8925301, -20.7352736], [-42.8921814, -20.7348855], [-42.8921385, -20.7348433], [-42.8920123, -20.7347052], [-42.8919367, -20.7346274], [-42.8917037, -20.7343863], [-42.8916582, -20.7343361], [-42.8915799, -20.7342491], [-42.8913926, -20.7340251], [-42.891244, -20.7338592], [-42.8911873, -20.7337984], [-42.8909897, -20.7335853], [-42.8909292, -20.7334907], [-42.890904, -20.7334136], [-42.8908607, -20.7331549], [-42.8908128, -20.7328743], [-42.8907867, -20.7327925], [-42.890736, -20.7326972], [-42.8906425, -20.7326006]]}}, {"type": "Feature", "properties": {"osm_id": 382445068, "highway": "residential", "name": "Avenida São João Batista"}, "geometry": {"type": "LineString", "coordinates": [[-42.8825821, -20.7414473], [-42.8825559, -20.7412466], [-42.8825301, -20.7411346], [-42.8824992, -20.7410543], [-42.8824317, -20.7409506], [-42.8822044, -20.7405775], [-42.8820986, -20.7403919], [-42.881694, -20.7395985], [-42.8816235, -20.7394088], [-42.8815626, -20.7391914], [-42.8815159, -20.7389381], [-42.8814972, -20.7385275], [-42.8814762, -20.7381293], [-42.8814464, -20.7376568], [-42.8814373, -20.7371812], [-42.8814324, -20.7369996], [-42.8814279, -20.7368337], [-42.8813945, -20.7364223]]}}, {"type": "Feature", "properties": {"osm_id": 382447963, "highway": "residential", "name": "Rua José Basílio Figueiredo Júnior"}, "geometry": {"type": "LineString", "coordinates": [[-42.8785915, -20.7393434], [-42.8787015, -20.7396344], [-42.8787953, -20.7398777], [-42.8788437, -20.7400721], [-42.8789026, -20.74056], [-42.8789145, -20.7407533], [-42.8789187, -20.7410767], [-42.8789429, -20.7415157], [-42.8789589, -20.7419346], [-42.8789884, -20.7425993], [-42.8790387, -20.7428746]]}}, {"type": "Feature", "properties": {"osm_id": 382449360, "highway": "residential", "name": "Travessa Francisco Vieira Silva"}, "geometry": {"type": "LineString", "coordinates": [[-42.8766157, -20.7364367], [-42.876214, -20.7372467]]}}, {"type": "Feature", "properties": {"osm_id": 382449361, "highway": "residential", "name": "Rua João Pinheiro de Freitas"}, "geometry": {"type": "LineString", "coordinates": [[-42.8734924, -20.7373344], [-42.8733106, -20.737204], [-42.8731772, -20.737071], [-42.8730049, -20.7368603], [-42.8728801, -20.7367018], [-42.8726897, -20.7365953], [-42.8725885, -20.7365668], [-42.8722874, -20.7364769], [-42.8720982, -20.736421], [-42.8718998, -20.7363655], [-42.8714412, -20.7362416], [-42.8713332, -20.7362093], [-42.871246, -20.7361755], [-42.8710402, -20.7360179], [-42.870671, -20.7357399], [-42.8704416, -20.7355535], [-42.87028, -20.7354113]]}}, {"type": "Feature", "properties": {"osm_id": 382451615, "highway": "tertiary", "name": "Rua da Violeira"}, "geometry": {"type": "LineString", "coordinates": [[-42.8616357, -20.728172], [-42.8611529, -20.7282335], [-42.8608015, -20.7282561], [-42.8605574, -20.728236], [-42.8599904, -20.7280633], [-42.8595328, -20.7278823], [-42.8593585, -20.7278371], [-42.8586826, -20.7277493], [-42.8584787, -20.7276916], [-42.8580872, -20.7274947]]}}, {"type": "Feature", "properties": {"osm_id": 382451616, "highway": "residential", "name": "Rua Olinda Martins Dantonino"}, "geometry": {"type": "LineString", "coordinates": [[-42.8631952, -20.7274052], [-42.8632826, -20.7275737], [-42.8633912, -20.7278158], [-42.8634059, -20.7278835], [-42.8634046, -20.7279337], [-42.8633805, -20.7279901], [-42.8633215, -20.7280679], [-42.863013, -20.7283363], [-42.8629419, -20.7283589], [-42.862895, -20.7283652], [-42.8628293, -20.7283602], [-42.8627649, -20.7283313], [-42.8626657, -20.7282071], [-42.8625356, -20.7280717], [-42.8625067, -20.7280297], [-42.862494, -20.7279858], [-42.8624903, -20.7279447], [-42.8624953, -20.7279111], [-42.8625114, -20.7278823], [-42.8627541, -20.7277181], [-42.8631166, -20.7274562]]}}, {"type": "Feature", "properties": {"osm_id": 382451618, "highway": "residential", "name": ""}, "geometry": {"type": "LineString", "coordinates": [[-42.863054, -20.7273526], [-42.8630685, -20.7273341], [-42.8630886, -20.7273208], [-42.8631122, -20.7273142], [-42.8631367, -20.727315], [-42.8631598, -20.727323], [-42.8631789, -20.7273375], [-42.8631926, -20.7273578], [-42.8631982, -20.7273813], [-42.8631952, -20.7274052], [-42.8631839, -20.7274268], [-42.8631655, -20.7274437], [-42.8631422, -20.7274539], [-42.8631166, -20.7274562], [-42.8630916, -20.7274505], [-42.8630701, -20.7274374], [-42.863055, -20.7274192], [-42.8630468, -20.7273975], [-42.8630465, -20.7273745], [-42.863054, -20.7273526]]}}, {"type": "Feature", "properties": {"osm_id": 382453003, "highway": "residential", "name": "Rua Conceição Igresia"}, "geometry": {"type": "LineString", "coordinates": [[-42.8842403, -20.7276364], [-42.8838869, -20.7274991], [-42.8836817, -20.7274449], [-42.8834405, -20.7274185], [-42.8830333, -20.7274024], [-42.8828218, -20.7274346], [-42.8825587, -20.7275035], [-42.882341, -20.7275987], [-42.8821614, -20.7276593]]}}, {"type": "Feature", "properties": {"osm_id": 387339541, "highway": "residential", "name": "Rua Maria Geralda Paranhos"}, "geometry": {"type": "LineString", "coordinates": [[-42.879661, -20.7640307], [-42.8803218, -20.7637174], [-42.880413, -20.7636676], [-42.8810725, -20.7632933], [-42.881206, -20.7632178]]}}, {"type": "Feature", "properties": {"osm_id": 387339545, "highway": "footway", "name": ""}, "geometry": {"type": "LineString", "coordinates": [[-42.8802736, -20.7641475], [-42.8802513, -20.7640702]]}}, {"type": "Feature", "properties": {"osm_id": 387409793, "highway": "service", "name": ""}, "geometry": {"type": "LineString", "coordinates": [[-42.8843027, -20.753812], [-42.8842396, -20.7537792], [-42.8841936, -20.7537554], [-42.8840373, -20.7536743], [-42.8837851, -20.7535436]]}}, {"type": "Feature", "properties": {"osm_id": 387409794, "highway": "service", "name": ""}, "geometry": {"type": "LineString", "coordinates": [[-42.8841936, -20.7537554], [-42.8841445, -20.7538471], [-42.8840962, -20.7538822], [-42.8840318, -20.7538671], [-42.8839916, -20.7538094], [-42.8839996, -20.7537442], [-42.8840373, -20.7536743]]}}, {"type": "Feature", "properties": {"osm_id": 387409795, "highway": "service", "name": ""}, "geometry": {"type": "LineString", "coordinates": [[-42.8842396, -20.7537792], [-42.884475, -20.7533282]]}}, {"type": "Feature", "properties": {"osm_id": 387409797, "highway": "residential", "name": "Rua Arthur Lehner de Souza"}, "geometry": {"type": "LineString", "coordinates": [[-42.8951593, -20.7505432], [-42.8953973, -20.7504053], [-42.8954476, -20.750384], [-42.8954932, -20.7503871], [-42.8955321, -20.7504178], [-42.8957547, -20.7507251], [-42.895909, -20.7509822], [-42.8961457, -20.7513985], [-42.8961705, -20.7514581], [-42.8961732, -20.7515152], [-42.8961544, -20.7515659], [-42.8961182, -20.7516224], [-42.8960786, -20.7516876]]}}, {"type": "Feature", "properties": {"osm_id": 387409798, "highway": "residential", "name": "Rua Aníbal Pereira Santiago"}, "geometry": {"type": "LineString", "coordinates": [[-42.8958686, -20.7517376], [-42.8957695, -20.7515214], [-42.8956823, -20.7513408], [-42.89552, -20.7510662], [-42.8953537, -20.7508028], [-42.8951593, -20.7505432], [-42.8949313, -20.7502096], [-42.8948414, -20.7500654], [-42.8947824, -20.7499695], [-42.8947127, -20.7498823], [-42.894645, -20.749819], [-42.8945725, -20.7497657]]}}, {"type": "Feature", "properties": {"osm_id": 387409799, "highway": "tertiary", "name": ""}, "geometry": {"type": "LineString", "coordinates": [[-42.8862181, -20.7438537], [-42.8863563, -20.7438461], [-42.8864904, -20.7438499], [-42.8866379, -20.7438624], [-42.8868069, -20.7438624], [-42.8869772, -20.7438286], [-42.8871569, -20.7437358], [-42.8873554, -20.7435903], [-42.8876075, -20.7433645], [-42.8878597, -20.7430836], [-42.8881279, -20.7426798], [-42.8885235, -20.7420326], [-42.8887917, -20.7415623], [-42.8889097, -20.7413861], [-42.8889982, -20.7413177], [-42.8891136, -20.741292], [-42.8892356, -20.7413089], [-42.8893523, -20.7413854], [-42.8894355, -20.7415057], [-42.8897104, -20.7419824], [-42.8900658, -20.742533], [-42.8901851, -20.742681], [-42.8903313, -20.7428089], [-42.8905298, -20.7429394], [-42.8912231, -20.7432861], [-42.8913331, -20.7433564], [-42.8914022, -20.7434216], [-42.8914652, -20.7435025], [-42.8915376, -20.7436066], [-42.8916067, -20.7436925], [-42.8916758, -20.7437521], [-42.8917629, -20.7438022], [-42.8919822, -20.7438975], [-42.8923215, -20.7440618], [-42.892583, -20.7442023], [-42.8927815, -20.7443679], [-42.8929411, -20.7445735], [-42.8930564, -20.7448018], [-42.8931865, -20.7450802], [-42.8933528, -20.745474], [-42.8935218, -20.7458076], [-42.8936747, -20.746081], [-42.8938732, -20.746451], [-42.8939375, -20.7466241], [-42.8939617, -20.7467896], [-42.8939898, -20.7470731], [-42.8940301, -20.7474945], [-42.894073, -20.747887], [-42.8941092, -20.748262], [-42.8941213, -20.7485341], [-42.8941414, -20.7487423], [-42.8941856, -20.748938], [-42.8942393, -20.7491085], [-42.8944257, -20.7495656], [-42.894475, -20.7496641], [-42.8945226, -20.7497262], [-42.8945725, -20.7497657]]}}, {"type": "Feature", "properties": {"osm_id": 387409800, "highway": "residential", "name": "Rua Sargento Guido"}, "geometry": {"type": "LineString", "coordinates": [[-42.8957547, -20.7507251], [-42.8960258, -20.7505433]]}}, {"type": "Feature", "properties": {"osm_id": 387409814, "highway": "service", "name": ""}, "geometry": {"type": "LineString", "coordinates": [[-42.8740041, -20.7554828], [-42.8743835, -20.755265]]}}, {"type": "Feature", "properties": {"osm_id": 387409837, "highway": "service", "name": ""}, "geometry": {"type": "LineString", "coordinates": [[-42.8714972, -20.7540803], [-42.8713692, -20.7544015], [-42.8713629, -20.7544378], [-42.8713599, -20.754478], [-42.8713611, -20.7545255], [-42.8713809, -20.7545609], [-42.8716634, -20.7546657]]}}, {"type": "Feature", "properties": {"osm_id": 387410695, "highway": "service", "name": ""}, "geometry": {"type": "LineString", "coordinates": [[-42.8749614, -20.7619863], [-42.8749568, -20.7619382], [-42.8749708, -20.7618465], [-42.8750128, -20.7617854], [-42.8754658, -20.7614404], [-42.8754798, -20.7616151], [-42.8749614, -20.7619863]]}}, {"type": "Feature", "properties": {"osm_id": 387410697, "highway": "footway", "name": ""}, "geometry": {"type": "LineString", "coordinates": [[-42.8764912, -20.7617514], [-42.8760487, -20.7618493]]}}, {"type": "Feature", "properties": {"osm_id": 387413878, "highway": "residential", "name": "Rua Vereador Chiquito Izidoro"}, "geometry": {"type": "LineString", "coordinates": [[-42.8959458, -20.7553832], [-42.8959686, -20.7554009], [-42.8959787, -20.7554229], [-42.8959773, -20.7554593], [-42.8959285, -20.7556514]]}}, {"type": "Feature", "properties": {"osm_id": 387413879, "highway": "residential", "name": "Rua Vereador Euter Paniago"}, "geometry": {"type": "LineString", "coordinates": [[-42.8959285, -20.7556514], [-42.895913, -20.7556712], [-42.8958794, -20.75569], [-42.8955524, -20.7556881], [-42.8951868, -20.7556988], [-42.8948325, -20.7556882], [-42.8944641, -20.7556771], [-42.8940951, -20.755666], [-42.8937736, -20.7556569], [-42.8934044, -20.7556485], [-42.8931034, -20.7556298], [-42.8930799, -20.7556191], [-42.8930712, -20.7556016], [-42.89307, -20.7555776]]}}, {"type": "Feature", "properties": {"osm_id": 387413880, "highway": "residential", "name": "Rua Vereador José Chequer"}, "geometry": {"type": "LineString", "coordinates": [[-42.89307, -20.7555776], [-42.8931732, -20.7553589], [-42.8932375, -20.7552862], [-42.8934153, -20.7552298], [-42.8937719, -20.7551293], [-42.8941135, -20.7550399], [-42.8944756, -20.7549143], [-42.894861, -20.7550718], [-42.8951978, -20.7551866], [-42.8955544, -20.7553034], [-42.8958098, -20.7553489], [-42.8959458, -20.7553832]]}}, {"type": "Feature", "properties": {"osm_id": 387413883, "highway": "tertiary", "name": "Rua Ezequiel Pinto"}, "geometry": {"type": "LineString", "coordinates": [[-42.8944318, -20.7546878], [-42.8947553, -20.7547787], [-42.8951093, -20.7549111], [-42.8955832, -20.7550509], [-42.8957937, -20.7550892], [-42.896181, -20.7551615]]}}, {"type": "Feature", "properties": {"osm_id": 387455620, "highway": "secondary", "name": "Avenida Peter Henry Rolfs"}, "geometry": {"type": "LineString", "coordinates": [[-42.875263, -20.7574035], [-42.8750816, -20.7574738], [-42.8749394, -20.7575094], [-42.8748259, -20.7575077], [-42.8746604, -20.7574773], [-42.8745385, -20.7574202], [-42.8744289, -20.7573614], [-42.8743028, -20.757323], [-42.8741676, -20.7573134], [-42.8740386, -20.757318], [-42.8739139, -20.7573531], [-42.8738009, -20.7574232], [-42.873662, -20.7575116], [-42.8730796, -20.7579867], [-42.8726648, -20.7583243], [-42.8723548, -20.7585686], [-42.8723452, -20.7585762]]}}, {"type": "Feature", "properties": {"osm_id": 387455621, "highway": "service", "name": ""}, "geometry": {"type": "LineString", "coordinates": [[-42.8656719, -20.7632278], [-42.8660557, -20.7629257], [-42.8656513, -20.7625317], [-42.8656269, -20.7624189]]}}, {"type": "Feature", "properties": {"osm_id": 387748393, "highway": "trunk", "name": "Rua Francisco de Souza Fortes"}, "geometry": {"type": "LineString", "coordinates": [[-42.8800603, -20.737888], [-42.880208, -20.737634], [-42.8802918, -20.7374886], [-42.8803588, -20.7373921], [-42.8804272, -20.737313], [-42.8806123, -20.7371032]]}}, {"type": "Feature", "properties": {"osm_id": 387748395, "highway": "trunk", "name": "Rua Francisco de Souza Fortes"}, "geometry": {"type": "LineString", "coordinates": [[-42.8799735, -20.7380899], [-42.8800603, -20.737888]]}}, {"type": "Feature", "properties": {"osm_id": 387748397, "highway": "residential", "name": "Rua Maria de Castro Silva"}, "geometry": {"type": "LineString", "coordinates": [[-42.8825258, -20.7417974], [-42.8825429, -20.7415802]]}}, {"type": "Feature", "properties": {"osm_id": 387748398, "highway": "residential", "name": "Rua Maria de Castro Silva"}, "geometry": {"type": "LineString", "coordinates": [[-42.8825429, -20.7415802], [-42.8825583, -20.7415184], [-42.8825821, -20.7414473]]}}, {"type": "Feature", "properties": {"osm_id": 387748400, "highway": "residential", "name": "Rua Antônio Camilo Lelis"}, "geometry": {"type": "LineString", "coordinates": [[-42.8818251, -20.7432443], [-42.8817585, -20.7432821], [-42.8816812, -20.7433796], [-42.8816611, -20.7434197], [-42.881649, -20.7434636], [-42.8816235, -20.7437094], [-42.8816061, -20.743801], [-42.8815819, -20.7438975], [-42.8815256, -20.7440581], [-42.8813446, -20.7444306], [-42.8811769, -20.7447817], [-42.881126, -20.7448745], [-42.8810638, -20.7449509]]}}, {"type": "Feature", "properties": {"osm_id": 387748401, "highway": "residential", "name": "Rua Antônio Camilo Lelis"}, "geometry": {"type": "LineString", "coordinates": [[-42.8819646, -20.7431619], [-42.8818251, -20.7432443]]}}, {"type": "Feature", "properties": {"osm_id": 387748403, "highway": "residential", "name": "Rua Santa Cruz"}, "geometry": {"type": "LineString", "coordinates": [[-42.8816193, -20.7340163], [-42.881632, -20.7339637], [-42.8817125, -20.7337731], [-42.8818683, -20.7335699], [-42.881904, -20.7335138]]}}, {"type": "Feature", "properties": {"osm_id": 387748791, "highway": "service", "name": ""}, "geometry": {"type": "LineString", "coordinates": [[-42.8878689, -20.733512], [-42.8879244, -20.7334486], [-42.8880045, -20.733414], [-42.8880476, -20.7333737], [-42.8880599, -20.7333103], [-42.8880045, -20.73327], [-42.8878627, -20.7332527], [-42.8875978, -20.7332988], [-42.8873944, -20.7333507], [-42.8871603, -20.733391], [-42.8868413, -20.733389]]}}, {"type": "Feature", "properties": {"osm_id": 387749399, "highway": "service", "name": ""}, "geometry": {"type": "LineString", "coordinates": [[-42.8888035, -20.7326342], [-42.8888198, -20.7325905]]}}, {"type": "Feature", "properties": {"osm_id": 387843965, "highway": "path", "name": ""}, "geometry": {"type": "LineString", "coordinates": [[-42.8811861, -20.7663187], [-42.8810614, -20.7669443], [-42.8810065, -20.7671284], [-42.8809222, -20.7672481], [-42.8808366, -20.7673501], [-42.8807655, -20.767495], [-42.880724, -20.7675868], [-42.8805966, -20.767685], [-42.8804055, -20.7677578], [-42.880244, -20.7678152], [-42.8801239, -20.7679126], [-42.8800304, -20.7680606], [-42.8799371, -20.7681937]]}}, {"type": "Feature", "properties": {"osm_id": 387843969, "highway": "service", "name": ""}, "geometry": {"type": "LineString", "coordinates": [[-42.9018655, -20.7711453], [-42.9017854, -20.7711909], [-42.9017624, -20.7711925], [-42.9017323, -20.7711743], [-42.9015801, -20.7709311]]}}, {"type": "Feature", "properties": {"osm_id": 387843971, "highway": "tertiary", "name": "Rua Assad Nazar"}, "geometry": {"type": "LineString", "coordinates": [[-42.8996949, -20.7719851], [-42.8995299, -20.7720221], [-42.8991263, -20.7721237], [-42.8989559, -20.7721788], [-42.8985764, -20.7722516], [-42.8983162, -20.7723268], [-42.8982096, -20.77234], [-42.8979662, -20.772313], [-42.8975994, -20.7722158], [-42.8972852, -20.7721017], [-42.8970469, -20.7720447]]}}, {"type": "Feature", "properties": {"osm_id": 387843972, "highway": "residential", "name": "Rua Joaquim Nogueira"}, "geometry": {"type": "LineString", "coordinates": [[-42.8996949, -20.7719851], [-42.8994177, -20.7713641], [-42.8991065, -20.7705543], [-42.8990288, -20.7704089], [-42.8989357, -20.7702712]]}}, {"type": "Feature", "properties": {"osm_id": 387843973, "highway": "tertiary", "name": "Rua Joaquim Nogueira"}, "geometry": {"type": "LineString", "coordinates": [[-42.8999275, -20.772822], [-42.8998129, -20.7723963]]}}, {"type": "Feature", "properties": {"osm_id": 387843974, "highway": "residential", "name": "Rua Cláudio José Mariano Rocha"}, "geometry": {"type": "LineString", "coordinates": [[-42.8999275, -20.772822], [-42.8995456, -20.7729112], [-42.8991549, -20.7729934], [-42.898563, -20.7731205], [-42.8976926, -20.773345]]}}, {"type": "Feature", "properties": {"osm_id": 387843975, "highway": "tertiary", "name": "Rua José Augusto de Castro"}, "geometry": {"type": "LineString", "coordinates": [[-42.9027358, -20.7721456], [-42.9027446, -20.7723945], [-42.9027372, -20.772528], [-42.9027231, -20.7728698], [-42.9027332, -20.7740647], [-42.9027414, -20.7740878], [-42.9027783, -20.7741128], [-42.9028237, -20.7741215], [-42.9032274, -20.774061], [-42.9036874, -20.7739719]]}}, {"type": "Feature", "properties": {"osm_id": 387843976, "highway": "residential", "name": "Rua José Augusto de Castro"}, "geometry": {"type": "LineString", "coordinates": [[-42.9036874, -20.7739719], [-42.904193, -20.7739049], [-42.9046045, -20.7738589], [-42.9048862, -20.7740881], [-42.9050439, -20.7741782]]}}, {"type": "Feature", "properties": {"osm_id": 387843977, "highway": "residential", "name": "Rua João Bosco R. de Andrade"}, "geometry": {"type": "LineString", "coordinates": [[-42.8990565, -20.7725763], [-42.8987333, -20.7726453], [-42.8980654, -20.7728196], [-42.8976916, -20.7729014]]}}, {"type": "Feature", "properties": {"osm_id": 387843978, "highway": "residential", "name": "Rua José Santana Rocha"}, "geometry": {"type": "LineString", "coordinates": [[-42.8990565, -20.7725763], [-42.8989559, -20.7721788]]}}, {"type": "Feature", "properties": {"osm_id": 387843979, "highway": "residential", "name": "Rua João Bosco R. de Andrade"}, "geometry": {"type": "LineString", "coordinates": [[-42.8998129, -20.7723963], [-42.8997034, -20.7724288], [-42.8990565, -20.7725763]]}}, {"type": "Feature", "properties": {"osm_id": 387843981, "highway": "tertiary", "name": "Rua Joaquim Nogueira"}, "geometry": {"type": "LineString", "coordinates": [[-42.8996949, -20.7719851], [-42.8998129, -20.7723963]]}}, {"type": "Feature", "properties": {"osm_id": 387843985, "highway": "residential", "name": "Rua Paulo Mário del Giúdice"}, "geometry": {"type": "LineString", "coordinates": [[-42.8752926, -20.7520312], [-42.8751131, -20.7520069], [-42.8749613, -20.751992], [-42.8747752, -20.7519756], [-42.8745348, -20.751927], [-42.8742407, -20.7519265], [-42.8741683, -20.751914], [-42.8740972, -20.7518889], [-42.8740042, -20.7518421], [-42.8738263, -20.7516606], [-42.8736748, -20.7514885], [-42.8735769, -20.7514086], [-42.8734964, -20.7513759], [-42.8733945, -20.7513785], [-42.8732805, -20.751406], [-42.8728648, -20.7515302], [-42.8721406, -20.7517196], [-42.8719139, -20.7517898], [-42.87182, -20.7518462], [-42.8717798, -20.7518989], [-42.8717704, -20.7519767], [-42.8717798, -20.7520494], [-42.8718589, -20.7523901]]}}, {"type": "Feature", "properties": {"osm_id": 387843987, "highway": "tertiary", "name": "Rua Paulo Mário del Giúdice"}, "geometry": {"type": "LineString", "coordinates": [[-42.8718589, -20.7523901], [-42.8721421, -20.7525535], [-42.8725053, -20.7526727], [-42.8727427, -20.7527893], [-42.8729492, -20.7528658], [-42.8730793, -20.7528934], [-42.8732295, -20.7529059], [-42.873546, -20.7528997], [-42.8737928, -20.7528846], [-42.874088, -20.7528808], [-42.8743465, -20.7528643], [-42.8745306, -20.7528229], [-42.8747111, -20.752781], [-42.8749312, -20.7526805], [-42.8752384, -20.7524956], [-42.8753222, -20.7523494], [-42.8753566, -20.7522683], [-42.875354, -20.7521848], [-42.8753404, -20.7520814]]}}, {"type": "Feature", "properties": {"osm_id": 387844858, "highway": "residential", "name": ""}, "geometry": {"type": "LineString", "coordinates": [[-42.908349, -20.7371186], [-42.9086061, -20.7371761], [-42.9088489, -20.7371935], [-42.9090918, -20.737342], [-42.9092973, -20.7376128], [-42.9095027, -20.7379535], [-42.9096335, -20.7384339], [-42.9096802, -20.7387658], [-42.9096055, -20.7389754], [-42.9095961, -20.7393074], [-42.909839, -20.7396655], [-42.910278, -20.7400498], [-42.9106642, -20.7402869], [-42.910801, -20.7404866], [-42.9109878, -20.7408447], [-42.9111092, -20.7412203], [-42.9111839, -20.7416046], [-42.9114174, -20.7425654], [-42.9115669, -20.7432729], [-42.9117443, -20.743631], [-42.9119778, -20.7440852], [-42.9121273, -20.7444433], [-42.9120619, -20.7448364], [-42.9120993, -20.7451945], [-42.9122767, -20.7454478], [-42.9122674, -20.7458321], [-42.9121086, -20.7463038], [-42.911763, -20.7469064], [-42.9115389, -20.7471161], [-42.9110158, -20.7473956], [-42.9105582, -20.7476489], [-42.9102313, -20.7476576], [-42.9101098, -20.7477362], [-42.9097643, -20.7479895], [-42.9094374, -20.748234], [-42.9091291, -20.7484], [-42.908961, -20.7484961], [-42.9088489, -20.7486708], [-42.9088489, -20.7488716], [-42.9090077, -20.7490463], [-42.9092973, -20.749221]]}}, {"type": "Feature", "properties": {"osm_id": 387880417, "highway": "secondary", "name": "Avenida Peter Henry Rolfs"}, "geometry": {"type": "LineString", "coordinates": [[-42.8495463, -20.7814814], [-42.8492792, -20.7815453], [-42.8492258, -20.781559], [-42.8489847, -20.7816105], [-42.8481852, -20.7816996], [-42.8479785, -20.781714], [-42.8475266, -20.7817592], [-42.8467555, -20.7818419], [-42.8447237, -20.7820626], [-42.8445742, -20.7820808], [-42.8444489, -20.7821016]]}}, {"type": "Feature", "properties": {"osm_id": 387880420, "highway": "secondary", "name": "Avenida Peter Henry Rolfs"}, "geometry": {"type": "LineString", "coordinates": [[-42.852113, -20.779696], [-42.8519703, -20.7799091], [-42.8518067, -20.7800972], [-42.8515627, -20.7803279], [-42.8511362, -20.7806777], [-42.8509739, -20.7808006], [-42.8508946, -20.7808612]]}}, {"type": "Feature", "properties": {"osm_id": 387880421, "highway": "secondary", "name": "Avenida Peter Henry Rolfs"}, "geometry": {"type": "LineString", "coordinates": [[-42.8569136, -20.7717138], [-42.8568465, -20.7717734], [-42.8561952, -20.7728317], [-42.8560123, -20.7731447], [-42.8558459, -20.773467], [-42.8557446, -20.773662], [-42.8555173, -20.7740706], [-42.8549134, -20.7750774], [-42.8548998, -20.7751298]]}}, {"type": "Feature", "properties": {"osm_id": 387880422, "highway": "unclassified", "name": ""}, "geometry": {"type": "LineString", "coordinates": [[-42.8443868, -20.7821491], [-42.8445723, -20.7835845], [-42.844597, -20.7839071], [-42.8448188, -20.7842413], [-42.8452502, -20.7844372], [-42.845797, -20.7846265], [-42.8459157, -20.7846676], [-42.8465812, -20.7850363], [-42.8471851, -20.7853474], [-42.8475605, -20.7854745], [-42.8480818, -20.7854806], [-42.8493447, -20.7860835], [-42.8502415, -20.7871564], [-42.8504756, -20.7873292], [-42.8507961, -20.7875251], [-42.8510795, -20.7875251], [-42.8513876, -20.7874329], [-42.8516552, -20.7870309], [-42.8518268, -20.7869231], [-42.8519985, -20.7868855], [-42.8521916, -20.7869155], [-42.8523526, -20.7870158], [-42.8524518, -20.7871488], [-42.8525618, -20.7873042], [-42.852661, -20.7874722], [-42.8527147, -20.7875776], [-42.8527495, -20.7876779], [-42.8527737, -20.7878208]]}}, {"type": "Feature", "properties": {"osm_id": 387883373, "highway": "unclassified", "name": ""}, "geometry": {"type": "LineString", "coordinates": [[-42.891004, -20.7552098], [-42.8908329, -20.7549202], [-42.8905887, -20.754672], [-42.8903905, -20.7545297], [-42.8900826, -20.7544569], [-42.8898915, -20.754394], [-42.8896366, -20.7543444], [-42.8894738, -20.7543742], [-42.889403, -20.7544271], [-42.8893535, -20.7544933], [-42.8892803, -20.7545072]]}}, {"type": "Feature", "properties": {"osm_id": 390335035, "highway": "residential", "name": "Estrada dos Marques"}, "geometry": {"type": "LineString", "coordinates": [[-42.87956, -20.7234731], [-42.8796968, -20.7230742]]}}, {"type": "Feature", "properties": {"osm_id": 390335036, "highway": "residential", "name": "Estrada dos Marques"}, "geometry": {"type": "LineString", "coordinates": [[-42.8796968, -20.7230742], [-42.879745, -20.7228434], [-42.8798304, -20.7220827], [-42.8799508, -20.7211238], [-42.8800021, -20.7198951], [-42.880045, -20.7193131], [-42.8799377, -20.7188916], [-42.8794871, -20.7176472]]}}, {"type": "Feature", "properties": {"osm_id": 390335038, "highway": "tertiary", "name": "Rua José de Arimateia Lustosa"}, "geometry": {"type": "LineString", "coordinates": [[-42.8675935, -20.7221519], [-42.8675824, -20.7221302], [-42.867499, -20.7219619], [-42.8673568, -20.7216307], [-42.8671423, -20.7211315], [-42.8669035, -20.7205645], [-42.8668692, -20.7204086], [-42.8668907, -20.7202614]]}}, {"type": "Feature", "properties": {"osm_id": 390335041, "highway": "tertiary", "name": ""}, "geometry": {"type": "LineString", "coordinates": [[-42.8948361, -20.7477904], [-42.8946999, -20.7479328]]}}, {"type": "Feature", "properties": {"osm_id": 390335042, "highway": "tertiary", "name": ""}, "geometry": {"type": "LineString", "coordinates": [[-42.8946999, -20.7479328], [-42.8943955, -20.7482858], [-42.8942782, -20.7484137], [-42.8942104, -20.7484739], [-42.8941213, -20.7485341]]}}, {"type": "Feature", "properties": {"osm_id": 405950812, "highway": "trunk", "name": ""}, "geometry": {"type": "LineString", "coordinates": [[-42.8791228, -20.7364595], [-42.8792028, -20.7365242], [-42.8793005, -20.7366494]]}}, {"type": "Feature", "properties": {"osm_id": 405950821, "highway": "trunk", "name": "Rua Jacob Lopes de Castro"}, "geometry": {"type": "LineString", "coordinates": [[-42.8800305, -20.7452763], [-42.8800633, -20.745175], [-42.8800849, -20.7450544]]}}, {"type": "Feature", "properties": {"osm_id": 405950823, "highway": "trunk", "name": ""}, "geometry": {"type": "LineString", "coordinates": [[-42.8793005, -20.7366494], [-42.8791866, -20.7365689], [-42.8791347, -20.7365558], [-42.8790892, -20.7365564], [-42.8790312, -20.7365371], [-42.8790071, -20.7365]]}}, {"type": "Feature", "properties": {"osm_id": 405950824, "highway": "trunk", "name": ""}, "geometry": {"type": "LineString", "coordinates": [[-42.8801073, -20.7453666], [-42.880089, -20.745369], [-42.8800772, -20.745368], [-42.8800657, -20.7453651], [-42.8800472, -20.7453553], [-42.8800329, -20.7453405], [-42.8800243, -20.7453223], [-42.8800223, -20.7453024], [-42.8800248, -20.7452889], [-42.8800305, -20.7452763], [-42.8800449, -20.7452595], [-42.8800645, -20.7452483], [-42.880087, -20.745244], [-42.8801097, -20.7452471], [-42.88013, -20.7452572], [-42.8801454, -20.7452731], [-42.8801538, -20.7452912], [-42.8801556, -20.7453109], [-42.8801509, -20.74533], [-42.8801401, -20.7453467], [-42.8801242, -20.7453596], [-42.8801073, -20.7453666]]}}, {"type": "Feature", "properties": {"osm_id": 409106830, "highway": "residential", "name": "Rua Anita Chequer"}, "geometry": {"type": "LineString", "coordinates": [[-42.8818715, -20.7458859], [-42.8817673, -20.7459351]]}}, {"type": "Feature", "properties": {"osm_id": 409106833, "highway": "residential", "name": "Rua Anita Chequer"}, "geometry": {"type": "LineString", "coordinates": [[-42.8817673, -20.7459351], [-42.8816194, -20.746059]]}}, {"type": "Feature", "properties": {"osm_id": 409106834, "highway": "tertiary", "name": "Rua Cônego Modesto"}, "geometry": {"type": "LineString", "coordinates": [[-42.8815778, -20.745398], [-42.8816772, -20.7453837], [-42.8817613, -20.7453879]]}}, {"type": "Feature", "properties": {"osm_id": 409106835, "highway": "tertiary", "name": "Rua Cônego Modesto"}, "geometry": {"type": "LineString", "coordinates": [[-42.8814236, -20.7454707], [-42.8815778, -20.745398]]}}, {"type": "Feature", "properties": {"osm_id": 409106836, "highway": "residential", "name": "Rua João Carlos da Cruz"}, "geometry": {"type": "LineString", "coordinates": [[-42.885337, -20.7488815], [-42.8853075, -20.749062]]}}, {"type": "Feature", "properties": {"osm_id": 409106837, "highway": "residential", "name": "Rua João Carlos da Cruz"}, "geometry": {"type": "LineString", "coordinates": [[-42.8853075, -20.749062], [-42.8852457, -20.7493539], [-42.8851108, -20.7499788]]}}, {"type": "Feature", "properties": {"osm_id": 409106838, "highway": "tertiary", "name": "Rua Presidente Tancredo Neves"}, "geometry": {"type": "LineString", "coordinates": [[-42.8805761, -20.7527301], [-42.880615, -20.7527929]]}}, {"type": "Feature", "properties": {"osm_id": 409106839, "highway": "tertiary", "name": "Rua Presidente Tancredo Neves"}, "geometry": {"type": "LineString", "coordinates": [[-42.8804023, -20.7524993], [-42.8805761, -20.7527301]]}}, {"type": "Feature", "properties": {"osm_id": 480438080, "highway": "secondary", "name": "Rua Peter Henry Rolfs"}, "geometry": {"type": "LineString", "coordinates": [[-42.8780297, -20.7553542], [-42.8782564, -20.7551838], [-42.878378, -20.7550924], [-42.8784193, -20.7550614], [-42.8785361, -20.7549766], [-42.8785747, -20.7549462], [-42.878757, -20.7548067], [-42.8788048, -20.7547759], [-42.8788687, -20.754733], [-42.878911, -20.7547045]]}}, {"type": "Feature", "properties": {"osm_id": 480441560, "highway": "secondary", "name": "Rua Padre Serafim"}, "geometry": {"type": "LineString", "coordinates": [[-42.8791275, -20.7549585], [-42.8788884, -20.7551929], [-42.8788227, -20.755256], [-42.8787882, -20.7552902], [-42.8786219, -20.7554922], [-42.8786052, -20.7555121], [-42.8785856, -20.7555389], [-42.8785609, -20.7555711]]}}, {"type": "Feature", "properties": {"osm_id": 481268051, "highway": "secondary", "name": "Rua Padre Serafim"}, "geometry": {"type": "LineString", "coordinates": [[-42.878911, -20.7547045], [-42.8789439, -20.7547423], [-42.8790929, -20.7549178], [-42.8791275, -20.7549585]]}}, {"type": "Feature", "properties": {"osm_id": 492688739, "highway": "residential", "name": ""}, "geometry": {"type": "LineString", "coordinates": [[-42.8554988, -20.7274056], [-42.8554773, -20.7275035], [-42.8554532, -20.727649], [-42.8554358, -20.7277757], [-42.8554331, -20.7278497], [-42.8554438, -20.7278873], [-42.8554773, -20.7279312], [-42.855647, -20.7280813], [-42.8557077, -20.7281445], [-42.8558254, -20.7282642]]}}, {"type": "Feature", "properties": {"osm_id": 492688740, "highway": "residential", "name": ""}, "geometry": {"type": "LineString", "coordinates": [[-42.8548658, -20.7273567], [-42.8548403, -20.7275311], [-42.8548121, -20.7276565], [-42.8547639, -20.7277744], [-42.8546754, -20.7279638]]}}, {"type": "Feature", "properties": {"osm_id": 492690131, "highway": "tertiary", "name": "Via Alternativa"}, "geometry": {"type": "LineString", "coordinates": [[-42.87081, -20.7537428], [-42.8707295, -20.7535226], [-42.8707086, -20.7534322], [-42.8707399, -20.7532387], [-42.8708073, -20.7530821], [-42.8708692, -20.7529911], [-42.8709864, -20.7528676]]}}, {"type": "Feature", "properties": {"osm_id": 498314880, "highway": "residential", "name": ""}, "geometry": {"type": "LineString", "coordinates": [[-42.8613076, -20.7308874], [-42.8608341, -20.7294195]]}}, {"type": "Feature", "properties": {"osm_id": 498314881, "highway": "residential", "name": ""}, "geometry": {"type": "LineString", "coordinates": [[-42.8608341, -20.7294195], [-42.8591474, -20.7281111]]}}, {"type": "Feature", "properties": {"osm_id": 498314882, "highway": "residential", "name": ""}, "geometry": {"type": "LineString", "coordinates": [[-42.8608341, -20.7294195], [-42.8616987, -20.7281821]]}}, {"type": "Feature", "properties": {"osm_id": 498578978, "highway": "unclassified", "name": ""}, "geometry": {"type": "LineString", "coordinates": [[-42.8707086, -20.7534322], [-42.8699103, -20.7530426], [-42.8698191, -20.7529762], [-42.8697829, -20.7528984], [-42.8697922, -20.7528019], [-42.8697909, -20.7527166], [-42.8697748, -20.75261], [-42.8695375, -20.7520294], [-42.8694973, -20.7519892], [-42.8694383, -20.7519679], [-42.8693632, -20.7519779], [-42.8686202, -20.7521861], [-42.8685357, -20.7522262], [-42.8683855, -20.7523416], [-42.8680663, -20.7525636], [-42.8677511, -20.7527153], [-42.8676519, -20.7527981], [-42.867609, -20.7528784], [-42.8675272, -20.753084], [-42.8674695, -20.7532358], [-42.8674118, -20.7532834], [-42.8673193, -20.7533173], [-42.8670497, -20.7533963], [-42.8666675, -20.7535192], [-42.8665307, -20.7535455], [-42.8663296, -20.7535317], [-42.8662196, -20.7535079], [-42.8658789, -20.7533762], [-42.8655504, -20.7532809], [-42.8653774, -20.7532746], [-42.8651078, -20.753301], [-42.8649361, -20.7533386], [-42.8648396, -20.753385], [-42.8646626, -20.7535029], [-42.8644386, -20.7537173], [-42.8643219, -20.7538415], [-42.8642508, -20.7538841], [-42.8642093, -20.7538879], [-42.8641677, -20.7538804], [-42.8641208, -20.7538415], [-42.8640242, -20.7536296], [-42.8639679, -20.7535368], [-42.8638954, -20.7534552], [-42.8633523, -20.7528809], [-42.8629003, -20.7524444], [-42.8625195, -20.7521736], [-42.8622821, -20.7520582], [-42.8620407, -20.7519767], [-42.8616866, -20.7519415], [-42.8613688, -20.7519089], [-42.8608927, -20.7518362], [-42.8607667, -20.7518237], [-42.8606983, -20.7518337], [-42.8605749, -20.7519177], [-42.8601819, -20.752161], [-42.8599861, -20.7523454], [-42.8596468, -20.7526714], [-42.85916, -20.7530702], [-42.8586236, -20.7534452], [-42.8583433, -20.7536245], [-42.8580831, -20.7537688], [-42.8578565, -20.7538503], [-42.8576177, -20.7538942], [-42.857485, -20.7539293], [-42.8574421, -20.7539631], [-42.8574085, -20.7540095], [-42.8573535, -20.7541212], [-42.857299, -20.7542996]]}}, {"type": "Feature", "properties": {"osm_id": 498578979, "highway": "residential", "name": ""}, "geometry": {"type": "LineString", "coordinates": [[-42.8376153, -20.7688926], [-42.8380011, -20.7690693], [-42.8383931, -20.7695748], [-42.8388459, -20.7698466], [-42.8391703, -20.769954], [-42.839738, -20.7703553], [-42.8401976, -20.7708125], [-42.8406321, -20.7713266]]}}, {"type": "Feature", "properties": {"osm_id": 498578980, "highway": "residential", "name": ""}, "geometry": {"type": "LineString", "coordinates": [[-42.839688, -20.7712564], [-42.840093, -20.7713642], [-42.8406321, -20.7713266]]}}, {"type": "Feature", "properties": {"osm_id": 498578981, "highway": "residential", "name": ""}, "geometry": {"type": "LineString", "coordinates": [[-42.8406321, -20.7713266], [-42.8411954, -20.771299], [-42.8417103, -20.7712539], [-42.8428074, -20.7711836]]}}, {"type": "Feature", "properties": {"osm_id": 498578982, "highway": "residential", "name": ""}, "geometry": {"type": "LineString", "coordinates": [[-42.8417103, -20.7712539], [-42.8415762, -20.7707097], [-42.8411337, -20.7702683], [-42.8408597, -20.7700885]]}}, {"type": "Feature", "properties": {"osm_id": 498578983, "highway": "residential", "name": ""}, "geometry": {"type": "LineString", "coordinates": [[-42.8391703, -20.769954], [-42.8395313, -20.7695112], [-42.8395952, -20.7693201], [-42.839361, -20.7690096], [-42.8393354, -20.7686513], [-42.8396292, -20.7684005], [-42.8399273, -20.7684562], [-42.840055, -20.7685279], [-42.8408003, -20.7694866]]}}, {"type": "Feature", "properties": {"osm_id": 510202292, "highway": "service", "name": ""}, "geometry": {"type": "LineString", "coordinates": [[-42.8733571, -20.7718765], [-42.872705, -20.7723422], [-42.8726433, -20.7723673], [-42.8725846, -20.7723555], [-42.8725704, -20.7723337], [-42.8725548, -20.7723096], [-42.8725682, -20.7722469], [-42.8732685, -20.7717386], [-42.8733088, -20.7717411], [-42.8733543, -20.7717746], [-42.8733622, -20.7717804], [-42.8733732, -20.7718289], [-42.8733571, -20.7718765]]}}, {"type": "Feature", "properties": {"osm_id": 510236110, "highway": "service", "name": ""}, "geometry": {"type": "LineString", "coordinates": [[-42.8725704, -20.7723337], [-42.8733543, -20.7717746], [-42.8734319, -20.771706]]}}, {"type": "Feature", "properties": {"osm_id": 539659428, "highway": "tertiary", "name": "Rua Joaquim Oliveira"}, "geometry": {"type": "LineString", "coordinates": [[-42.9017267, -20.7783142], [-42.901835, -20.7783233], [-42.9019758, -20.7783248], [-42.9021183, -20.778323]]}}, {"type": "Feature", "properties": {"osm_id": 539659433, "highway": "secondary", "name": ""}, "geometry": {"type": "LineString", "coordinates": [[-42.845057, -20.734422], [-42.8451964, -20.7341913], [-42.8454446, -20.7339828], [-42.8458242, -20.7338497], [-42.846101, -20.7336943], [-42.8463532, -20.7334577], [-42.8464569, -20.7333171], [-42.8466862, -20.7327476], [-42.8467495, -20.7325331], [-42.8470105, -20.7322964], [-42.847224, -20.7320301], [-42.8474059, -20.7317047], [-42.8474771, -20.7314014], [-42.8474454, -20.731076], [-42.8474613, -20.7308097], [-42.8475483, -20.7305065], [-42.8476906, -20.7301514], [-42.8477302, -20.7299295], [-42.8477302, -20.7297964], [-42.8477302, -20.7296411]]}}, {"type": "Feature", "properties": {"osm_id": 539659434, "highway": "tertiary", "name": "Rua da Violeira"}, "geometry": {"type": "LineString", "coordinates": [[-42.8489851, -20.7295262], [-42.8491964, -20.729423], [-42.8494076, -20.7293062], [-42.8495661, -20.729185], [-42.8496525, -20.7290458], [-42.8497725, -20.7289245], [-42.8499022, -20.7289559], [-42.8500606, -20.7289829], [-42.8502859, -20.7290655]]}}, {"type": "Feature", "properties": {"osm_id": 539659441, "highway": "unclassified", "name": ""}, "geometry": {"type": "LineString", "coordinates": [[-42.8858171, -20.7270231], [-42.8858466, -20.7269215], [-42.8859365, -20.7267873], [-42.8860907, -20.7266305], [-42.8868753, -20.7261087], [-42.8879546, -20.7256223], [-42.8883401, -20.7253179], [-42.8887984, -20.7249096], [-42.8890036, -20.7247979], [-42.8892168, -20.7247239], [-42.8893724, -20.7246926], [-42.8895065, -20.7246775], [-42.8898351, -20.7246612], [-42.8898928, -20.7245935], [-42.8899974, -20.724463], [-42.8902146, -20.7241745], [-42.8903568, -20.7239375], [-42.8904989, -20.7236928], [-42.8905754, -20.7236013], [-42.8906746, -20.723526], [-42.8907873, -20.7234784], [-42.8910649, -20.7234332], [-42.8911936, -20.7234031], [-42.891313, -20.7233554], [-42.8913988, -20.723289], [-42.8915423, -20.7231284], [-42.8920157, -20.722431], [-42.8920707, -20.7223294], [-42.892119, -20.7222002], [-42.8921418, -20.7221174], [-42.8921552, -20.7220208], [-42.8921592, -20.7218916], [-42.8921431, -20.7215304], [-42.8921458, -20.7213949], [-42.89217, -20.7212293], [-42.8922236, -20.7210111], [-42.8923202, -20.7207], [-42.8923872, -20.720547], [-42.8925213, -20.7203061], [-42.8926152, -20.7201431], [-42.8927824, -20.7197723], [-42.892937, -20.7196288], [-42.8930765, -20.7195058], [-42.8933314, -20.7193177], [-42.8936639, -20.7190969], [-42.8937981, -20.7190066], [-42.8939241, -20.7189037], [-42.8942916, -20.71854], [-42.8943935, -20.718471], [-42.8944941, -20.7184371], [-42.8945974, -20.7184296], [-42.8948039, -20.7184547], [-42.8952317, -20.7185575], [-42.8953216, -20.7186052], [-42.8955657, -20.7187658], [-42.8956448, -20.7188021], [-42.8957158, -20.7188021], [-42.8957775, -20.7187833], [-42.8958312, -20.7187206], [-42.8959331, -20.7185375], [-42.8959921, -20.7184622], [-42.8960753, -20.7184045], [-42.8961986, -20.7183744], [-42.8966278, -20.7183643], [-42.8967834, -20.7183443], [-42.8969389, -20.7183042], [-42.8970945, -20.7182314], [-42.8975558, -20.7179554], [-42.8983176, -20.7174512], [-42.8983967, -20.717401], [-42.8984745, -20.7173383], [-42.898618, -20.7172078], [-42.8989345, -20.7168064], [-42.8996748, -20.7159133], [-42.899884, -20.7157101], [-42.9000717, -20.7154667], [-42.9001836, -20.7152543], [-42.9002752, -20.7151224], [-42.9003547, -20.7150607], [-42.9005465, -20.7149324], [-42.900879, -20.7147806], [-42.9011554, -20.7145084], [-42.9013725, -20.7143615], [-42.9020297, -20.7139539], [-42.902349, -20.7136252], [-42.9030303, -20.7129453], [-42.9036444, -20.7125766], [-42.904079, -20.7122855], [-42.9052216, -20.7113522], [-42.9059941, -20.7108454], [-42.9068041, -20.7103387], [-42.9073674, -20.7101179], [-42.9076731, -20.7099071], [-42.9080701, -20.7095659], [-42.9085743, -20.709295], [-42.9089552, -20.7090993], [-42.9095078, -20.7089186], [-42.9097706, -20.7088082], [-42.9097871, -20.7087953], [-42.9103017, -20.7083917], [-42.9112136, -20.7081057], [-42.9116589, -20.7080706], [-42.9121363, -20.707915], [-42.912308, -20.7078297], [-42.9124079, -20.7076204], [-42.9124421, -20.7075487], [-42.9125547, -20.7066455], [-42.9124957, -20.7063645], [-42.912367, -20.7059531], [-42.912367, -20.7057122], [-42.9124636, -20.7055265], [-42.9127183, -20.7052674], [-42.9128927, -20.70509], [-42.9130375, -20.7050548], [-42.9132682, -20.705105], [-42.9134882, -20.7052004], [-42.9137296, -20.7053158], [-42.9138261, -20.7053258], [-42.9140568, -20.7052505], [-42.9143196, -20.7051652], [-42.9145342, -20.7050047], [-42.9152584, -20.704262], [-42.9163367, -20.7035595], [-42.9174149, -20.7028469], [-42.917608, -20.7026613], [-42.9178923, -20.7025659], [-42.9184127, -20.7026813], [-42.9187024, -20.7027165], [-42.9188955, -20.702596], [-42.9189545, -20.7025007], [-42.9192334, -20.7019989], [-42.9193248, -20.7017328], [-42.9198021, -20.7003429], [-42.9199255, -20.6997959], [-42.9200703, -20.6996203], [-42.9205209, -20.699249], [-42.9206872, -20.698973], [-42.9207838, -20.6986217], [-42.9208857, -20.6985013], [-42.9212022, -20.6984009], [-42.9214758, -20.6983507], [-42.9217708, -20.6983658], [-42.9221892, -20.6984009], [-42.9225701, -20.6982453], [-42.9227793, -20.6979744], [-42.9229617, -20.6977184], [-42.9235572, -20.6972517], [-42.9243082, -20.6966847], [-42.9246944, -20.6964438], [-42.9253328, -20.6963083], [-42.9256439, -20.696213], [-42.9257834, -20.6961327], [-42.9258424, -20.6959821], [-42.9258746, -20.6955204], [-42.9259497, -20.6948731], [-42.9262662, -20.6933174], [-42.9264593, -20.693212], [-42.9267651, -20.6932723], [-42.9271352, -20.6933024], [-42.9273605, -20.6932321], [-42.9273981, -20.6930866], [-42.9274678, -20.6928256], [-42.9277682, -20.6926751], [-42.928133, -20.6924292], [-42.9283637, -20.6920929], [-42.9289162, -20.6909989], [-42.9291362, -20.6908283], [-42.9302305, -20.6901207], [-42.9306543, -20.6899752], [-42.930928, -20.6899203], [-42.9314804, -20.6898096], [-42.9317433, -20.6897192], [-42.9319149, -20.6896038], [-42.9320329, -20.6893579], [-42.9323977, -20.6886904], [-42.9325533, -20.6886101], [-42.9328591, -20.6885499], [-42.9329321, -20.6885152], [-42.9341787, -20.6879226], [-42.9344308, -20.6877921], [-42.9346508, -20.687752], [-42.9350048, -20.6876968], [-42.9359275, -20.6873304], [-42.9364371, -20.6870745], [-42.9366946, -20.6869591], [-42.9369038, -20.6869591], [-42.9371882, -20.6869791], [-42.9373866, -20.6870745], [-42.9375261, -20.6871999], [-42.9376817, -20.6872652], [-42.9378641, -20.6872953], [-42.938025, -20.6872602], [-42.9382128, -20.6871297], [-42.9385123, -20.6869172], [-42.9387009, -20.6867834], [-42.9388404, -20.6866981], [-42.9389209, -20.6865224], [-42.9389048, -20.6862916], [-42.9388136, -20.6857245], [-42.9388189, -20.6853732], [-42.9388726, -20.6852076], [-42.9389048, -20.6849717], [-42.9388739, -20.6847333], [-42.9388243, -20.6845351], [-42.9389852, -20.6843644], [-42.9393178, -20.683697], [-42.9394305, -20.6835615], [-42.9395753, -20.683446], [-42.939806, -20.6833758], [-42.9401386, -20.683175], [-42.9404819, -20.6829141], [-42.9406911, -20.6826782], [-42.9408896, -20.6824624], [-42.9412061, -20.6823771], [-42.9416299, -20.6821311], [-42.9418337, -20.6818852], [-42.9419786, -20.6815138], [-42.9421663, -20.6813633], [-42.9423273, -20.6811274], [-42.9423219, -20.6807359], [-42.9425365, -20.6804147], [-42.9427564, -20.6803093], [-42.9429871, -20.6802842], [-42.943368, -20.6802842], [-42.9441941, -20.6802541], [-42.9449505, -20.6802391], [-42.946313, -20.6800885], [-42.9472411, -20.6799078], [-42.94752, -20.6798978], [-42.948035, -20.679963], [-42.9484588, -20.6800584], [-42.9485714, -20.6800283], [-42.9487002, -20.6798627], [-42.9489952, -20.679697], [-42.9494298, -20.6793859], [-42.94958, -20.6793558], [-42.9505134, -20.6794461], [-42.9506636, -20.6794461], [-42.9508674, -20.6795114], [-42.9511303, -20.679682], [-42.9515326, -20.6798727], [-42.9519886, -20.6799932], [-42.9522622, -20.6800333], [-42.9527074, -20.6799881], [-42.9529381, -20.6801136], [-42.9533351, -20.6803344], [-42.9535925, -20.6806707], [-42.9537106, -20.680746], [-42.9539949, -20.6808363], [-42.9546171, -20.681012], [-42.9547514, -20.6810796], [-42.9548961, -20.6811525], [-42.9550141, -20.6811675], [-42.9553092, -20.6811625], [-42.9556739, -20.6811776], [-42.95753, -20.6813432], [-42.9578841, -20.6812579], [-42.9582113, -20.6811374], [-42.9584098, -20.6810521], [-42.9586405, -20.681032], [-42.9589301, -20.6812278], [-42.9591662, -20.6814034], [-42.9592505, -20.6814197], [-42.9593217, -20.6814335], [-42.9594237, -20.6814335], [-42.9594734, -20.6813963], [-42.9596382, -20.6812729], [-42.9601318, -20.680746], [-42.9608989, -20.6800182], [-42.9617894, -20.6795515], [-42.9622936, -20.6793457], [-42.9624814, -20.6793407], [-42.9627174, -20.6793758], [-42.9631412, -20.6795615], [-42.9634041, -20.6796017], [-42.9636937, -20.6795565], [-42.9645091, -20.679421], [-42.9650402, -20.6793407], [-42.9654586, -20.67914], [-42.9658449, -20.6789442], [-42.966038, -20.6787937], [-42.9660595, -20.6787033], [-42.9659843, -20.6785728], [-42.9659951, -20.6783018], [-42.965979, -20.6781412], [-42.9659314, -20.6779743]]}}, {"type": "Feature", "properties": {"osm_id": 539659450, "highway": "unclassified", "name": ""}, "geometry": {"type": "LineString", "coordinates": [[-42.8858198, -20.7271485], [-42.8858171, -20.7270231]]}}, {"type": "Feature", "properties": {"osm_id": 539659451, "highway": "unclassified", "name": ""}, "geometry": {"type": "LineString", "coordinates": [[-42.8859779, -20.7277247], [-42.8859821, -20.7276214], [-42.8858252, -20.727299], [-42.8858198, -20.7271485]]}}, {"type": "Feature", "properties": {"osm_id": 539664057, "highway": "tertiary", "name": "Rua José G. Souza"}, "geometry": {"type": "LineString", "coordinates": [[-42.8912922, -20.7528752], [-42.8913717, -20.7530565]]}}, {"type": "Feature", "properties": {"osm_id": 539664058, "highway": "tertiary", "name": ""}, "geometry": {"type": "LineString", "coordinates": [[-42.890821, -20.7530187], [-42.8912922, -20.7528752]]}}, {"type": "Feature", "properties": {"osm_id": 539664059, "highway": "residential", "name": "Rua Ezequiel Pinto"}, "geometry": {"type": "LineString", "coordinates": [[-42.8927226, -20.7540343], [-42.8927639, -20.7542064], [-42.8928234, -20.7543474], [-42.8928747, -20.7544612], [-42.8929435, -20.7546061]]}}, {"type": "Feature", "properties": {"osm_id": 539664060, "highway": "tertiary", "name": ""}, "geometry": {"type": "LineString", "coordinates": [[-42.8956883, -20.751776], [-42.8958821, -20.7522262], [-42.8959318, -20.7523993], [-42.8959197, -20.7525523], [-42.8958754, -20.7527266], [-42.8958106, -20.7529327], [-42.8957574, -20.7531016], [-42.8957199, -20.7532721], [-42.8957172, -20.753464], [-42.8957466, -20.7536609], [-42.8958325, -20.7539155], [-42.8962737, -20.7549363], [-42.8963864, -20.7551783]]}}, {"type": "Feature", "properties": {"osm_id": 539664061, "highway": "tertiary", "name": "Rua Juventino Alencar"}, "geometry": {"type": "LineString", "coordinates": [[-42.8804853, -20.7467755], [-42.8806102, -20.7465741], [-42.8807707, -20.7463197]]}}, {"type": "Feature", "properties": {"osm_id": 539664062, "highway": "tertiary", "name": "Rua Manoelita Silva"}, "geometry": {"type": "LineString", "coordinates": [[-42.8828267, -20.7456093], [-42.8827707, -20.7455769], [-42.882675, -20.7455309]]}}, {"type": "Feature", "properties": {"osm_id": 539664064, "highway": "residential", "name": "Rua Eurico Marangom"}, "geometry": {"type": "LineString", "coordinates": [[-42.882675, -20.7455309], [-42.8825636, -20.7458545], [-42.8825394, -20.7458934]]}}, {"type": "Feature", "properties": {"osm_id": 539664065, "highway": "tertiary", "name": "Rua Maria de Castro Silva"}, "geometry": {"type": "LineString", "coordinates": [[-42.8828267, -20.7456093], [-42.8830963, -20.7449049], [-42.8831544, -20.744716], [-42.883182, -20.7445605], [-42.8831907, -20.7444], [-42.8831819, -20.7442333], [-42.8831662, -20.7440476]]}}, {"type": "Feature", "properties": {"osm_id": 539664066, "highway": "path", "name": "Rua Reinaldo Araújo"}, "geometry": {"type": "LineString", "coordinates": [[-42.8830181, -20.7440536], [-42.8831662, -20.7440476]]}}, {"type": "Feature", "properties": {"osm_id": 543980722, "highway": "secondary", "name": "Rua Padre Serafim"}, "geometry": {"type": "LineString", "coordinates": [[-42.877078, -20.7572972], [-42.8771259, -20.757243], [-42.8772099, -20.7571494], [-42.8772521, -20.7571007]]}}, {"type": "Feature", "properties": {"osm_id": 548426690, "highway": "unclassified", "name": ""}, "geometry": {"type": "LineString", "coordinates": [[-42.8860907, -20.7266305], [-42.8860386, -20.7265149], [-42.8860064, -20.7261411], [-42.8859669, -20.7256337], [-42.88593, -20.7255058], [-42.8857342, -20.7249401], [-42.8856055, -20.7245864], [-42.8855116, -20.7245161], [-42.8851361, -20.7242929], [-42.884892, -20.7241599], [-42.8846694, -20.723899], [-42.8846264, -20.7238235], [-42.884535, -20.7236628], [-42.8844801, -20.7235449], [-42.8843151, -20.7231635], [-42.8841823, -20.7227697], [-42.8841032, -20.722495], [-42.8840992, -20.7223595], [-42.8841367, -20.7222454], [-42.8842051, -20.7221224], [-42.8844184, -20.7218327], [-42.8847, -20.7215229], [-42.8847885, -20.7214037], [-42.8848381, -20.721356], [-42.8849052, -20.7212933], [-42.884983, -20.7211867], [-42.8850782, -20.7210587], [-42.8852056, -20.7208831], [-42.8853209, -20.7207778], [-42.8853601, -20.7207485], [-42.8854336, -20.7206937], [-42.8856307, -20.7205507], [-42.8858534, -20.7203839], [-42.8860909, -20.7201778], [-42.8862599, -20.7201013], [-42.8863859, -20.7200449], [-42.8865294, -20.7199709], [-42.8866247, -20.719889], [-42.8867432, -20.7198278], [-42.8868795, -20.7198146], [-42.8871379, -20.7198179], [-42.8872954, -20.7198046], [-42.8874918, -20.7197616], [-42.8877165, -20.7196821], [-42.8879063, -20.7196149], [-42.88809, -20.7195434], [-42.8882, -20.7195008], [-42.8884347, -20.7194719], [-42.8886332, -20.7194619], [-42.888947, -20.7194355], [-42.8891348, -20.7194557], [-42.8892474, -20.7194607], [-42.8893695, -20.7194568], [-42.8895009, -20.7194405], [-42.889918, -20.7193352], [-42.8901057, -20.7192975], [-42.8903552, -20.7192574], [-42.890602, -20.7192249], [-42.8907977, -20.719211], [-42.8909533, -20.719211], [-42.891062, -20.7192248], [-42.8912645, -20.7192624], [-42.8915782, -20.7193189], [-42.8918519, -20.7193704], [-42.8921791, -20.7194355], [-42.892564, -20.7195133], [-42.8926431, -20.7195322], [-42.8926927, -20.719566], [-42.8927222, -20.7196149], [-42.8927824, -20.7197723]]}}, {"type": "Feature", "properties": {"osm_id": 548426691, "highway": "unclassified", "name": ""}, "geometry": {"type": "LineString", "coordinates": [[-42.8847885, -20.7214037], [-42.884869, -20.7212268], [-42.8849025, -20.7210224], [-42.8848609, -20.7206774], [-42.8848395, -20.7204466], [-42.8848368, -20.7203187], [-42.8848422, -20.7202196], [-42.8849159, -20.7199913], [-42.8850125, -20.7197354], [-42.885109, -20.719556], [-42.8852271, -20.7194281], [-42.8853531, -20.7193628], [-42.8856535, -20.7192663], [-42.8859252, -20.719124], [-42.886188, -20.7190011], [-42.8863187, -20.7189025], [-42.8863965, -20.7187582], [-42.8865427, -20.7183112], [-42.8865918, -20.7181256], [-42.8866379, -20.7178339], [-42.8867123, -20.7173916], [-42.8867504, -20.716781], [-42.8866167, -20.7162093]]}}, {"type": "Feature", "properties": {"osm_id": 548614353, "highway": "tertiary", "name": "Rua José Antônio Rodrigues"}, "geometry": {"type": "LineString", "coordinates": [[-42.8742789, -20.7558846], [-42.8743759, -20.7559498], [-42.8744137, -20.7560493], [-42.8744552, -20.7561081], [-42.87467, -20.7563986], [-42.8746814, -20.7564149], [-42.8746964, -20.7564365], [-42.8747661, -20.7565217], [-42.8750453, -20.7569008], [-42.8752279, -20.7571919]]}}, {"type": "Feature", "properties": {"osm_id": 549121065, "highway": "tertiary", "name": ""}, "geometry": {"type": "LineString", "coordinates": [[-42.8799242, -20.7560915], [-42.879956, -20.7560807], [-42.8799898, -20.7560797], [-42.8800222, -20.7560887], [-42.8800499, -20.7561068], [-42.8800555, -20.7561138], [-42.8800702, -20.7561321], [-42.8800812, -20.7561644], [-42.8800801, -20.7561982], [-42.8800725, -20.7562159], [-42.8800608, -20.7562358], [-42.8800415, -20.7562573]]}}, {"type": "Feature", "properties": {"osm_id": 549121069, "highway": "tertiary_link", "name": ""}, "geometry": {"type": "LineString", "coordinates": [[-42.8795666, -20.7565064], [-42.8795229, -20.7565077], [-42.8795069, -20.7565005], [-42.8794921, -20.7564801], [-42.8794919, -20.7564611], [-42.8794942, -20.7564268]]}}, {"type": "Feature", "properties": {"osm_id": 549155102, "highway": "service", "name": ""}, "geometry": {"type": "LineString", "coordinates": [[-42.8790275, -20.7567227], [-42.8792097, -20.7570869]]}}, {"type": "Feature", "properties": {"osm_id": 557162480, "highway": "unclassified", "name": ""}, "geometry": {"type": "LineString", "coordinates": [[-42.8402727, -20.7758713], [-42.8400708, -20.7756556], [-42.8399093, -20.7756448], [-42.8395286, -20.7757472], [-42.839344, -20.7756609], [-42.8392114, -20.775483], [-42.8386807, -20.7747765], [-42.8383346, -20.7743181], [-42.8378328, -20.7742264], [-42.8376021, -20.7740323], [-42.837352, -20.7738615]]}}, {"type": "Feature", "properties": {"osm_id": 557162486, "highway": "residential", "name": ""}, "geometry": {"type": "LineString", "coordinates": [[-42.8415789, -20.7462546], [-42.8420592, -20.7465541], [-42.842763, -20.7469955], [-42.8429689, -20.7470778], [-42.843152, -20.7471509], [-42.8432744, -20.7471672]]}}, {"type": "Feature", "properties": {"osm_id": 557162487, "highway": "service", "name": ""}, "geometry": {"type": "LineString", "coordinates": [[-42.845032, -20.749698], [-42.8450217, -20.749808], [-42.8447302, -20.7500416], [-42.8440016, -20.7500805], [-42.8437796, -20.7502103], [-42.8432245, -20.7504114], [-42.8424196, -20.7507489], [-42.8421073, -20.7507943], [-42.8407681, -20.7502168], [-42.8401922, -20.7504439], [-42.839859, -20.7505243]]}}, {"type": "Feature", "properties": {"osm_id": 557162488, "highway": "unclassified", "name": ""}, "geometry": {"type": "LineString", "coordinates": [[-42.845032, -20.749698], [-42.8452992, -20.7497885], [-42.8454866, -20.7501973], [-42.8456274, -20.7503673], [-42.8456499, -20.7506342], [-42.8454172, -20.750963], [-42.845209, -20.751268], [-42.8451466, -20.751534], [-42.8450742, -20.7517275], [-42.8437726, -20.7522023], [-42.8435301, -20.7524297], [-42.8428843, -20.7528045], [-42.8423779, -20.7530848], [-42.8418857, -20.7536151], [-42.8418292, -20.7537386], [-42.8417909, -20.7538225], [-42.8417499, -20.7542928]]}}, {"type": "Feature", "properties": {"osm_id": 557162489, "highway": "residential", "name": ""}, "geometry": {"type": "LineString", "coordinates": [[-42.8548466, -20.7439767], [-42.8554111, -20.7438954], [-42.8556555, -20.7437434], [-42.855673, -20.7436357], [-42.8552492, -20.7432381], [-42.8552178, -20.7430051], [-42.8552795, -20.7428571], [-42.8554099, -20.742824], [-42.8555926, -20.7428407], [-42.8556243, -20.7426783], [-42.8556776, -20.7423723]]}}, {"type": "Feature", "properties": {"osm_id": 557372731, "highway": "secondary", "name": "Avenida Peter Henry Rolfs"}, "geometry": {"type": "LineString", "coordinates": [[-42.8778306, -20.7554855], [-42.8778476, -20.7554749], [-42.8780297, -20.7553542]]}}, {"type": "Feature", "properties": {"osm_id": 566200564, "highway": "unclassified", "name": ""}, "geometry": {"type": "LineString", "coordinates": [[-42.8555774, -20.7620109], [-42.855749, -20.7622974], [-42.8556233, -20.762925], [-42.8558099, -20.7635076], [-42.8555095, -20.7639992], [-42.8551327, -20.7640368]]}}, {"type": "Feature", "properties": {"osm_id": 566200565, "highway": "unclassified", "name": ""}, "geometry": {"type": "LineString", "coordinates": [[-42.8555774, -20.7620109], [-42.8557919, -20.7615133], [-42.8564322, -20.7610197], [-42.8569257, -20.7603174], [-42.8568506, -20.7599161], [-42.8568936, -20.7592841], [-42.8565824, -20.7589932], [-42.8565717, -20.7583812], [-42.8562391, -20.7574783], [-42.8564644, -20.7565503], [-42.856223, -20.7560236], [-42.8562123, -20.7554668], [-42.856105, -20.7552812], [-42.8565449, -20.7545287], [-42.8567004, -20.7542127], [-42.8569579, -20.7541224], [-42.8572516, -20.7540321]]}}, {"type": "Feature", "properties": {"osm_id": 566200569, "highway": "track", "name": ""}, "geometry": {"type": "LineString", "coordinates": [[-42.8415123, -20.7461587], [-42.8414172, -20.7462767], [-42.841208, -20.7465676], [-42.8404623, -20.7476913], [-42.8397274, -20.748815], [-42.8390032, -20.7498284], [-42.8386492, -20.7502548], [-42.8382093, -20.7505808], [-42.8380805, -20.7508668], [-42.8379411, -20.7510323], [-42.8375537, -20.7515313]]}}, {"type": "Feature", "properties": {"osm_id": 566200571, "highway": "service", "name": ""}, "geometry": {"type": "LineString", "coordinates": [[-42.8704133, -20.7731855], [-42.8698379, -20.7726139], [-42.8698057, -20.7725638], [-42.8697983, -20.7724917], [-42.8698289, -20.7724278], [-42.8701829, -20.7721343]]}}, {"type": "Feature", "properties": {"osm_id": 566200572, "highway": "service", "name": ""}, "geometry": {"type": "LineString", "coordinates": [[-42.8704133, -20.7731855], [-42.8701275, -20.7737374], [-42.8700431, -20.7738804], [-42.8699667, -20.7740108], [-42.8699196, -20.7740512], [-42.8697794, -20.7741714], [-42.8696515, -20.7741842], [-42.8695739, -20.7741458], [-42.8695647, -20.7740433], [-42.8696241, -20.7739835], [-42.8697429, -20.7740006], [-42.8698251, -20.7740518], [-42.8699196, -20.7740512]]}}, {"type": "Feature", "properties": {"osm_id": 566200573, "highway": "path", "name": ""}, "geometry": {"type": "LineString", "coordinates": [[-42.8607251, -20.7572595], [-42.8601229, -20.7565252], [-42.8598225, -20.7560336], [-42.8596065, -20.7559369], [-42.8594183, -20.7558527], [-42.8593183, -20.7558079], [-42.8588301, -20.7559082], [-42.8581864, -20.7556022], [-42.8578497, -20.7557991]]}}, {"type": "Feature", "properties": {"osm_id": 575556048, "highway": "residential", "name": "Alameda Papa João XXIII"}, "geometry": {"type": "LineString", "coordinates": [[-42.883561, -20.758012], [-42.8837889, -20.7581943], [-42.8838486, -20.7582329], [-42.8839441, -20.758295]]}}, {"type": "Feature", "properties": {"osm_id": 575556049, "highway": "residential", "name": ""}, "geometry": {"type": "LineString", "coordinates": [[-42.8837889, -20.7581943], [-42.8837024, -20.7583099]]}}, {"type": "Feature", "properties": {"osm_id": 575611187, "highway": "tertiary", "name": "Avenida da Agronomia"}, "geometry": {"type": "LineString", "coordinates": [[-42.8673175, -20.7627495], [-42.867432, -20.7628778], [-42.867504, -20.7629586], [-42.8675354, -20.7629934], [-42.8675756, -20.7630388], [-42.8679134, -20.7634205], [-42.8679563, -20.7634669], [-42.8679905, -20.7635058], [-42.8682243, -20.7637913], [-42.8683332, -20.7639259], [-42.8685445, -20.7641685], [-42.8687, -20.7643747], [-42.8688043, -20.7645302], [-42.8688211, -20.7645553]]}}, {"type": "Feature", "properties": {"osm_id": 575611188, "highway": "tertiary", "name": ""}, "geometry": {"type": "LineString", "coordinates": [[-42.8688541, -20.7645495], [-42.8688706, -20.7645533], [-42.8688852, -20.7645613], [-42.8688968, -20.7645729], [-42.8689049, -20.7645887], [-42.8689074, -20.764606], [-42.868904, -20.7646232], [-42.868895, -20.7646385], [-42.8688814, -20.7646504], [-42.868864, -20.764658], [-42.8688448, -20.7646599], [-42.8688261, -20.764656], [-42.8688097, -20.7646466], [-42.8687973, -20.7646329], [-42.8687903, -20.7646161], [-42.8687894, -20.7645982], [-42.8687947, -20.7645809], [-42.8688056, -20.7645661], [-42.8688211, -20.7645553], [-42.8688371, -20.7645502], [-42.8688541, -20.7645495]]}}, {"type": "Feature", "properties": {"osm_id": 575660763, "highway": "residential", "name": ""}, "geometry": {"type": "LineString", "coordinates": [[-42.8744557, -20.7245045], [-42.8744631, -20.7241006], [-42.8744708, -20.7236856]]}}, {"type": "Feature", "properties": {"osm_id": 594257905, "highway": "track", "name": ""}, "geometry": {"type": "LineString", "coordinates": [[-42.8564322, -20.7610197], [-42.8528166, -20.7554718], [-42.8514433, -20.7562342], [-42.8505268, -20.7564101], [-42.8497588, -20.7563175], [-42.849065, -20.7561371], [-42.848753, -20.7561382], [-42.8484707, -20.756218], [-42.8482799, -20.7562296], [-42.8479456, -20.756188], [-42.8477784, -20.7560997], [-42.8476062, -20.7559559], [-42.8472494, -20.7556451], [-42.8470816, -20.7555837], [-42.8467628, -20.7554899], [-42.846538, -20.7553938], [-42.8463027, -20.7554579], [-42.8460286, -20.7560812]]}}, {"type": "Feature", "properties": {"osm_id": 594257906, "highway": "unclassified", "name": ""}, "geometry": {"type": "LineString", "coordinates": [[-42.8501961, -20.7603739], [-42.850429, -20.760331], [-42.8505785, -20.7599864], [-42.8508021, -20.7598881], [-42.8514754, -20.7601367], [-42.8520594, -20.7603081], [-42.8526777, -20.7606402], [-42.8530899, -20.761075], [-42.8534486, -20.7610849], [-42.8536698, -20.7612811], [-42.8538498, -20.7614644], [-42.8540848, -20.7615834], [-42.8544929, -20.7615903], [-42.8549148, -20.761533], [-42.8549963, -20.761701], [-42.8552422, -20.7618945], [-42.8555774, -20.7620109]]}}, {"type": "Feature", "properties": {"osm_id": 606777634, "highway": "tertiary", "name": ""}, "geometry": {"type": "LineString", "coordinates": [[-42.9035425, -20.7798941], [-42.9035177, -20.7800044], [-42.9034822, -20.7801129], [-42.9034419, -20.780195], [-42.9033534, -20.7803467], [-42.9032797, -20.7804784], [-42.9032649, -20.7805373], [-42.9032522, -20.7806075], [-42.9032522, -20.7806934], [-42.9032609, -20.7807667], [-42.9032944, -20.780852], [-42.9033226, -20.7809134], [-42.9033829, -20.7809962], [-42.9035009, -20.7811116], [-42.9037826, -20.7813222], [-42.9039301, -20.7814263], [-42.9040226, -20.7815015], [-42.9040847, -20.7815962], [-42.9041165, -20.7816595], [-42.9041205, -20.7817397], [-42.9040991, -20.7818162], [-42.9040588, -20.7819215], [-42.9039824, -20.7820607], [-42.9039221, -20.7821961], [-42.9038751, -20.7823228], [-42.9038537, -20.7824118], [-42.9038563, -20.7825121], [-42.9038718, -20.782593], [-42.9039194, -20.7826638], [-42.9039864, -20.7827416], [-42.904079, -20.7827955], [-42.9041702, -20.7828281], [-42.9043029, -20.7828406], [-42.9043847, -20.7828369], [-42.9045021, -20.7827917], [-42.9045765, -20.7827528], [-42.9046731, -20.7826826], [-42.9047515, -20.7826174], [-42.9048112, -20.7825911], [-42.9048702, -20.7825924], [-42.9049252, -20.7826174], [-42.9049835, -20.7826701], [-42.9050566, -20.7827591], [-42.9051425, -20.7828594], [-42.9052109, -20.7829271], [-42.9053342, -20.7829861], [-42.9054697, -20.7830099], [-42.9055998, -20.7829911], [-42.905691, -20.7829522], [-42.9057688, -20.7829008], [-42.9058532, -20.7828024], [-42.9059042, -20.7827428], [-42.9059538, -20.7827014], [-42.9059967, -20.7826751], [-42.9060464, -20.782655], [-42.9061275, -20.7826444], [-42.9061818, -20.782645], [-42.9062609, -20.7826569], [-42.9063676, -20.7826939], [-42.9064748, -20.7827428], [-42.9067022, -20.7828494], [-42.9067209, -20.7828872], [-42.9068081, -20.7830375], [-42.9069074, -20.7832356], [-42.9069523, -20.7833428], [-42.9069717, -20.7834127], [-42.9069784, -20.7834863], [-42.9069771, -20.7836167], [-42.9069529, -20.7837459], [-42.9069161, -20.7839014], [-42.9069067, -20.7839722], [-42.9069047, -20.7840543], [-42.9069201, -20.784117], [-42.9069402, -20.7841571], [-42.9069912, -20.7842267], [-42.9070609, -20.7842901], [-42.907126, -20.7843283], [-42.9072292, -20.784369], [-42.9073392, -20.7843891], [-42.9075524, -20.7843991], [-42.9079789, -20.784448], [-42.9082578, -20.7845057], [-42.9085717, -20.7845941], [-42.9087567, -20.7846687], [-42.9088955, -20.7847502], [-42.9091363, -20.7849239], [-42.9092275, -20.784984], [-42.9093254, -20.7850367], [-42.9094199, -20.7850712], [-42.9095279, -20.7850938], [-42.9098859, -20.785174], [-42.9100308, -20.7852329], [-42.9101475, -20.7853282], [-42.9101931, -20.785406], [-42.9102078, -20.7855238], [-42.9102011, -20.7856881], [-42.9101569, -20.7858774], [-42.9101501, -20.7859601], [-42.9101528, -20.7860604], [-42.9101716, -20.7861946], [-42.9102145, -20.7862736], [-42.9102802, -20.7863426], [-42.9103714, -20.7863965], [-42.9105324, -20.7864516], [-42.9108247, -20.7865444], [-42.9110178, -20.7866171], [-42.9114202, -20.7868014], [-42.9115851, -20.786898], [-42.9117273, -20.7870133], [-42.9118775, -20.78715], [-42.9119325, -20.7872161], [-42.9119915, -20.7872967], [-42.9121169, -20.7874923], [-42.9121759, -20.7875468], [-42.912249, -20.7875926], [-42.9123455, -20.7876377], [-42.9124743, -20.7876779], [-42.9128042, -20.7877318], [-42.9131596, -20.7877907], [-42.9135914, -20.7878747], [-42.9137819, -20.7878735], [-42.9139374, -20.7878534], [-42.9140367, -20.7878308], [-42.9141708, -20.7877706], [-42.9145295, -20.7875788], [-42.9146355, -20.7875387], [-42.9147615, -20.7875124], [-42.9148722, -20.7875124], [-42.9149828, -20.7875224], [-42.9151793, -20.7875688], [-42.9157238, -20.787738], [-42.9158646, -20.7877951], [-42.9160363, -20.7878634], [-42.9161569, -20.7879349], [-42.9162803, -20.7880289], [-42.91646, -20.7881769], [-42.9166397, -20.78837], [-42.916849, -20.7885981], [-42.9170153, -20.7887762], [-42.9171748, -20.7889655], [-42.9172701, -20.7891247], [-42.9173666, -20.7892877], [-42.9174551, -20.7894532], [-42.9176697, -20.7897491], [-42.9179929, -20.790109], [-42.9181686, -20.7902845], [-42.9182692, -20.7903911], [-42.9183617, -20.7905152], [-42.9184207, -20.7906418], [-42.9184878, -20.7908073], [-42.9186085, -20.7911408], [-42.9186328, -20.7912032], [-42.9186916, -20.791354], [-42.9188526, -20.7916323], [-42.919043, -20.7919156], [-42.9192697, -20.7921708], [-42.9193783, -20.7922868], [-42.9195084, -20.7924096], [-42.9196116, -20.7924899], [-42.9197726, -20.7925877], [-42.919912, -20.7926378], [-42.920026, -20.7926717], [-42.9203627, -20.7927582], [-42.9204847, -20.7928108], [-42.9205987, -20.7928836], [-42.9207328, -20.7929989], [-42.9207502, -20.7930139], [-42.9209434, -20.7931769]]}}, {"type": "Feature", "properties": {"osm_id": 606777645, "highway": "residential", "name": ""}, "geometry": {"type": "LineString", "coordinates": [[-42.8422554, -20.778595], [-42.8423439, -20.7784603], [-42.8424016, -20.7784001], [-42.8424552, -20.7783568], [-42.8424901, -20.7783518], [-42.8425236, -20.7783568], [-42.8425927, -20.7783863], [-42.8426423, -20.7784076], [-42.8426859, -20.778407], [-42.8427194, -20.7783982], [-42.8427751, -20.7783813], [-42.8429226, -20.7783299], [-42.8430433, -20.7782941], [-42.8431345, -20.7782784], [-42.8432022, -20.7782772], [-42.8432525, -20.7782797], [-42.843504, -20.7783117], [-42.8437735, -20.7783342], [-42.8441718, -20.7783857], [-42.8443126, -20.7784001], [-42.844377, -20.7784063], [-42.844434, -20.7784007], [-42.8444756, -20.7783831], [-42.8445051, -20.7783599], [-42.8445406, -20.7783079], [-42.844601, -20.7781637], [-42.8447109, -20.777859]]}}, {"type": "Feature", "properties": {"osm_id": 606777649, "highway": "tertiary", "name": "Via da Saúde"}, "geometry": {"type": "LineString", "coordinates": [[-42.8603835, -20.7659982], [-42.8606124, -20.7662338], [-42.860694, -20.7663393], [-42.8608245, -20.7665717], [-42.8609019, -20.7667023]]}}, {"type": "Feature", "properties": {"osm_id": 606777650, "highway": "unclassified", "name": ""}, "geometry": {"type": "LineString", "coordinates": [[-42.8599556, -20.765242], [-42.8600786, -20.7656274], [-42.8601082, -20.7657478]]}}, {"type": "Feature", "properties": {"osm_id": 606777651, "highway": "tertiary", "name": ""}, "geometry": {"type": "LineString", "coordinates": [[-42.8600239, -20.7658007], [-42.8600408, -20.7657784], [-42.8600636, -20.7657613], [-42.8600851, -20.7657522], [-42.8601082, -20.7657478], [-42.8601448, -20.7657506], [-42.8601783, -20.765765], [-42.8602044, -20.7657893], [-42.8602201, -20.7658204], [-42.8602235, -20.7658546], [-42.8602155, -20.7658851], [-42.8601978, -20.7659117], [-42.860172, -20.7659318], [-42.8601411, -20.7659432], [-42.8601079, -20.7659452], [-42.8600791, -20.7659388], [-42.8600532, -20.7659251], [-42.8600325, -20.7659052], [-42.8600184, -20.7658808], [-42.8600121, -20.7658536], [-42.8600141, -20.7658264], [-42.8600239, -20.7658007]]}}, {"type": "Feature", "properties": {"osm_id": 606777652, "highway": "tertiary", "name": "Via da Saúde"}, "geometry": {"type": "LineString", "coordinates": [[-42.8654421, -20.7622138], [-42.8648711, -20.7615211], [-42.8647753, -20.7614373], [-42.8647128, -20.7613869], [-42.8645907, -20.7613304], [-42.86447, -20.7613041], [-42.8643386, -20.7613104], [-42.8641053, -20.7613317], [-42.8637186, -20.7613962], [-42.8636459, -20.761425], [-42.8633419, -20.7614809], [-42.8632682, -20.7615079], [-42.8628177, -20.7616488], [-42.8626281, -20.761623], [-42.8623714, -20.7615967]]}}, {"type": "Feature", "properties": {"osm_id": 606777653, "highway": "tertiary", "name": "Via da Veterinária"}, "geometry": {"type": "LineString", "coordinates": [[-42.8590285, -20.7683327], [-42.8588207, -20.7682088], [-42.8585176, -20.7680721], [-42.8582883, -20.7679982], [-42.8581113, -20.7679493], [-42.8577264, -20.7679029], [-42.8573844, -20.7678916], [-42.8570313, -20.7679296]]}}, {"type": "Feature", "properties": {"osm_id": 606777654, "highway": "residential", "name": "Rua Doutor Gerhardus Lambertus Voorpostel"}, "geometry": {"type": "LineString", "coordinates": [[-42.8642897, -20.7266819], [-42.8640369, -20.726512], [-42.8637592, -20.7261448], [-42.8637157, -20.7260384], [-42.8636979, -20.7259523], [-42.8637157, -20.7255518]]}}, {"type": "Feature", "properties": {"osm_id": 606777655, "highway": "unclassified", "name": ""}, "geometry": {"type": "LineString", "coordinates": [[-42.8580872, -20.7274947], [-42.8579691, -20.7272476], [-42.8579235, -20.7271322], [-42.8579047, -20.7268613], [-42.8578994, -20.7266631], [-42.8578672, -20.7265201], [-42.8577909, -20.7263335], [-42.8576754, -20.7261716], [-42.8575212, -20.7259983], [-42.8574032, -20.7258804], [-42.8573281, -20.725765]]}}, {"type": "Feature", "properties": {"osm_id": 606803104, "highway": "tertiary", "name": ""}, "geometry": {"type": "LineString", "coordinates": [[-42.8512682, -20.7435023], [-42.8513087, -20.7433301], [-42.8513001, -20.7432207], [-42.8512483, -20.743067]]}}, {"type": "Feature", "properties": {"osm_id": 606803113, "highway": "unclassified", "name": ""}, "geometry": {"type": "LineString", "coordinates": [[-42.9067209, -20.7828872], [-42.9067484, -20.78285], [-42.9067625, -20.782818], [-42.9067692, -20.7827723], [-42.9067692, -20.7827278], [-42.9067605, -20.782672], [-42.9067484, -20.7826224], [-42.9067323, -20.782546], [-42.9067223, -20.782487], [-42.9067183, -20.782408], [-42.906729, -20.7823127], [-42.9067518, -20.7822225], [-42.9067987, -20.7820808], [-42.906843, -20.7819253], [-42.9068872, -20.7817147], [-42.9069181, -20.7815818], [-42.9069489, -20.7814438], [-42.906957, -20.7813485], [-42.9069529, -20.7812369], [-42.9069315, -20.7810119], [-42.9069328, -20.7809047], [-42.9069382, -20.7808332], [-42.9069623, -20.7807442], [-42.9069959, -20.7806627], [-42.9070415, -20.7805787], [-42.9071219, -20.7804445], [-42.9072668, -20.7802088], [-42.9074974, -20.7797599], [-42.9075484, -20.7796759], [-42.90759, -20.7796176], [-42.907645, -20.7795505], [-42.9077201, -20.7794878], [-42.9077831, -20.7794477], [-42.9078555, -20.7794239], [-42.9079454, -20.7794025], [-42.9080983, -20.7793963], [-42.9083088, -20.7794214], [-42.9084215, -20.7794289], [-42.9085676, -20.7794251], [-42.9087138, -20.7794], [-42.9088305, -20.7793674], [-42.9088882, -20.7793449], [-42.9089592, -20.7793072], [-42.9090156, -20.779269], [-42.9090659, -20.779227], [-42.9091262, -20.7791743], [-42.9091772, -20.7791436], [-42.9092208, -20.7791254], [-42.9092999, -20.7791054], [-42.9096258, -20.7790214], [-42.9097277, -20.7789461], [-42.9097921, -20.7787505], [-42.9100066, -20.7781587], [-42.9100335, -20.7780333], [-42.9099637, -20.7777875], [-42.9099262, -20.777607], [-42.9100388, -20.7774064], [-42.9106665, -20.7767393], [-42.9108864, -20.7766741], [-42.911101, -20.7766942], [-42.9114175, -20.7768396], [-42.91197, -20.7769449], [-42.91219, -20.7770603], [-42.9122651, -20.7771456], [-42.9122758, -20.7773061], [-42.9122865, -20.7775518], [-42.9124475, -20.7775418], [-42.9126352, -20.7774013], [-42.9128069, -20.7770904], [-42.912823, -20.7767945], [-42.912764, -20.7764935], [-42.9125816, -20.7762528], [-42.9124957, -20.7758114], [-42.9125333, -20.775691], [-42.9126567, -20.775666], [-42.912882, -20.7755957], [-42.9130107, -20.7754252], [-42.9131448, -20.7753099], [-42.9131804, -20.775295], [-42.9133487, -20.7752246], [-42.9134131, -20.7751293], [-42.9133916, -20.7749186], [-42.9132414, -20.7746829], [-42.9130107, -20.7745475], [-42.9128659, -20.7743418], [-42.912603, -20.7742967], [-42.9123563, -20.7741964], [-42.9121149, -20.774066], [-42.9116964, -20.7739556], [-42.9111761, -20.7736697], [-42.9109293, -20.7736497], [-42.9107577, -20.7735694], [-42.9106021, -20.773444], [-42.91013, -20.7732585], [-42.9099798, -20.7732484]]}}, {"type": "Feature", "properties": {"osm_id": 607366426, "highway": "residential", "name": "Rua R"}, "geometry": {"type": "LineString", "coordinates": [[-42.8676345, -20.7435075], [-42.8673567, -20.7439631], [-42.867199, -20.744095], [-42.8668758, -20.7441865], [-42.8662817, -20.7443345], [-42.8658579, -20.7444824], [-42.8658002, -20.7445226]]}}, {"type": "Feature", "properties": {"osm_id": 607465319, "highway": "residential", "name": ""}, "geometry": {"type": "LineString", "coordinates": [[-42.8744557, -20.7245045], [-42.8740004, -20.7245334], [-42.8737646, -20.7245734], [-42.8729349, -20.7248007], [-42.8727052, -20.7248694]]}}, {"type": "Feature", "properties": {"osm_id": 607465320, "highway": "residential", "name": ""}, "geometry": {"type": "LineString", "coordinates": [[-42.8745784, -20.7236336], [-42.8745711, -20.7240999], [-42.874565, -20.724495]]}}, {"type": "Feature", "properties": {"osm_id": 607465322, "highway": "footway", "name": ""}, "geometry": {"type": "LineString", "coordinates": [[-42.867499, -20.7219619], [-42.8671727, -20.7220891], [-42.8670872, -20.7221224]]}}, {"type": "Feature", "properties": {"osm_id": 607465325, "highway": "residential", "name": "Rua Gumercindo Iglesias"}, "geometry": {"type": "LineString", "coordinates": [[-42.8686236, -20.7234069], [-42.8689816, -20.7235243], [-42.8690238, -20.7235191], [-42.8690413, -20.7235022], [-42.8691265, -20.7234053]]}}, {"type": "Feature", "properties": {"osm_id": 607465327, "highway": "residential", "name": ""}, "geometry": {"type": "LineString", "coordinates": [[-42.8713098, -20.7240688], [-42.8714906, -20.7240766], [-42.871967, -20.7239805], [-42.8721836, -20.7238992]]}}, {"type": "Feature", "properties": {"osm_id": 607465335, "highway": "primary", "name": "Avenida Maria de Paula Santana"}, "geometry": {"type": "LineString", "coordinates": [[-42.8645945, -20.7440674], [-42.8647244, -20.7436596], [-42.8647566, -20.7435443], [-42.8647337, -20.7434297]]}}, {"type": "Feature", "properties": {"osm_id": 607465337, "highway": "tertiary", "name": "Avenida Coronel Aristides Bittencourt"}, "geometry": {"type": "LineString", "coordinates": [[-42.8656051, -20.7245725], [-42.8654742, -20.7248507]]}}, {"type": "Feature", "properties": {"osm_id": 607798849, "highway": "unclassified", "name": ""}, "geometry": {"type": "LineString", "coordinates": [[-42.8429689, -20.7470778], [-42.8431828, -20.7475239], [-42.8435552, -20.7478025], [-42.8437673, -20.7479911], [-42.8439757, -20.7482455], [-42.8445914, -20.7488476], [-42.8449759, -20.7495805], [-42.845032, -20.749698]]}}, {"type": "Feature", "properties": {"osm_id": 608376770, "highway": "footway", "name": ""}, "geometry": {"type": "LineString", "coordinates": [[-42.8896228, -20.7510719], [-42.8899531, -20.7509834]]}}, {"type": "Feature", "properties": {"osm_id": 608376771, "highway": "tertiary", "name": "Rua Ezequiel Pinto"}, "geometry": {"type": "LineString", "coordinates": [[-42.896181, -20.7551615], [-42.8963864, -20.7551783]]}}, {"type": "Feature", "properties": {"osm_id": 608376772, "highway": "tertiary", "name": "Rua Ezequiel Pinto"}, "geometry": {"type": "LineString", "coordinates": [[-42.8929435, -20.7546061], [-42.8931248, -20.7546541], [-42.8932616, -20.7546617], [-42.8934038, -20.7546516], [-42.8937605, -20.7545814], [-42.8939053, -20.7545739], [-42.8941238, -20.7546036], [-42.8944318, -20.7546878]]}}, {"type": "Feature", "properties": {"osm_id": 608939323, "highway": "residential", "name": "Rua Dona Militina"}, "geometry": {"type": "LineString", "coordinates": [[-42.8704857, -20.7461896], [-42.8703993, -20.7466178], [-42.8703537, -20.7470519]]}}, {"type": "Feature", "properties": {"osm_id": 642656309, "highway": "secondary", "name": "Avenida Peter Henry Rolfs"}, "geometry": {"type": "LineString", "coordinates": [[-42.8392497, -20.7859164], [-42.8393083, -20.7855583], [-42.8393912, -20.7849895], [-42.8394941, -20.7844562], [-42.8395189, -20.7843452], [-42.8395497, -20.7842487], [-42.8395973, -20.7841114], [-42.8397013, -20.7838537], [-42.8397549, -20.7837453], [-42.8398823, -20.7835296], [-42.8399869, -20.7833973], [-42.8401197, -20.7832412], [-42.8402082, -20.7831553], [-42.8404845, -20.7829259], [-42.8405321, -20.7828964], [-42.8407864, -20.7827176]]}}, {"type": "Feature", "properties": {"osm_id": 683700920, "highway": "residential", "name": ""}, "geometry": {"type": "LineString", "coordinates": [[-42.8647815, -20.7386269], [-42.8638894, -20.7388826]]}}, {"type": "Feature", "properties": {"osm_id": 683700921, "highway": "service", "name": ""}, "geometry": {"type": "LineString", "coordinates": [[-42.8638151, -20.7407051], [-42.8639798, -20.7408439], [-42.8643268, -20.7418399], [-42.8643303, -20.7421056]]}}, {"type": "Feature", "properties": {"osm_id": 683700922, "highway": "residential", "name": "Rua Attanor Ribeiro"}, "geometry": {"type": "LineString", "coordinates": [[-42.8635684, -20.7488438], [-42.8639664, -20.7510239], [-42.8640791, -20.7516171], [-42.8642134, -20.7524052]]}}, {"type": "Feature", "properties": {"osm_id": 683700923, "highway": "residential", "name": "Rua B"}, "geometry": {"type": "LineString", "coordinates": [[-42.8673016, -20.7518192], [-42.8668007, -20.7521066], [-42.8652269, -20.7492386], [-42.8658945, -20.7490023]]}}, {"type": "Feature", "properties": {"osm_id": 683700924, "highway": "residential", "name": ""}, "geometry": {"type": "LineString", "coordinates": [[-42.8668007, -20.7521066], [-42.8671158, -20.7527339]]}}, {"type": "Feature", "properties": {"osm_id": 683700925, "highway": "residential", "name": ""}, "geometry": {"type": "LineString", "coordinates": [[-42.87081, -20.7537428], [-42.8706771, -20.753883], [-42.8704698, -20.7543355]]}}, {"type": "Feature", "properties": {"osm_id": 683700926, "highway": "residential", "name": ""}, "geometry": {"type": "LineString", "coordinates": [[-42.8469593, -20.7671291], [-42.846797, -20.7665159], [-42.8466429, -20.7661643], [-42.8465011, -20.7660836], [-42.8461682, -20.7661701], [-42.8460079, -20.7662969], [-42.8458044, -20.7665332], [-42.8455332, -20.7666485]]}}, {"type": "Feature", "properties": {"osm_id": 683700927, "highway": "residential", "name": ""}, "geometry": {"type": "LineString", "coordinates": [[-42.8460079, -20.7662969], [-42.8457304, -20.7663545], [-42.8452619, -20.7661758]]}}, {"type": "Feature", "properties": {"osm_id": 685515085, "highway": "track", "name": ""}, "geometry": {"type": "LineString", "coordinates": [[-42.845797, -20.7846265], [-42.8458021, -20.7843287], [-42.8454949, -20.7831583], [-42.8455147, -20.782939], [-42.8471432, -20.7827537]]}}, {"type": "Feature", "properties": {"osm_id": 685515086, "highway": "residential", "name": ""}, "geometry": {"type": "LineString", "coordinates": [[-42.8480007, -20.7816413], [-42.8481549, -20.7811818], [-42.8482099, -20.7810476], [-42.8482541, -20.7808984], [-42.8482649, -20.7807993], [-42.848285, -20.780699], [-42.8483158, -20.7806351], [-42.8484634, -20.7803906], [-42.8485747, -20.7801674], [-42.8486712, -20.7799618], [-42.8487691, -20.7796897], [-42.8487986, -20.7796195], [-42.8488469, -20.779553], [-42.8489019, -20.7795029], [-42.8489864, -20.77938], [-42.8490467, -20.7792621], [-42.849099, -20.7791392], [-42.8491487, -20.7789537], [-42.8491876, -20.7786891], [-42.8492023, -20.7784433], [-42.8492077, -20.778343], [-42.8492345, -20.7782377], [-42.8492694, -20.7781625], [-42.8493203, -20.778091], [-42.8493941, -20.7780158]]}}, {"type": "Feature", "properties": {"osm_id": 685515087, "highway": "residential", "name": ""}, "geometry": {"type": "LineString", "coordinates": [[-42.8483158, -20.7806351], [-42.848749, -20.781247]]}}, {"type": "Feature", "properties": {"osm_id": 685515088, "highway": "service", "name": ""}, "geometry": {"type": "LineString", "coordinates": [[-42.8547089, -20.7751188], [-42.8545472, -20.7750619], [-42.8545363, -20.7750213], [-42.8544746, -20.7747932], [-42.8544647, -20.7745739], [-42.8546463, -20.774228]]}}, {"type": "Feature", "properties": {"osm_id": 685515089, "highway": "service", "name": ""}, "geometry": {"type": "LineString", "coordinates": [[-42.8547421, -20.7747654], [-42.8546356, -20.7749222], [-42.8545363, -20.7750213]]}}, {"type": "Feature", "properties": {"osm_id": 685515090, "highway": "service", "name": ""}, "geometry": {"type": "LineString", "coordinates": [[-42.8552971, -20.7741385], [-42.8548412, -20.7748118], [-42.8547421, -20.7747654]]}}, {"type": "Feature", "properties": {"osm_id": 685515091, "highway": "residential", "name": ""}, "geometry": {"type": "LineString", "coordinates": [[-42.8587376, -20.7707518], [-42.8585766, -20.7707694], [-42.8583929, -20.7708058], [-42.8577754, -20.7704575], [-42.8577525, -20.7704446]]}}, {"type": "Feature", "properties": {"osm_id": 685515092, "highway": "track", "name": ""}, "geometry": {"type": "LineString", "coordinates": [[-42.8583929, -20.7708058], [-42.8585017, -20.7708682], [-42.8586812, -20.7709713], [-42.8588368, -20.7710829], [-42.8589696, -20.7712045], [-42.8590742, -20.7713763], [-42.8591537, -20.7717431], [-42.8590748, -20.7720315], [-42.8588854, -20.7725958], [-42.8587207, -20.7729745], [-42.8586816, -20.7733281], [-42.8587138, -20.7735588], [-42.8587138, -20.7738397]]}}, {"type": "Feature", "properties": {"osm_id": 685515093, "highway": "unclassified", "name": ""}, "geometry": {"type": "LineString", "coordinates": [[-42.8583018, -20.7696093], [-42.8583386, -20.769641], [-42.8584881, -20.7697236], [-42.8586182, -20.7697913], [-42.8587557, -20.7698252], [-42.8588455, -20.7698308], [-42.8589743, -20.7698133], [-42.8591453, -20.7697662], [-42.8593437, -20.7696841], [-42.8594443, -20.7696703], [-42.8596757, -20.7696741], [-42.8598634, -20.7696998], [-42.8602684, -20.7698415], [-42.8604931, -20.7699111], [-42.8607197, -20.7699393], [-42.8613827, -20.7700022]]}}, {"type": "Feature", "properties": {"osm_id": 685515094, "highway": "unclassified", "name": ""}, "geometry": {"type": "LineString", "coordinates": [[-42.8587174, -20.7643704], [-42.8587617, -20.7644883], [-42.8588462, -20.7647328], [-42.8589736, -20.7651391], [-42.8590192, -20.765336], [-42.859038, -20.765499]]}}, {"type": "Feature", "properties": {"osm_id": 685515095, "highway": "unclassified", "name": ""}, "geometry": {"type": "LineString", "coordinates": [[-42.8960786, -20.7516876], [-42.8961685, -20.7516475], [-42.8962382, -20.7516054], [-42.8963012, -20.7515358], [-42.8963535, -20.7514662], [-42.8963837, -20.7514073], [-42.8963971, -20.7513559], [-42.8964005, -20.7512794], [-42.8963971, -20.7512029], [-42.8964055, -20.7511593], [-42.8964202, -20.7511276], [-42.8964655, -20.7511006], [-42.8965406, -20.7510788], [-42.8967109, -20.7510624], [-42.8968102, -20.751048], [-42.8968833, -20.7510198], [-42.8969128, -20.7509828], [-42.8969362, -20.7509232], [-42.896949, -20.7508229], [-42.896949, -20.7507263], [-42.8969188, -20.7505269], [-42.8968853, -20.7504235], [-42.896837, -20.7503256], [-42.8967652, -20.7502146], [-42.8966466, -20.7500522], [-42.8965319, -20.7499224], [-42.8963783, -20.7497995], [-42.8961383, -20.7496189]]}}, {"type": "Feature", "properties": {"osm_id": 685515096, "highway": "unclassified", "name": ""}, "geometry": {"type": "LineString", "coordinates": [[-42.8981137, -20.7503363], [-42.8977141, -20.7505733], [-42.8975478, -20.7506473], [-42.8973815, -20.7506962], [-42.896949, -20.7508229]]}}, {"type": "Feature", "properties": {"osm_id": 685515097, "highway": "unclassified", "name": ""}, "geometry": {"type": "LineString", "coordinates": [[-42.8945303, -20.7799204], [-42.8949246, -20.7802376], [-42.8951003, -20.7804132], [-42.8952022, -20.7805762], [-42.8952666, -20.7807291], [-42.8954248, -20.7812194], [-42.8956541, -20.7817172], [-42.8958553, -20.7820331], [-42.895917, -20.7821736], [-42.8959626, -20.7823065], [-42.8960055, -20.7824394], [-42.8960699, -20.7825572], [-42.8963167, -20.7829284]]}}, {"type": "Feature", "properties": {"osm_id": 685515098, "highway": "unclassified", "name": ""}, "geometry": {"type": "LineString", "coordinates": [[-42.8897975, -20.7803749], [-42.8898814, -20.7803473], [-42.8899115, -20.7803307], [-42.8899256, -20.7803129], [-42.8899377, -20.780284], [-42.889937, -20.7802451], [-42.8899196, -20.7801411], [-42.8898653, -20.7799605], [-42.8898472, -20.779884], [-42.8898418, -20.7798088], [-42.8898337, -20.7796207], [-42.8898177, -20.7792935]]}}, {"type": "Feature", "properties": {"osm_id": 685515104, "highway": "residential", "name": ""}, "geometry": {"type": "LineString", "coordinates": [[-42.8543135, -20.7760875], [-42.8542293, -20.7760453], [-42.8534883, -20.7767799], [-42.8530962, -20.7773753]]}}, {"type": "Feature", "properties": {"osm_id": 685516548, "highway": "residential", "name": ""}, "geometry": {"type": "LineString", "coordinates": [[-42.8759383, -20.7831448], [-42.8754688, -20.7834049], [-42.8749313, -20.7837003], [-42.8748057, -20.7837633], [-42.8745926, -20.7838675], [-42.8739687, -20.7841353], [-42.8733375, -20.7843987], [-42.8730788, -20.7845353]]}}, {"type": "Feature", "properties": {"osm_id": 685516549, "highway": "residential", "name": ""}, "geometry": {"type": "LineString", "coordinates": [[-42.8745926, -20.7838675], [-42.8751196, -20.7849222]]}}, {"type": "Feature", "properties": {"osm_id": 685516550, "highway": "residential", "name": ""}, "geometry": {"type": "LineString", "coordinates": [[-42.8737981, -20.7837539], [-42.8739687, -20.7841353], [-42.874455, -20.7851499]]}}, {"type": "Feature", "properties": {"osm_id": 685516551, "highway": "residential", "name": ""}, "geometry": {"type": "LineString", "coordinates": [[-42.8739515, -20.7856044], [-42.873851, -20.7854052], [-42.8733375, -20.7843987], [-42.8727621, -20.78316]]}}, {"type": "Feature", "properties": {"osm_id": 685516552, "highway": "residential", "name": ""}, "geometry": {"type": "LineString", "coordinates": [[-42.873851, -20.7854052], [-42.8734995, -20.7855981], [-42.8734562, -20.7856047], [-42.8734206, -20.7855896], [-42.8733945, -20.7855627], [-42.8732241, -20.7852312], [-42.8731745, -20.7851928], [-42.8731115, -20.7851652], [-42.8730567, -20.7851636], [-42.8727563, -20.785222], [-42.8726958, -20.7852166], [-42.8726341, -20.7851897], [-42.8724262, -20.7850223], [-42.8723558, -20.7849778], [-42.8722872, -20.7849571], [-42.8714299, -20.7850154]]}}, {"type": "Feature", "properties": {"osm_id": 685516553, "highway": "residential", "name": ""}, "geometry": {"type": "LineString", "coordinates": [[-42.8819247, -20.7790061], [-42.882116, -20.7791751], [-42.8821616, -20.7791733], [-42.8822197, -20.7791629], [-42.8822771, -20.7791132], [-42.8828189, -20.7786707], [-42.8828895, -20.7786408], [-42.8828955, -20.7786154], [-42.8828902, -20.778401], [-42.8828966, -20.7783574], [-42.8829086, -20.7783223], [-42.8829304, -20.7782847], [-42.8831114, -20.7780868], [-42.883145, -20.7780223], [-42.8831618, -20.7779631], [-42.8831766, -20.7775987], [-42.8831718, -20.7775293], [-42.883151, -20.7774628], [-42.8829535, -20.7769019], [-42.882923, -20.7768396], [-42.8828909, -20.7767926], [-42.8828506, -20.7767531], [-42.8825299, -20.776588], [-42.8824349, -20.776565], [-42.8823593, -20.7765798], [-42.8822659, -20.7766428], [-42.8821861, -20.7767201], [-42.8820175, -20.7769685], [-42.881688, -20.777379], [-42.8816378, -20.7775371], [-42.8815791, -20.7776415], [-42.8814759, -20.777745], [-42.8813993, -20.7778307], [-42.8813363, -20.7779181]]}}, {"type": "Feature", "properties": {"osm_id": 685516554, "highway": "service", "name": ""}, "geometry": {"type": "LineString", "coordinates": [[-42.8828955, -20.7786154], [-42.8830667, -20.7787616], [-42.8832716, -20.7789227], [-42.8835484, -20.7792109], [-42.8834138, -20.779349]]}}, {"type": "Feature", "properties": {"osm_id": 686773033, "highway": "footway", "name": "Rua Doutor Milton Bandeira"}, "geometry": {"type": "LineString", "coordinates": [[-42.8779024, -20.7531902], [-42.8782136, -20.7530296], [-42.8783691, -20.7530046], [-42.8785569, -20.7530246], [-42.8787983, -20.7530296], [-42.8792757, -20.7529745], [-42.8797371, -20.7528741], [-42.8804206, -20.7525514]]}}, {"type": "Feature", "properties": {"osm_id": 686773122, "highway": "footway", "name": ""}, "geometry": {"type": "LineString", "coordinates": [[-42.8787889, -20.7547564], [-42.8787079, -20.7547649], [-42.8786371, -20.7547594], [-42.8785857, -20.7547328], [-42.8779436, -20.7541013]]}}, {"type": "Feature", "properties": {"osm_id": 686828340, "highway": "footway", "name": "Rua Presidente Tancredo Neves"}, "geometry": {"type": "LineString", "coordinates": [[-42.8804206, -20.7525514], [-42.8805191, -20.7526957], [-42.8806074, -20.7528222], [-42.8809312, -20.7533756]]}}, {"type": "Feature", "properties": {"osm_id": 693405746, "highway": "footway", "name": ""}, "geometry": {"type": "LineString", "coordinates": [[-42.8785857, -20.7547328], [-42.8785715, -20.754746], [-42.8784915, -20.7548201], [-42.8784753, -20.7548351], [-42.8784528, -20.7548559]]}}, {"type": "Feature", "properties": {"osm_id": 693406119, "highway": "footway", "name": ""}, "geometry": {"type": "LineString", "coordinates": [[-42.8779436, -20.7541013], [-42.8778641, -20.7540314], [-42.877846, -20.7539664], [-42.8775447, -20.7537271], [-42.8773748, -20.7535931], [-42.8775061, -20.7535016], [-42.8777224, -20.7533331], [-42.8778712, -20.753215], [-42.8779024, -20.7531902]]}}, {"type": "Feature", "properties": {"osm_id": 720584157, "highway": "tertiary", "name": ""}, "geometry": {"type": "LineString", "coordinates": [[-42.8742826, -20.7558429], [-42.8742845, -20.7558641], [-42.8742789, -20.7558846], [-42.8742677, -20.7559011], [-42.8742518, -20.7559137], [-42.8742325, -20.7559212], [-42.8742118, -20.755923], [-42.8741914, -20.755919], [-42.8741732, -20.7559094], [-42.8741588, -20.755895], [-42.8741497, -20.7558772], [-42.8741468, -20.7558577], [-42.8741504, -20.7558383], [-42.87416, -20.7558207], [-42.8741749, -20.7558068], [-42.8741936, -20.7557976], [-42.8742159, -20.7557942], [-42.8742383, -20.7557978], [-42.8742582, -20.7558079], [-42.8742736, -20.7558235], [-42.8742826, -20.7558429]]}}, {"type": "Feature", "properties": {"osm_id": 720584158, "highway": "secondary", "name": ""}, "geometry": {"type": "LineString", "coordinates": [[-42.8755662, -20.7578059], [-42.8755849, -20.7578129], [-42.8756004, -20.7578251], [-42.875611, -20.7578411], [-42.8756153, -20.7578564], [-42.8756152, -20.7578722], [-42.8756106, -20.7578874], [-42.8756019, -20.7579009], [-42.8755885, -20.7579127], [-42.875572, -20.7579203], [-42.8755538, -20.7579232], [-42.8755355, -20.7579211], [-42.8755186, -20.7579142], [-42.8755046, -20.7579031], [-42.8754962, -20.7578917], [-42.8754908, -20.7578788], [-42.8754888, -20.7578651], [-42.8754912, -20.7578476], [-42.875499, -20.7578315], [-42.8755116, -20.7578183], [-42.8755277, -20.7578091], [-42.875546, -20.7578048], [-42.8755662, -20.7578059]]}}, {"type": "Feature", "properties": {"osm_id": 720584159, "highway": "secondary", "name": ""}, "geometry": {"type": "LineString", "coordinates": [[-42.8752921, -20.7572771], [-42.8753078, -20.7572804], [-42.8753276, -20.7572906], [-42.8753428, -20.7573062], [-42.8753499, -20.7573194], [-42.8753536, -20.7573338], [-42.8753538, -20.7573486], [-42.8753521, -20.7573575], [-42.8753491, -20.7573661], [-42.8753379, -20.7573835], [-42.8753215, -20.7573968], [-42.8753016, -20.7574048], [-42.8752887, -20.7574066], [-42.8752757, -20.7574062], [-42.875271, -20.7574052], [-42.875263, -20.7574035], [-42.8752464, -20.757396], [-42.8752325, -20.7573846], [-42.8752222, -20.7573702], [-42.8752164, -20.7573538], [-42.875215, -20.7573439], [-42.8752156, -20.7573349], [-42.8752206, -20.7573166], [-42.875231, -20.7573004], [-42.875246, -20.7572878], [-42.8752603, -20.7572809], [-42.875276, -20.7572773], [-42.8752921, -20.7572771]]}}, {"type": "Feature", "properties": {"osm_id": 722095905, "highway": "residential", "name": ""}, "geometry": {"type": "LineString", "coordinates": [[-42.8715792, -20.7451167], [-42.8716229, -20.7451442], [-42.8716549, -20.7451855], [-42.8716953, -20.745252], [-42.871752, -20.745312], [-42.8724611, -20.7458754]]}}, {"type": "Feature", "properties": {"osm_id": 722095907, "highway": "residential", "name": ""}, "geometry": {"type": "LineString", "coordinates": [[-42.8926367, -20.7353841], [-42.8929068, -20.7348709]]}}, {"type": "Feature", "properties": {"osm_id": 722095908, "highway": "residential", "name": ""}, "geometry": {"type": "LineString", "coordinates": [[-42.8926615, -20.734524], [-42.8930938, -20.7336526]]}}, {"type": "Feature", "properties": {"osm_id": 722095931, "highway": "trunk", "name": "Rua Honorina de Jesus"}, "geometry": {"type": "LineString", "coordinates": [[-42.8795328, -20.738486], [-42.8796355, -20.7385887]]}}, {"type": "Feature", "properties": {"osm_id": 722095932, "highway": "trunk", "name": "Rua Honorina de Jesus"}, "geometry": {"type": "LineString", "coordinates": [[-42.8796355, -20.7385887], [-42.8797184, -20.7386099], [-42.8797808, -20.738614], [-42.8798392, -20.7385941], [-42.8798822, -20.7385577]]}}, {"type": "Feature", "properties": {"osm_id": 755057738, "highway": "residential", "name": "Travessa Irmã Francisco"}, "geometry": {"type": "LineString", "coordinates": [[-42.88158, -20.763056], [-42.8817358, -20.7628988], [-42.881929, -20.7627069]]}}, {"type": "Feature", "properties": {"osm_id": 755057835, "highway": "residential", "name": ""}, "geometry": {"type": "LineString", "coordinates": [[-42.8812639, -20.7586948], [-42.8814534, -20.7583826]]}}, {"type": "Feature", "properties": {"osm_id": 755059655, "highway": "residential", "name": "Rua Pio Poleto"}, "geometry": {"type": "LineString", "coordinates": [[-42.8646374, -20.7457583], [-42.8644349, -20.7455663], [-42.8642335, -20.7454786]]}}, {"type": "Feature", "properties": {"osm_id": 755059849, "highway": "residential", "name": "Rua Manoel Venute"}, "geometry": {"type": "LineString", "coordinates": [[-42.8841435, -20.731075], [-42.8842673, -20.7309854], [-42.8849818, -20.7307256]]}}, {"type": "Feature", "properties": {"osm_id": 760572092, "highway": "secondary", "name": "Avenida Peter Henry Rolfs"}, "geometry": {"type": "LineString", "coordinates": [[-42.8442862, -20.7820948], [-42.8442821, -20.7820766], [-42.8442826, -20.782058], [-42.8442876, -20.78204], [-42.8442995, -20.7820201], [-42.8443167, -20.7820041], [-42.8443381, -20.7819931], [-42.8443619, -20.7819881], [-42.8443862, -20.7819895], [-42.8444092, -20.7819971], [-42.844429, -20.7820103], [-42.8444442, -20.7820282], [-42.8444523, -20.7820456], [-42.8444559, -20.7820644], [-42.8444548, -20.7820834], [-42.8444489, -20.7821016], [-42.8444341, -20.7821234], [-42.8444126, -20.7821398], [-42.8443868, -20.7821491], [-42.8443601, -20.7821504], [-42.8443343, -20.7821441], [-42.8443117, -20.7821308], [-42.8442945, -20.7821117], [-42.8442862, -20.7820948]]}}, {"type": "Feature", "properties": {"osm_id": 760572093, "highway": "secondary", "name": "Avenida Peter Henry Rolfs"}, "geometry": {"type": "LineString", "coordinates": [[-42.8444442, -20.7820282], [-42.8480007, -20.7816413], [-42.8488965, -20.7815586], [-42.8495339, -20.781436]]}}, {"type": "Feature", "properties": {"osm_id": 762843846, "highway": "tertiary", "name": ""}, "geometry": {"type": "LineString", "coordinates": [[-42.8813681, -20.7540529], [-42.8813329, -20.7540844]]}}, {"type": "Feature", "properties": {"osm_id": 762843847, "highway": "tertiary", "name": "Rua Virgílio Val"}, "geometry": {"type": "LineString", "coordinates": [[-42.8809829, -20.7533892], [-42.8811399, -20.7533451]]}}, {"type": "Feature", "properties": {"osm_id": 807888546, "highway": "residential", "name": ""}, "geometry": {"type": "LineString", "coordinates": [[-42.8855534, -20.756274], [-42.885958, -20.7558368], [-42.8860921, -20.7557339], [-42.8862436, -20.7557514]]}}, {"type": "Feature", "properties": {"osm_id": 808018592, "highway": "service", "name": ""}, "geometry": {"type": "LineString", "coordinates": [[-42.8450489, -20.7359497], [-42.8450765, -20.7359049], [-42.8450972, -20.7358569], [-42.8451088, -20.735815], [-42.8451151, -20.7357722], [-42.845116, -20.735729], [-42.8450945, -20.7356336], [-42.8449872, -20.7353803]]}}, {"type": "Feature", "properties": {"osm_id": 808018593, "highway": "service", "name": ""}, "geometry": {"type": "LineString", "coordinates": [[-42.8454888, -20.7367348], [-42.8454984, -20.7366638], [-42.8455005, -20.7365922], [-42.8454951, -20.7365208], [-42.8454822, -20.7364502], [-42.845462, -20.7363812], [-42.8454316, -20.736308], [-42.845393, -20.7362384], [-42.8453466, -20.7361731], [-42.845293, -20.7361127], [-42.8451803, -20.7360626], [-42.8450891, -20.7360174], [-42.8450489, -20.7359497]]}}, {"type": "Feature", "properties": {"osm_id": 808018594, "highway": "service", "name": ""}, "geometry": {"type": "LineString", "coordinates": [[-42.8454834, -20.735892], [-42.8452313, -20.7359271], [-42.8450489, -20.7359497]]}}, {"type": "Feature", "properties": {"osm_id": 808018595, "highway": "footway", "name": ""}, "geometry": {"type": "LineString", "coordinates": [[-42.8426886, -20.7338677], [-42.8424472, -20.7344898]]}}, {"type": "Feature", "properties": {"osm_id": 808018596, "highway": "residential", "name": ""}, "geometry": {"type": "LineString", "coordinates": [[-42.8443059, -20.7347281], [-42.8442657, -20.7346528], [-42.8441799, -20.7345525], [-42.8439868, -20.7343744], [-42.8439224, -20.7343418], [-42.8426886, -20.7338677], [-42.8422192, -20.7336946], [-42.8421664, -20.7336569], [-42.8421196, -20.7336129], [-42.8420797, -20.7335632], [-42.8420475, -20.7335089], [-42.842028, -20.7334639], [-42.8420139, -20.7334172], [-42.8420051, -20.7333693], [-42.8420019, -20.7333208], [-42.8419805, -20.733223], [-42.8419536, -20.7331778], [-42.8418142, -20.7331026], [-42.8417895, -20.7330971], [-42.8417641, -20.7330962]]}}, {"type": "Feature", "properties": {"osm_id": 808018597, "highway": "residential", "name": ""}, "geometry": {"type": "LineString", "coordinates": [[-42.8437688, -20.7349956], [-42.8436863, -20.7349589], [-42.8424472, -20.7344898], [-42.8416586, -20.7342088], [-42.8415915, -20.7342063], [-42.8415352, -20.7342314]]}}, {"type": "Feature", "properties": {"osm_id": 808018598, "highway": "residential", "name": ""}, "geometry": {"type": "LineString", "coordinates": [[-42.8417641, -20.7330962], [-42.8417391, -20.7331001], [-42.8417055, -20.7331135], [-42.8416774, -20.7331352], [-42.841619, -20.7332335], [-42.8415696, -20.7333361], [-42.8415296, -20.7334422], [-42.8414993, -20.7335511], [-42.8414789, -20.733662], [-42.8414695, -20.733756], [-42.8414672, -20.7338503], [-42.8414721, -20.7339446], [-42.841484, -20.7340383], [-42.841503, -20.7341311], [-42.8415352, -20.7342314], [-42.8415641, -20.7343252], [-42.8416007, -20.7344166], [-42.8416448, -20.7345051], [-42.8416961, -20.7345901], [-42.8417596, -20.7346777], [-42.8418308, -20.7347599], [-42.8419091, -20.7348362], [-42.8419941, -20.734906], [-42.8420851, -20.7349689], [-42.8422058, -20.7350441], [-42.8431526, -20.7354806], [-42.8431843, -20.7354957], [-42.8432189, -20.7355034], [-42.8432545, -20.7355032], [-42.8432881, -20.7354954], [-42.8433189, -20.7354806], [-42.8437688, -20.7349956], [-42.8441799, -20.7345525]]}}, {"type": "Feature", "properties": {"osm_id": 808018599, "highway": "residential", "name": ""}, "geometry": {"type": "LineString", "coordinates": [[-42.8443059, -20.7347281], [-42.8445178, -20.734713], [-42.8448156, -20.7346955], [-42.8449899, -20.7346804]]}}, {"type": "Feature", "properties": {"osm_id": 808018600, "highway": "residential", "name": ""}, "geometry": {"type": "LineString", "coordinates": [[-42.8449899, -20.7348033], [-42.844805, -20.7347961], [-42.8445393, -20.7347858], [-42.844314, -20.7348259]]}}, {"type": "Feature", "properties": {"osm_id": 808018601, "highway": "residential", "name": ""}, "geometry": {"type": "LineString", "coordinates": [[-42.8445688, -20.7369581], [-42.84455, -20.7368979], [-42.8445527, -20.7365492], [-42.8445442, -20.7365057], [-42.8445286, -20.7364639], [-42.8445029, -20.7364201], [-42.8444695, -20.7363812], [-42.844086, -20.7360626], [-42.84407, -20.7360219], [-42.8440592, -20.7359798], [-42.8440538, -20.7359373], [-42.8440538, -20.7358945], [-42.8441021, -20.7354856], [-42.8441273, -20.7354089], [-42.8441611, -20.7353351], [-42.8441935, -20.7352798], [-42.8442308, -20.7352273], [-42.8442583, -20.7351691], [-42.8442818, -20.7351094], [-42.8443014, -20.7350472], [-42.8443167, -20.7349839], [-42.844314, -20.7348259], [-42.8443059, -20.7347281]]}}, {"type": "Feature", "properties": {"osm_id": 808018602, "highway": "residential", "name": ""}, "geometry": {"type": "LineString", "coordinates": [[-42.845175, -20.7367624], [-42.8451515, -20.7367876], [-42.8451245, -20.7368095], [-42.8450945, -20.7368277], [-42.8450503, -20.7368455], [-42.8450033, -20.7368552], [-42.8446332, -20.736933], [-42.8445996, -20.7369424], [-42.8445688, -20.7369581], [-42.8445454, -20.7369763], [-42.8445259, -20.7369982], [-42.8443167, -20.7374924], [-42.8442895, -20.7375115], [-42.8442578, -20.7375229], [-42.844224, -20.7375258], [-42.8441906, -20.73752], [-42.8441626, -20.7375073], [-42.8441388, -20.7374886], [-42.8441209, -20.7374648], [-42.8440858, -20.7373658], [-42.8440598, -20.7372644], [-42.8440431, -20.7371613], [-42.8440367, -20.737082], [-42.8440358, -20.7370024], [-42.8440404, -20.736923], [-42.8441155, -20.7364614]]}}, {"type": "Feature", "properties": {"osm_id": 808018603, "highway": "residential", "name": ""}, "geometry": {"type": "LineString", "coordinates": [[-42.8492412, -20.7348736], [-42.8492573, -20.7347506], [-42.8494987, -20.7340633], [-42.8495032, -20.7340283], [-42.8495014, -20.7339931], [-42.8494909, -20.7339516], [-42.8494719, -20.7339128], [-42.8491715, -20.7337573], [-42.8490818, -20.733737]]}}, {"type": "Feature", "properties": {"osm_id": 808018604, "highway": "residential", "name": ""}, "geometry": {"type": "LineString", "coordinates": [[-42.8478813, -20.7328015], [-42.8479913, -20.7328191], [-42.8487128, -20.7331853], [-42.8487262, -20.7332255], [-42.8485492, -20.7341837], [-42.8484017, -20.7349463], [-42.8483962, -20.7350243], [-42.8483998, -20.7351024], [-42.8484124, -20.7351796], [-42.8484336, -20.7352543], [-42.8484632, -20.7353265], [-42.8485009, -20.7353953], [-42.8486484, -20.7355985], [-42.8486756, -20.7356448], [-42.8486967, -20.7356938], [-42.8487132, -20.7357533], [-42.8487209, -20.7358142], [-42.8487396, -20.7363485]]}}, {"type": "Feature", "properties": {"osm_id": 808018605, "highway": "service", "name": ""}, "geometry": {"type": "LineString", "coordinates": [[-42.8477713, -20.7341862], [-42.8481039, -20.734106], [-42.8485492, -20.7341837]]}}, {"type": "Feature", "properties": {"osm_id": 808018606, "highway": "residential", "name": ""}, "geometry": {"type": "LineString", "coordinates": [[-42.8470552, -20.735453], [-42.8470926, -20.7355486], [-42.847138, -20.7356411], [-42.8471911, -20.7357299], [-42.8472517, -20.7358145], [-42.8473192, -20.7358943], [-42.8473934, -20.7359688], [-42.8474736, -20.7360375], [-42.8475674, -20.7361053], [-42.8476671, -20.7361653], [-42.8477721, -20.7362169], [-42.8478814, -20.7362599], [-42.8479943, -20.7362938], [-42.8481099, -20.7363184], [-42.8482273, -20.7363335], [-42.8484473, -20.7363611], [-42.8487396, -20.7363485]]}}, {"type": "Feature", "properties": {"osm_id": 808018607, "highway": "residential", "name": ""}, "geometry": {"type": "LineString", "coordinates": [[-42.8484714, -20.7370183], [-42.8484473, -20.7363611]]}}, {"type": "Feature", "properties": {"osm_id": 808018608, "highway": "residential", "name": ""}, "geometry": {"type": "LineString", "coordinates": [[-42.8489102, -20.7370382], [-42.8487906, -20.7370835], [-42.8484714, -20.7370183], [-42.8471759, -20.7367976]]}}, {"type": "Feature", "properties": {"osm_id": 808018609, "highway": "service", "name": ""}, "geometry": {"type": "LineString", "coordinates": [[-42.851758, -20.7423002], [-42.8518328, -20.7422593], [-42.8519422, -20.7422521], [-42.8523056, -20.7424315]]}}, {"type": "Feature", "properties": {"osm_id": 824421201, "highway": "secondary", "name": "Avenida Peter Henry Rolfs"}, "geometry": {"type": "LineString", "coordinates": [[-42.8407796, -20.7827801], [-42.8405568, -20.7829378], [-42.8403631, -20.783097], [-42.8402216, -20.7832318], [-42.8401083, -20.7833534], [-42.8400312, -20.7834412], [-42.8399621, -20.7835315], [-42.8398716, -20.783675], [-42.8398179, -20.7837666], [-42.8397515, -20.7839014], [-42.8396992, -20.7840104], [-42.8396577, -20.7841208], [-42.8396161, -20.7842499], [-42.8395732, -20.7844317], [-42.8394672, -20.7849847], [-42.8393246, -20.7859224]]}}, {"type": "Feature", "properties": {"osm_id": 824421204, "highway": "secondary", "name": "Avenida Peter Henry Rolfs"}, "geometry": {"type": "LineString", "coordinates": [[-42.8442945, -20.7821117], [-42.8440739, -20.7821272], [-42.8437085, -20.7821642], [-42.8433873, -20.782198], [-42.8432002, -20.7822181], [-42.8431237, -20.782225], [-42.8430434, -20.7822406], [-42.842989, -20.7822506], [-42.8425801, -20.7823028], [-42.8424894, -20.7823126], [-42.8421883, -20.7823451], [-42.8418236, -20.7823858], [-42.8416231, -20.7824273], [-42.8414563, -20.7824889], [-42.8412584, -20.782552], [-42.8409264, -20.7826964]]}}, {"type": "Feature", "properties": {"osm_id": 824426816, "highway": "residential", "name": ""}, "geometry": {"type": "LineString", "coordinates": [[-42.8512381, -20.7782766], [-42.8510517, -20.7790214], [-42.85099, -20.7793022]]}}, {"type": "Feature", "properties": {"osm_id": 824450084, "highway": "residential", "name": ""}, "geometry": {"type": "LineString", "coordinates": [[-42.8510517, -20.7790214], [-42.850931, -20.7790778], [-42.8508545, -20.7791455], [-42.8507687, -20.7792032], [-42.8507218, -20.7792132], [-42.8506722, -20.7792032], [-42.8506427, -20.7791794], [-42.850589, -20.7790828], [-42.85053, -20.778975], [-42.8504884, -20.7789411], [-42.8504442, -20.7789286], [-42.8504026, -20.7789361], [-42.8503194, -20.7789687]]}}, {"type": "Feature", "properties": {"osm_id": 824471991, "highway": "residential", "name": ""}, "geometry": {"type": "LineString", "coordinates": [[-42.8479785, -20.781714], [-42.8480007, -20.7816413]]}}, {"type": "Feature", "properties": {"osm_id": 832643971, "highway": "tertiary", "name": "Avenida Jacob Lopes de Castro"}, "geometry": {"type": "LineString", "coordinates": [[-42.8790083, -20.7362919], [-42.8789999, -20.73623], [-42.8789855, -20.7360747], [-42.8789822, -20.7360041], [-42.8789717, -20.7354502], [-42.8790012, -20.7348432], [-42.8790682, -20.7345538], [-42.8791004, -20.734461], [-42.8792345, -20.7343431], [-42.8794062, -20.7342754], [-42.8798675, -20.73417]]}}, {"type": "Feature", "properties": {"osm_id": 836363407, "highway": "secondary", "name": ""}, "geometry": {"type": "LineString", "coordinates": [[-42.8477302, -20.7296411], [-42.8475404, -20.7293304], [-42.8472319, -20.7290419], [-42.8468207, -20.728857], [-42.8466071, -20.7287091], [-42.8465281, -20.7286499], [-42.8464094, -20.7284058], [-42.8462592, -20.7279916], [-42.846014, -20.7275996], [-42.8456818, -20.7272002], [-42.8453734, -20.7268821], [-42.844804, -20.7265936], [-42.8441634, -20.7262608], [-42.8438233, -20.7261054], [-42.843681, -20.7259649], [-42.8435386, -20.7258318], [-42.8434595, -20.7256616], [-42.8432525, -20.7251291], [-42.8429937, -20.7243011], [-42.8427064, -20.7237911], [-42.8426067, -20.7234249], [-42.8427101, -20.7230118], [-42.8428265, -20.7227092], [-42.8428343, -20.7222037], [-42.8428144, -20.7219125], [-42.8428032, -20.7217491], [-42.8428187, -20.7212217], [-42.8428926, -20.720778], [-42.8430442, -20.720007], [-42.8430831, -20.7198833], [-42.8431453, -20.7197778], [-42.8432542, -20.7196651], [-42.8435731, -20.7194032], [-42.8437325, -20.7192505], [-42.8439114, -20.7190286], [-42.8441797, -20.7185776], [-42.8443158, -20.7183994], [-42.8444908, -20.7182576], [-42.8447124, -20.7181157], [-42.8450002, -20.7179048], [-42.8451393, -20.7177807]]}}, {"type": "Feature", "properties": {"osm_id": 836492838, "highway": "track", "name": ""}, "geometry": {"type": "LineString", "coordinates": [[-42.8617738, -20.7231573], [-42.8617685, -20.7229302], [-42.8617444, -20.7227571], [-42.8616974, -20.7223482]]}}, {"type": "Feature", "properties": {"osm_id": 836996960, "highway": "residential", "name": ""}, "geometry": {"type": "LineString", "coordinates": [[-42.8956394, -20.7727418], [-42.8954657, -20.7728338]]}}, {"type": "Feature", "properties": {"osm_id": 837000646, "highway": "residential", "name": ""}, "geometry": {"type": "LineString", "coordinates": [[-42.9027231, -20.7728698], [-42.9028874, -20.7729606], [-42.9030463, -20.7730064], [-42.9032904, -20.7730353]]}}, {"type": "Feature", "properties": {"osm_id": 837001826, "highway": "service", "name": ""}, "geometry": {"type": "LineString", "coordinates": [[-42.9018749, -20.7786583], [-42.902353, -20.7789637], [-42.9025246, -20.7790665], [-42.9026252, -20.7791254], [-42.9027003, -20.7791869], [-42.9027687, -20.7792521], [-42.9028961, -20.7793819]]}}, {"type": "Feature", "properties": {"osm_id": 838944778, "highway": "residential", "name": ""}, "geometry": {"type": "LineString", "coordinates": [[-42.8777848, -20.7812018], [-42.8777673, -20.7812283], [-42.8777419, -20.7812484], [-42.8777111, -20.7812602], [-42.877678, -20.7812625], [-42.8776457, -20.7812552], [-42.8776174, -20.7812389], [-42.8775959, -20.7812152], [-42.8775832, -20.7811864], [-42.8775807, -20.7811554], [-42.8775885, -20.7811252], [-42.8776059, -20.7810987], [-42.8776313, -20.7810786], [-42.8776621, -20.7810667], [-42.8776953, -20.7810644], [-42.8777276, -20.7810717], [-42.877756, -20.781088], [-42.8777775, -20.7811118], [-42.8777901, -20.7811406], [-42.8777926, -20.7811716], [-42.8777848, -20.7812018]]}}, {"type": "Feature", "properties": {"osm_id": 838944781, "highway": "residential", "name": ""}, "geometry": {"type": "LineString", "coordinates": [[-42.8781905, -20.7796952], [-42.8781931, -20.7797364], [-42.8781947, -20.779762], [-42.8781703, -20.7799417], [-42.8781083, -20.7801055], [-42.8780273, -20.7802797], [-42.8779411, -20.7804934], [-42.8778732, -20.7806597], [-42.8778296, -20.7807797], [-42.877818, -20.7808116]]}}, {"type": "Feature", "properties": {"osm_id": 838956540, "highway": "residential", "name": ""}, "geometry": {"type": "LineString", "coordinates": [[-42.8784848, -20.7780409], [-42.8784374, -20.7781948]]}}, {"type": "Feature", "properties": {"osm_id": 838956541, "highway": "residential", "name": ""}, "geometry": {"type": "LineString", "coordinates": [[-42.8790601, -20.7805505], [-42.8790812, -20.7805384], [-42.8791066, -20.7805243], [-42.8791321, -20.7805179], [-42.8791616, -20.7805154], [-42.8791951, -20.7805165], [-42.8792061, -20.7805276], [-42.8792199, -20.780541], [-42.8792076, -20.780584], [-42.8792032, -20.7806064], [-42.8791909, -20.780626], [-42.8791723, -20.7806405], [-42.8791496, -20.7806483], [-42.8791254, -20.7806483], [-42.8791026, -20.7806407], [-42.8790593, -20.7806158], [-42.8790176, -20.7805958], [-42.8790223, -20.7805717], [-42.8790601, -20.7805505]]}}, {"type": "Feature", "properties": {"osm_id": 838956542, "highway": "residential", "name": ""}, "geometry": {"type": "LineString", "coordinates": [[-42.8793268, -20.7806484], [-42.8793584, -20.7806738], [-42.8795314, -20.7808717], [-42.8799866, -20.7813894], [-42.8800652, -20.7815105], [-42.8801349, -20.7816543], [-42.8801944, -20.7818076], [-42.88025, -20.7819918], [-42.8802753, -20.7820918], [-42.8803099, -20.7825581], [-42.8803939, -20.7831988], [-42.8804389, -20.7834684]]}}, {"type": "Feature", "properties": {"osm_id": 838956543, "highway": "residential", "name": ""}, "geometry": {"type": "LineString", "coordinates": [[-42.8763772, -20.7814726], [-42.876375, -20.7814361], [-42.8763869, -20.7814013], [-42.8764114, -20.7813728], [-42.8764451, -20.7813544], [-42.8764839, -20.7813485], [-42.8765222, -20.7813561], [-42.8765551, -20.7813761], [-42.8765781, -20.7814058], [-42.8765881, -20.7814412], [-42.8765845, -20.7814755], [-42.8765688, -20.7815065], [-42.8765427, -20.7815308], [-42.8765093, -20.7815454], [-42.8764659, -20.7815478], [-42.876425, -20.7815339], [-42.8763933, -20.7815059], [-42.8763772, -20.7814726]]}}, {"type": "Feature", "properties": {"osm_id": 838956544, "highway": "residential", "name": ""}, "geometry": {"type": "LineString", "coordinates": [[-42.8763957, -20.7817301], [-42.8763764, -20.7818288], [-42.8763337, -20.7819812], [-42.8762902, -20.7821831], [-42.8762473, -20.782382], [-42.8761367, -20.7828453]]}}, {"type": "Feature", "properties": {"osm_id": 838967584, "highway": "service", "name": ""}, "geometry": {"type": "LineString", "coordinates": [[-42.8720698, -20.7715545], [-42.8712447, -20.7708484]]}}, {"type": "Feature", "properties": {"osm_id": 838967585, "highway": "service", "name": "Via da Garagem"}, "geometry": {"type": "LineString", "coordinates": [[-42.872063, -20.7716443], [-42.872056, -20.7716142], [-42.8720583, -20.7715834], [-42.8720698, -20.7715545], [-42.8720896, -20.7715298], [-42.872116, -20.7715113], [-42.8721469, -20.7715005], [-42.8721798, -20.7714982], [-42.8722121, -20.7715048], [-42.8722411, -20.7715196], [-42.8722644, -20.7715414], [-42.8722802, -20.7715685], [-42.8722873, -20.7715986], [-42.8722849, -20.7716294], [-42.8722734, -20.7716583], [-42.8722536, -20.771683], [-42.8722272, -20.7717015], [-42.8721963, -20.7717123], [-42.8721634, -20.7717145], [-42.8721311, -20.771708], [-42.8721022, -20.7716932], [-42.8720975, -20.7716888], [-42.8720788, -20.7716714], [-42.872063, -20.7716443]]}}, {"type": "Feature", "properties": {"osm_id": 838967586, "highway": "service", "name": "Via da Garagem"}, "geometry": {"type": "LineString", "coordinates": [[-42.8720975, -20.7716888], [-42.8704133, -20.7731855]]}}, {"type": "Feature", "properties": {"osm_id": 838967587, "highway": "service", "name": ""}, "geometry": {"type": "LineString", "coordinates": [[-42.8798016, -20.7768569], [-42.8799757, -20.7766606], [-42.8804052, -20.776049], [-42.8802431, -20.77596]]}}, {"type": "Feature", "properties": {"osm_id": 839233865, "highway": "service", "name": ""}, "geometry": {"type": "LineString", "coordinates": [[-42.8614064, -20.7791756], [-42.8623693, -20.779479]]}}, {"type": "Feature", "properties": {"osm_id": 839233866, "highway": "service", "name": ""}, "geometry": {"type": "LineString", "coordinates": [[-42.8628019, -20.7777495], [-42.8627324, -20.7782108], [-42.862726, -20.7784659], [-42.8626737, -20.7786628], [-42.8625852, -20.7789085], [-42.8625128, -20.7791066], [-42.8623693, -20.779479]]}}, {"type": "Feature", "properties": {"osm_id": 839271287, "highway": "residential", "name": ""}, "geometry": {"type": "LineString", "coordinates": [[-42.8765093, -20.7815454], [-42.8764978, -20.7815936], [-42.8764393, -20.7816815], [-42.8763957, -20.7817301]]}}, {"type": "Feature", "properties": {"osm_id": 839271288, "highway": "residential", "name": ""}, "geometry": {"type": "LineString", "coordinates": [[-42.8763957, -20.7817301], [-42.8763903, -20.7816345], [-42.8763909, -20.781557], [-42.8763933, -20.7815059]]}}, {"type": "Feature", "properties": {"osm_id": 839271289, "highway": "service", "name": ""}, "geometry": {"type": "LineString", "coordinates": [[-42.8761014, -20.7803143], [-42.8759775, -20.7801876], [-42.8758004, -20.7801448], [-42.8756459, -20.7801264], [-42.8755322, -20.7801536]]}}, {"type": "Feature", "properties": {"osm_id": 839271290, "highway": "residential", "name": ""}, "geometry": {"type": "LineString", "coordinates": [[-42.876781, -20.7812692], [-42.8766945, -20.7813641], [-42.87662, -20.7814226], [-42.8765881, -20.7814412]]}}, {"type": "Feature", "properties": {"osm_id": 839271291, "highway": "residential", "name": ""}, "geometry": {"type": "LineString", "coordinates": [[-42.8777926, -20.7811716], [-42.8778316, -20.7812604], [-42.8778766, -20.7813678]]}}, {"type": "Feature", "properties": {"osm_id": 839271292, "highway": "residential", "name": ""}, "geometry": {"type": "LineString", "coordinates": [[-42.8778766, -20.7813678], [-42.8777605, -20.7813141], [-42.877678, -20.7812625]]}}, {"type": "Feature", "properties": {"osm_id": 839271293, "highway": "residential", "name": ""}, "geometry": {"type": "LineString", "coordinates": [[-42.8773577, -20.7811733], [-42.8774853, -20.7811365], [-42.8776059, -20.7810987]]}}, {"type": "Feature", "properties": {"osm_id": 839271294, "highway": "residential", "name": ""}, "geometry": {"type": "LineString", "coordinates": [[-42.8776174, -20.7812389], [-42.8774549, -20.7812018], [-42.8773577, -20.7811733]]}}, {"type": "Feature", "properties": {"osm_id": 839271295, "highway": "residential", "name": ""}, "geometry": {"type": "LineString", "coordinates": [[-42.8776621, -20.7810667], [-42.8777194, -20.7809739], [-42.8777542, -20.7809123], [-42.877818, -20.7808116]]}}, {"type": "Feature", "properties": {"osm_id": 839271296, "highway": "residential", "name": ""}, "geometry": {"type": "LineString", "coordinates": [[-42.877818, -20.7808116], [-42.8778011, -20.7809102], [-42.87779, -20.7810062], [-42.8777775, -20.7811118]]}}, {"type": "Feature", "properties": {"osm_id": 839271297, "highway": "residential", "name": ""}, "geometry": {"type": "LineString", "coordinates": [[-42.8793268, -20.7806484], [-42.8792656, -20.7806322], [-42.8792188, -20.7806283], [-42.8791909, -20.780626]]}}, {"type": "Feature", "properties": {"osm_id": 839271298, "highway": "residential", "name": ""}, "geometry": {"type": "LineString", "coordinates": [[-42.8792199, -20.780541], [-42.8792401, -20.7805589], [-42.8792699, -20.7805827], [-42.8793268, -20.7806484]]}}, {"type": "Feature", "properties": {"osm_id": 839271299, "highway": "residential", "name": ""}, "geometry": {"type": "LineString", "coordinates": [[-42.8790213, -20.780768], [-42.8790055, -20.7807092], [-42.8790076, -20.7806795], [-42.8790104, -20.7806442], [-42.8790152, -20.7806165], [-42.8790176, -20.7805958]]}}, {"type": "Feature", "properties": {"osm_id": 839271300, "highway": "residential", "name": ""}, "geometry": {"type": "LineString", "coordinates": [[-42.8791026, -20.7806407], [-42.8790735, -20.7806834], [-42.8790511, -20.7807236], [-42.8790213, -20.780768]]}}, {"type": "Feature", "properties": {"osm_id": 839271301, "highway": "residential", "name": ""}, "geometry": {"type": "LineString", "coordinates": [[-42.8790223, -20.7805717], [-42.879016, -20.7805159], [-42.8790117, -20.7804432], [-42.8790175, -20.7804005], [-42.8790253, -20.7803572], [-42.8790571, -20.7802974]]}}, {"type": "Feature", "properties": {"osm_id": 839271302, "highway": "footway", "name": ""}, "geometry": {"type": "LineString", "coordinates": [[-42.8789237, -20.7801284], [-42.8788553, -20.7799437]]}}, {"type": "Feature", "properties": {"osm_id": 839285097, "highway": "residential", "name": ""}, "geometry": {"type": "LineString", "coordinates": [[-42.8782339, -20.7826646], [-42.8783797, -20.782558]]}}, {"type": "Feature", "properties": {"osm_id": 839285098, "highway": "residential", "name": ""}, "geometry": {"type": "LineString", "coordinates": [[-42.8782339, -20.7826646], [-42.8782488, -20.7824362]]}}, {"type": "Feature", "properties": {"osm_id": 839285099, "highway": "residential", "name": ""}, "geometry": {"type": "LineString", "coordinates": [[-42.8789338, -20.7827986], [-42.8788418, -20.7828653], [-42.878738, -20.7829464]]}}, {"type": "Feature", "properties": {"osm_id": 839285100, "highway": "residential", "name": ""}, "geometry": {"type": "LineString", "coordinates": [[-42.8786976, -20.782721], [-42.8787379, -20.7828311], [-42.878738, -20.7829464]]}}, {"type": "Feature", "properties": {"osm_id": 839285101, "highway": "residential", "name": ""}, "geometry": {"type": "LineString", "coordinates": [[-42.8769348, -20.7809843], [-42.8770784, -20.7811617]]}}, {"type": "Feature", "properties": {"osm_id": 839285102, "highway": "residential", "name": ""}, "geometry": {"type": "LineString", "coordinates": [[-42.8769207, -20.7811904], [-42.8769348, -20.7809843]]}}, {"type": "Feature", "properties": {"osm_id": 839298819, "highway": "service", "name": ""}, "geometry": {"type": "LineString", "coordinates": [[-42.8625476, -20.7811642], [-42.862372, -20.7810752], [-42.862316, -20.7810482], [-42.862211, -20.7809975], [-42.8620192, -20.780921], [-42.8619361, -20.7808783], [-42.8619079, -20.780847], [-42.8619026, -20.7807918], [-42.8619066, -20.7806157]]}}, {"type": "Feature", "properties": {"osm_id": 839298820, "highway": "unclassified", "name": ""}, "geometry": {"type": "LineString", "coordinates": [[-42.8628592, -20.7918806], [-42.8627628, -20.7917096], [-42.8625864, -20.7916971], [-42.8622005, -20.7917873], [-42.8617112, -20.7916084], [-42.8617262, -20.7914632], [-42.8618514, -20.7911353], [-42.8620118, -20.7904983], [-42.8622923, -20.7900253], [-42.8625979, -20.7896552], [-42.8631691, -20.7893742], [-42.8634609, -20.7889605], [-42.8634046, -20.7888928], [-42.8633644, -20.7888163], [-42.8632557, -20.7885643], [-42.8630975, -20.7882132], [-42.8629178, -20.7878095], [-42.8628145, -20.78755], [-42.862726, -20.7873907], [-42.8625597, -20.7871187], [-42.862376, -20.7868391], [-42.8621681, -20.7865494], [-42.8620259, -20.7863538], [-42.8619629, -20.7862498], [-42.8619213, -20.7861482], [-42.8618959, -20.7860053], [-42.8618905, -20.7858511], [-42.8619361, -20.7855063], [-42.8620031, -20.7852793], [-42.8620581, -20.785026], [-42.8620769, -20.7848079], [-42.8620863, -20.7845747], [-42.8621292, -20.7843089], [-42.8621735, -20.7841233], [-42.8622445, -20.7839064], [-42.8624256, -20.7835854], [-42.8624631, -20.7834914], [-42.8624859, -20.7834099], [-42.8624859, -20.7832594], [-42.8624739, -20.7828707], [-42.8624484, -20.7827253], [-42.8624122, -20.7825961], [-42.8623465, -20.7823942], [-42.8622875, -20.7821598], [-42.8622647, -20.7819378], [-42.862266, -20.7817435], [-42.8623009, -20.7815479], [-42.8623787, -20.7813686], [-42.8624484, -20.7812608], [-42.8625476, -20.7811642], [-42.8626844, -20.7810639], [-42.8627461, -20.7810075], [-42.8627984, -20.7809272], [-42.8628467, -20.7807655], [-42.8629071, -20.7806075], [-42.8629781, -20.7804784], [-42.8630868, -20.7803605], [-42.863532, -20.779948], [-42.8636125, -20.7797963], [-42.8636272, -20.779726], [-42.8636205, -20.7796746], [-42.863587, -20.7796044], [-42.8635079, -20.7795003], [-42.8634113, -20.7794048]]}}, {"type": "Feature", "properties": {"osm_id": 840010398, "highway": "tertiary", "name": "Avenida da Agronomia"}, "geometry": {"type": "LineString", "coordinates": [[-42.8731588, -20.7713317], [-42.8731417, -20.771286], [-42.8730918, -20.771182]]}}, {"type": "Feature", "properties": {"osm_id": 840010399, "highway": "tertiary", "name": "Avenida da Agronomia"}, "geometry": {"type": "LineString", "coordinates": [[-42.8730918, -20.771182], [-42.873192, -20.7712486], [-42.8732315, -20.771275]]}}, {"type": "Feature", "properties": {"osm_id": 840010400, "highway": "service", "name": "Avenida da Agronomia"}, "geometry": {"type": "LineString", "coordinates": [[-42.8742206, -20.7726566], [-42.8741605, -20.7725819], [-42.8734319, -20.771706], [-42.8732992, -20.7715442], [-42.8732629, -20.7714979]]}}, {"type": "Feature", "properties": {"osm_id": 840010401, "highway": "tertiary", "name": ""}, "geometry": {"type": "LineString", "coordinates": [[-42.8733898, -20.7713719], [-42.8733883, -20.7714045], [-42.8733771, -20.7714354], [-42.8733571, -20.771462], [-42.8733298, -20.7714823], [-42.8732975, -20.7714946], [-42.8732629, -20.7714979], [-42.8732286, -20.7714919], [-42.8731975, -20.7714772], [-42.8731835, -20.7714647], [-42.8731722, -20.7714548], [-42.8731545, -20.7714267], [-42.8731461, -20.7713951], [-42.8731476, -20.7713625], [-42.8731588, -20.7713317], [-42.8731788, -20.771305], [-42.8732061, -20.7712847], [-42.8732315, -20.771275], [-42.8732383, -20.7712724], [-42.873273, -20.7712691], [-42.8733073, -20.7712751], [-42.8733384, -20.7712898], [-42.8733637, -20.7713122], [-42.8733813, -20.7713403], [-42.8733898, -20.7713719]]}}, {"type": "Feature", "properties": {"osm_id": 840167167, "highway": "service", "name": ""}, "geometry": {"type": "LineString", "coordinates": [[-42.8742676, -20.7725116], [-42.8741605, -20.7725819]]}}, {"type": "Feature", "properties": {"osm_id": 840167168, "highway": "service", "name": ""}, "geometry": {"type": "LineString", "coordinates": [[-42.8742206, -20.7726566], [-42.8736627, -20.7730847]]}}, {"type": "Feature", "properties": {"osm_id": 840391209, "highway": "tertiary", "name": "Avenida da Agronomia"}, "geometry": {"type": "LineString", "coordinates": [[-42.8673175, -20.7627495], [-42.8672601, -20.7627262], [-42.8672327, -20.7627174], [-42.8671804, -20.7626995]]}}, {"type": "Feature", "properties": {"osm_id": 840391210, "highway": "tertiary", "name": "Avenida da Agronomia"}, "geometry": {"type": "LineString", "coordinates": [[-42.8672793, -20.7626389], [-42.8672916, -20.7626747], [-42.8672968, -20.7626897], [-42.8673175, -20.7627495]]}}, {"type": "Feature", "properties": {"osm_id": 840391211, "highway": "secondary", "name": "Avenida Peter Henry Rolfs"}, "geometry": {"type": "LineString", "coordinates": [[-42.8654593, -20.7638231], [-42.8655042, -20.7637962], [-42.8656389, -20.7637154], [-42.8663567, -20.7631756], [-42.8670653, -20.7626545], [-42.8670896, -20.7626366]]}}, {"type": "Feature", "properties": {"osm_id": 840391212, "highway": "secondary", "name": "Avenida Peter Henry Rolfs"}, "geometry": {"type": "LineString", "coordinates": [[-42.8671348, -20.7626872], [-42.8671088, -20.7627061], [-42.8668436, -20.7628986], [-42.8667031, -20.7630057], [-42.8665977, -20.7630865], [-42.866248, -20.7633426], [-42.8655524, -20.7638486], [-42.8655143, -20.7638763]]}}, {"type": "Feature", "properties": {"osm_id": 840391213, "highway": "tertiary", "name": "Via da Saúde"}, "geometry": {"type": "LineString", "coordinates": [[-42.861012, -20.7669009], [-42.8609954, -20.7668696], [-42.8609019, -20.7667023]]}}, {"type": "Feature", "properties": {"osm_id": 840391214, "highway": "tertiary", "name": "Via da Saúde"}, "geometry": {"type": "LineString", "coordinates": [[-42.8609019, -20.7667023], [-42.8610567, -20.766834], [-42.8610723, -20.7668473], [-42.8610818, -20.7668579]]}}, {"type": "Feature", "properties": {"osm_id": 840495896, "highway": "residential", "name": "Rua Alexina Maria do Carmo"}, "geometry": {"type": "LineString", "coordinates": [[-42.8936049, -20.7362658], [-42.893673, -20.7361874], [-42.8937102, -20.7361303], [-42.8937374, -20.736035]]}}, {"type": "Feature", "properties": {"osm_id": 840495897, "highway": "residential", "name": "Rua Alexina Maria do Carmo"}, "geometry": {"type": "LineString", "coordinates": [[-42.8935741, -20.7360168], [-42.8935586, -20.7360811], [-42.893555, -20.7361284], [-42.8935567, -20.7361636], [-42.8935704, -20.7362069], [-42.8936049, -20.7362658]]}}, {"type": "Feature", "properties": {"osm_id": 840522347, "highway": "residential", "name": "Rua Arthur Lehner de Souza"}, "geometry": {"type": "LineString", "coordinates": [[-42.8960786, -20.7516876], [-42.8958686, -20.7517376], [-42.8956883, -20.751776]]}}, {"type": "Feature", "properties": {"osm_id": 840525379, "highway": "unclassified", "name": ""}, "geometry": {"type": "LineString", "coordinates": [[-42.9038644, -20.7366797], [-42.9037343, -20.7362883], [-42.9036927, -20.7361178], [-42.9036739, -20.7359723], [-42.90369, -20.7358531], [-42.903741, -20.7356474], [-42.9037638, -20.7354793], [-42.9037437, -20.7352825], [-42.9036633, -20.735009], [-42.9035452, -20.7347256], [-42.9033843, -20.7344509], [-42.903222, -20.734279], [-42.9029819, -20.7341072], [-42.9027848, -20.7340244], [-42.9025461, -20.7339918], [-42.9022899, -20.7340357], [-42.9021142, -20.7340533], [-42.9020049, -20.734042], [-42.9019031, -20.7339868], [-42.901559, -20.7336921], [-42.9014491, -20.7336369], [-42.9013418, -20.7336193], [-42.9012425, -20.7336344], [-42.9011608, -20.7336783], [-42.9010038, -20.7338526], [-42.9007208, -20.7341762], [-42.900529, -20.7344245], [-42.9004392, -20.7345863], [-42.9003775, -20.7346691], [-42.9002984, -20.7347231], [-42.9000838, -20.7348071], [-42.9000007, -20.7348535], [-42.8998947, -20.7349287], [-42.8998022, -20.7349701], [-42.8997083, -20.7349889], [-42.8990592, -20.7349977]]}}, {"type": "Feature", "properties": {"osm_id": 840525380, "highway": "unclassified", "name": ""}, "geometry": {"type": "LineString", "coordinates": [[-42.905569, -20.7425907], [-42.9054898, -20.742227], [-42.9054523, -20.7420809], [-42.9053986, -20.7419617], [-42.9053275, -20.7418445], [-42.9052424, -20.7417222], [-42.9051834, -20.7416074], [-42.9051565, -20.7414971], [-42.9051599, -20.7413466], [-42.9051827, -20.7411741], [-42.9052491, -20.7409841], [-42.9055193, -20.7403131], [-42.9055676, -20.7401701], [-42.9056025, -20.7400472], [-42.9056253, -20.7398967], [-42.9056883, -20.7391429], [-42.9057245, -20.7388683], [-42.9057781, -20.73864], [-42.9059109, -20.7382825]]}}, {"type": "Feature", "properties": {"osm_id": 840525381, "highway": "unclassified", "name": ""}, "geometry": {"type": "LineString", "coordinates": [[-42.9040387, -20.7498334], [-42.9041407, -20.7496691], [-42.9041829, -20.7495945], [-42.9042064, -20.7495161], [-42.9042117, -20.7494258], [-42.9041809, -20.7489969], [-42.9041809, -20.7488326], [-42.904193, -20.7486783], [-42.9042104, -20.7485335], [-42.9042124, -20.7484181], [-42.9041963, -20.7483209], [-42.9041715, -20.7482294], [-42.9041058, -20.7480977], [-42.9040588, -20.7480124], [-42.9040428, -20.7479347], [-42.9040548, -20.7478406], [-42.9040897, -20.7477327], [-42.9041058, -20.7476174], [-42.9041031, -20.7474669], [-42.9041071, -20.7469953], [-42.9041058, -20.7467984], [-42.9040951, -20.7466918], [-42.9040696, -20.7465839], [-42.9039811, -20.7463682], [-42.9039194, -20.7461337], [-42.9038939, -20.7459782], [-42.9038724, -20.7458929], [-42.9038349, -20.7458164], [-42.9037819, -20.7457437], [-42.9034808, -20.7454414], [-42.9033226, -20.7452395], [-42.9031751, -20.745005], [-42.9029712, -20.7447153], [-42.9029109, -20.7446193], [-42.9028847, -20.7445391], [-42.9028874, -20.7444569], [-42.9029082, -20.7443716], [-42.9029766, -20.7441515], [-42.903, -20.7440217], [-42.9030175, -20.7438624], [-42.9030121, -20.7436655], [-42.9030007, -20.7434197], [-42.9030141, -20.7432266], [-42.9030517, -20.7430134], [-42.9031268, -20.7426346], [-42.903163, -20.7423938], [-42.9031804, -20.7420966]]}}, {"type": "Feature", "properties": {"osm_id": 840525677, "highway": "service", "name": ""}, "geometry": {"type": "LineString", "coordinates": [[-42.907303, -20.7376968], [-42.9071123, -20.7373571], [-42.9069355, -20.7370798]]}}, {"type": "Feature", "properties": {"osm_id": 840525678, "highway": "service", "name": ""}, "geometry": {"type": "LineString", "coordinates": [[-42.9088372, -20.7380543], [-42.9088385, -20.7377909], [-42.9088278, -20.7376517], [-42.9087862, -20.7375576], [-42.9087138, -20.7374949], [-42.9086065, -20.7374635], [-42.9084054, -20.737456], [-42.9082002, -20.7374623], [-42.9080741, -20.7374623], [-42.9079682, -20.7374548], [-42.9077978, -20.7374159]]}}, {"type": "Feature", "properties": {"osm_id": 842932448, "highway": "service", "name": ""}, "geometry": {"type": "LineString", "coordinates": [[-42.865549, -20.7641133], [-42.8654774, -20.7640056], [-42.865445, -20.7639663]]}}, {"type": "Feature", "properties": {"osm_id": 842932449, "highway": "service", "name": ""}, "geometry": {"type": "LineString", "coordinates": [[-42.8655086, -20.7639251], [-42.8655393, -20.763963], [-42.8656174, -20.7640525]]}}, {"type": "Feature", "properties": {"osm_id": 842944306, "highway": "service", "name": ""}, "geometry": {"type": "LineString", "coordinates": [[-42.8691637, -20.765183], [-42.8691413, -20.7651937], [-42.8690567, -20.7652338], [-42.8690325, -20.7652369], [-42.8690111, -20.7652269], [-42.8689642, -20.7651742], [-42.8687529, -20.7648074], [-42.8686801, -20.7646916], [-42.868588, -20.7645096], [-42.868501, -20.7643594], [-42.8682768, -20.7639635], [-42.8681679, -20.763815]]}}, {"type": "Feature", "properties": {"osm_id": 843034693, "highway": "service", "name": ""}, "geometry": {"type": "LineString", "coordinates": [[-42.8551247, -20.7685008], [-42.8550844, -20.768428], [-42.8550847, -20.7684179], [-42.8550924, -20.7684038], [-42.8551102, -20.7683919], [-42.8553761, -20.7682493]]}}, {"type": "Feature", "properties": {"osm_id": 843034694, "highway": "service", "name": ""}, "geometry": {"type": "LineString", "coordinates": [[-42.8551797, -20.7685962], [-42.8551247, -20.7685008]]}}, {"type": "Feature", "properties": {"osm_id": 843038498, "highway": "service", "name": ""}, "geometry": {"type": "LineString", "coordinates": [[-42.8605373, -20.7666157], [-42.8606701, -20.7665388]]}}, {"type": "Feature", "properties": {"osm_id": 843038499, "highway": "service", "name": ""}, "geometry": {"type": "LineString", "coordinates": [[-42.8605787, -20.7664097], [-42.8606701, -20.7665388], [-42.860831, -20.7667661], [-42.8608759, -20.7668445], [-42.8608793, -20.7668803], [-42.8608599, -20.7669342], [-42.8608371, -20.7669555], [-42.8608042, -20.7669593], [-42.8607599, -20.7669448], [-42.8607137, -20.7669072], [-42.8605373, -20.7666157]]}}, {"type": "Feature", "properties": {"osm_id": 843038500, "highway": "service", "name": ""}, "geometry": {"type": "LineString", "coordinates": [[-42.860694, -20.7663393], [-42.8605787, -20.7664097], [-42.8604532, -20.7664863]]}}, {"type": "Feature", "properties": {"osm_id": 843038501, "highway": "service", "name": ""}, "geometry": {"type": "LineString", "coordinates": [[-42.8605373, -20.7666157], [-42.8604532, -20.7664863], [-42.860361, -20.7663486], [-42.8603382, -20.7663285], [-42.8603073, -20.7663153], [-42.8602611, -20.7663135], [-42.860141, -20.7663517], [-42.8599278, -20.7664639], [-42.8598969, -20.7664727], [-42.8598762, -20.7664727], [-42.8598627, -20.7664664], [-42.8597736, -20.7663326]]}}, {"type": "Feature", "properties": {"osm_id": 843038502, "highway": "service", "name": ""}, "geometry": {"type": "LineString", "coordinates": [[-42.8577264, -20.7679029], [-42.8578618, -20.76779], [-42.8579195, -20.7677505], [-42.8579812, -20.7677311], [-42.8580806, -20.7677322], [-42.8583037, -20.7677536], [-42.8583741, -20.7677298], [-42.8583942, -20.7677141], [-42.8584063, -20.7676546], [-42.858407, -20.7674815], [-42.8584204, -20.767442], [-42.8584425, -20.7674195], [-42.8587469, -20.767232], [-42.8589025, -20.7671492], [-42.859154, -20.7670571], [-42.8592774, -20.7669875], [-42.8593149, -20.7669473], [-42.8593196, -20.766926], [-42.8592794, -20.7668332], [-42.8592391, -20.7667185], [-42.8592478, -20.7666815], [-42.8592666, -20.7666589], [-42.8593008, -20.766637]]}}, {"type": "Feature", "properties": {"osm_id": 843042140, "highway": "service", "name": ""}, "geometry": {"type": "LineString", "coordinates": [[-42.8669773, -20.7631195], [-42.8668955, -20.7630292], [-42.8668794, -20.7630205], [-42.8668519, -20.7630198], [-42.8667768, -20.7630782]]}}, {"type": "Feature", "properties": {"osm_id": 843042141, "highway": "service", "name": ""}, "geometry": {"type": "LineString", "coordinates": [[-42.8667031, -20.7630057], [-42.8667109, -20.7630152], [-42.8667443, -20.7630558], [-42.8667768, -20.7630782]]}}, {"type": "Feature", "properties": {"osm_id": 843042142, "highway": "service", "name": ""}, "geometry": {"type": "LineString", "coordinates": [[-42.8691539, -20.7616617], [-42.8690667, -20.761737], [-42.86905, -20.7617376], [-42.8690252, -20.761727], [-42.8688689, -20.7615564], [-42.8688532, -20.7615323], [-42.8688495, -20.7615122], [-42.8688562, -20.7614931], [-42.868885, -20.7614677]]}}, {"type": "Feature", "properties": {"osm_id": 843042143, "highway": "service", "name": ""}, "geometry": {"type": "LineString", "coordinates": [[-42.8687911, -20.7613695], [-42.8688049, -20.761385], [-42.8688261, -20.7614069], [-42.868885, -20.7614677]]}}, {"type": "Feature", "properties": {"osm_id": 843042144, "highway": "service", "name": ""}, "geometry": {"type": "LineString", "coordinates": [[-42.8695254, -20.7613394], [-42.8695829, -20.7613978], [-42.8696096, -20.7614238]]}}, {"type": "Feature", "properties": {"osm_id": 843050833, "highway": "unclassified", "name": ""}, "geometry": {"type": "LineString", "coordinates": [[-42.8609008, -20.7572651], [-42.8609953, -20.7573936]]}}, {"type": "Feature", "properties": {"osm_id": 843050834, "highway": "tertiary", "name": ""}, "geometry": {"type": "LineString", "coordinates": [[-42.8663722, -20.7617525], [-42.8663558, -20.7617389], [-42.8663448, -20.7617212], [-42.8663401, -20.7617012], [-42.8663423, -20.7616809], [-42.8663511, -20.7616621], [-42.8663656, -20.7616468], [-42.8663845, -20.7616365], [-42.8664059, -20.7616322], [-42.8664276, -20.7616342], [-42.8664477, -20.7616424], [-42.866464, -20.761656], [-42.866475, -20.7616737], [-42.8664797, -20.7616936], [-42.8664775, -20.761714], [-42.8664687, -20.7617327], [-42.8664542, -20.761748], [-42.8664353, -20.7617583], [-42.866414, -20.7617627], [-42.8663922, -20.7617607], [-42.8663722, -20.7617525]]}}, {"type": "Feature", "properties": {"osm_id": 843050835, "highway": "tertiary", "name": "Avenida Purdue"}, "geometry": {"type": "LineString", "coordinates": [[-42.8656512, -20.762301], [-42.8663558, -20.7617389]]}}, {"type": "Feature", "properties": {"osm_id": 843054114, "highway": "unclassified", "name": ""}, "geometry": {"type": "LineString", "coordinates": [[-42.8626476, -20.7591392], [-42.8618141, -20.7582107]]}}, {"type": "Feature", "properties": {"osm_id": 843060751, "highway": "service", "name": ""}, "geometry": {"type": "LineString", "coordinates": [[-42.8681736, -20.7601688], [-42.8681333, -20.7601967], [-42.8681263, -20.7601992], [-42.8681196, -20.7601986], [-42.8681072, -20.7601914], [-42.8678939, -20.759982], [-42.8678872, -20.7599713], [-42.8678869, -20.7599572], [-42.8678936, -20.759944]]}}, {"type": "Feature", "properties": {"osm_id": 843060752, "highway": "service", "name": ""}, "geometry": {"type": "LineString", "coordinates": [[-42.868241, -20.7602887], [-42.8681736, -20.7601688]]}}, {"type": "Feature", "properties": {"osm_id": 843060753, "highway": "service", "name": ""}, "geometry": {"type": "LineString", "coordinates": [[-42.8667621, -20.7607996], [-42.8670303, -20.7610937]]}}, {"type": "Feature", "properties": {"osm_id": 843060754, "highway": "service", "name": ""}, "geometry": {"type": "LineString", "coordinates": [[-42.8670927, -20.7611508], [-42.8670303, -20.7610937]]}}, {"type": "Feature", "properties": {"osm_id": 843060755, "highway": "tertiary", "name": "Via da Saúde"}, "geometry": {"type": "LineString", "coordinates": [[-42.8654971, -20.7623385], [-42.8654421, -20.7622138]]}}, {"type": "Feature", "properties": {"osm_id": 843060756, "highway": "tertiary", "name": "Via da Saúde"}, "geometry": {"type": "LineString", "coordinates": [[-42.8654421, -20.7622138], [-42.8655702, -20.7622699]]}}, {"type": "Feature", "properties": {"osm_id": 843060757, "highway": "tertiary", "name": ""}, "geometry": {"type": "LineString", "coordinates": [[-42.865524, -20.762409], [-42.865507, -20.7623887], [-42.8654977, -20.7623643], [-42.8654971, -20.7623385], [-42.8655053, -20.7623138], [-42.8655214, -20.7622928], [-42.8655439, -20.7622777], [-42.8655702, -20.7622699], [-42.8655931, -20.7622697], [-42.8656153, -20.7622751], [-42.8656351, -20.7622858], [-42.8656512, -20.762301], [-42.8656629, -20.7623206], [-42.8656684, -20.7623425], [-42.8656672, -20.762365], [-42.8656594, -20.7623863], [-42.8656456, -20.7624047], [-42.8656269, -20.7624189], [-42.8656013, -20.7624285], [-42.8655737, -20.76243], [-42.865547, -20.7624233], [-42.865524, -20.762409]]}}, {"type": "Feature", "properties": {"osm_id": 843075582, "highway": "service", "name": ""}, "geometry": {"type": "LineString", "coordinates": [[-42.8687973, -20.7646329], [-42.8687677, -20.7646477], [-42.8686801, -20.7646916]]}}, {"type": "Feature", "properties": {"osm_id": 843075583, "highway": "service", "name": ""}, "geometry": {"type": "LineString", "coordinates": [[-42.8634308, -20.7654395], [-42.8634076, -20.765442], [-42.863388, -20.765444], [-42.8632094, -20.7654875], [-42.8629155, -20.7657468], [-42.862799, -20.7658279], [-42.862766, -20.7659188], [-42.8627405, -20.7660019], [-42.8627346, -20.7660209]]}}, {"type": "Feature", "properties": {"osm_id": 843080124, "highway": "service", "name": ""}, "geometry": {"type": "LineString", "coordinates": [[-42.8684283, -20.7651002], [-42.8678447, -20.7639372]]}}, {"type": "Feature", "properties": {"osm_id": 843080125, "highway": "service", "name": ""}, "geometry": {"type": "LineString", "coordinates": [[-42.8677753, -20.7648137], [-42.8674581, -20.7640878]]}}, {"type": "Feature", "properties": {"osm_id": 843080126, "highway": "service", "name": ""}, "geometry": {"type": "LineString", "coordinates": [[-42.868728, -20.7635817], [-42.8686572, -20.7635305], [-42.868484, -20.7634054], [-42.8684445, -20.7633923], [-42.8684143, -20.7633948], [-42.8683468, -20.7634374], [-42.8682576, -20.7634926], [-42.8682346, -20.763502], [-42.8682064, -20.7634989], [-42.8681809, -20.7634845], [-42.8681098, -20.7634088], [-42.8680803, -20.7633775]]}}, {"type": "Feature", "properties": {"osm_id": 843109494, "highway": "service", "name": ""}, "geometry": {"type": "LineString", "coordinates": [[-42.8657265, -20.7609482], [-42.8652687, -20.7613044]]}}, {"type": "Feature", "properties": {"osm_id": 843109495, "highway": "service", "name": ""}, "geometry": {"type": "LineString", "coordinates": [[-42.8675756, -20.7630388], [-42.8675579, -20.7630622], [-42.8675395, -20.7630864], [-42.8674132, -20.7632531], [-42.8674014, -20.7632628], [-42.867386, -20.7632663], [-42.8673642, -20.7632616], [-42.8672796, -20.7631895], [-42.8672643, -20.7631647], [-42.867267, -20.7631484], [-42.8672844, -20.7631252], [-42.8674534, -20.762997], [-42.8674804, -20.7629765], [-42.867504, -20.7629586]]}}, {"type": "Feature", "properties": {"osm_id": 843109496, "highway": "service", "name": ""}, "geometry": {"type": "LineString", "coordinates": [[-42.8691942, -20.75723], [-42.8693819, -20.757689], [-42.8693846, -20.7577329], [-42.8693779, -20.757768], [-42.8693511, -20.7578006], [-42.8691763, -20.7579157]]}}, {"type": "Feature", "properties": {"osm_id": 843362521, "highway": "unclassified", "name": ""}, "geometry": {"type": "LineString", "coordinates": [[-42.866237, -20.7590885], [-42.8661242, -20.7590304], [-42.8659419, -20.7589226], [-42.8657354, -20.7588352], [-42.8656429, -20.7588189], [-42.8655571, -20.7588302], [-42.8653854, -20.7588941], [-42.8647378, -20.7592435], [-42.8645499, -20.7593079], [-42.8644815, -20.7593192], [-42.8643702, -20.7592954], [-42.8641999, -20.7592114], [-42.8640161, -20.7590396], [-42.8635362, -20.7584961], [-42.8633975, -20.7583552]]}}, {"type": "Feature", "properties": {"osm_id": 843836143, "highway": "residential", "name": ""}, "geometry": {"type": "LineString", "coordinates": [[-42.8515734, -20.7278283], [-42.8515157, -20.727644], [-42.851513, -20.7275637], [-42.8515372, -20.7274107], [-42.8516686, -20.7270193], [-42.8517732, -20.726648], [-42.8517786, -20.7265728], [-42.8517678, -20.7265101], [-42.8517303, -20.7264674], [-42.8513145, -20.7261488], [-42.851277, -20.7261087], [-42.8512529, -20.726041], [-42.8512529, -20.7259833], [-42.8512797, -20.7259193], [-42.8516135, -20.7255626]]}}, {"type": "Feature", "properties": {"osm_id": 843836144, "highway": "residential", "name": ""}, "geometry": {"type": "LineString", "coordinates": [[-42.8666098, -20.7344622], [-42.866917, -20.734866], [-42.8669599, -20.7349338], [-42.866984, -20.735009], [-42.8669862, -20.735576], [-42.8671649, -20.7364385]]}}, {"type": "Feature", "properties": {"osm_id": 843840750, "highway": "unclassified", "name": ""}, "geometry": {"type": "LineString", "coordinates": [[-42.8547428, -20.7331936], [-42.8541523, -20.7335165], [-42.8541201, -20.7335641], [-42.8541175, -20.7336068], [-42.8541362, -20.7336544], [-42.8545091, -20.734126]]}}, {"type": "Feature", "properties": {"osm_id": 843842076, "highway": "unclassified", "name": ""}, "geometry": {"type": "LineString", "coordinates": [[-42.8587416, -20.7221626], [-42.8587899, -20.7223833], [-42.8588623, -20.7225564], [-42.8589374, -20.7226894], [-42.8589588, -20.7227872], [-42.8589669, -20.7229854], [-42.8588971, -20.7237882], [-42.8588274, -20.7239738], [-42.8587657, -20.7241018], [-42.858696, -20.7241695], [-42.8585404, -20.7242673], [-42.8580764, -20.7244204], [-42.8578162, -20.7245082], [-42.8576714, -20.7245834], [-42.8575748, -20.7246687], [-42.8572744, -20.7251153], [-42.8572369, -20.7252382], [-42.8572315, -20.7253461], [-42.8572583, -20.7254314], [-42.8572986, -20.7255192], [-42.8573281, -20.725765]]}}, {"type": "Feature", "properties": {"osm_id": 843842601, "highway": "primary", "name": "Avenida Coronel Aristides Bittencourt"}, "geometry": {"type": "LineString", "coordinates": [[-42.8654051, -20.724963], [-42.8653495, -20.7251051], [-42.8652939, -20.7252473]]}}, {"type": "Feature", "properties": {"osm_id": 843895771, "highway": "primary", "name": "Avenida Maria de Paula Santana"}, "geometry": {"type": "LineString", "coordinates": [[-42.8652374, -20.7252332], [-42.8652549, -20.7247998]]}}, {"type": "Feature", "properties": {"osm_id": 843896256, "highway": "unclassified", "name": ""}, "geometry": {"type": "LineString", "coordinates": [[-42.8548739, -20.7267283], [-42.8554237, -20.725617]]}}, {"type": "Feature", "properties": {"osm_id": 844473134, "highway": "unclassified", "name": ""}, "geometry": {"type": "LineString", "coordinates": [[-42.8588971, -20.7237882], [-42.8593317, -20.7235524], [-42.8598721, -20.7232262], [-42.859903, -20.7232087], [-42.8599392, -20.7232024], [-42.8600223, -20.72323], [-42.860308, -20.7233667], [-42.8604984, -20.7234608], [-42.8605601, -20.7234646], [-42.8606164, -20.7234533], [-42.8607304, -20.7233755], [-42.8608511, -20.7232589], [-42.8609195, -20.7232137]]}}, {"type": "Feature", "properties": {"osm_id": 844915834, "highway": "unclassified", "name": ""}, "geometry": {"type": "LineString", "coordinates": [[-42.9054514, -20.7658053], [-42.905668, -20.7659902], [-42.9058187, -20.7661423]]}}, {"type": "Feature", "properties": {"osm_id": 844921424, "highway": "residential", "name": ""}, "geometry": {"type": "LineString", "coordinates": [[-42.8897869, -20.7619811], [-42.8902478, -20.7619796]]}}, {"type": "Feature", "properties": {"osm_id": 850874676, "highway": "unclassified", "name": ""}, "geometry": {"type": "LineString", "coordinates": [[-42.8950667, -20.730303], [-42.8952089, -20.7302479], [-42.8953028, -20.7302203], [-42.8953806, -20.7302178], [-42.8959411, -20.7303131], [-42.8960109, -20.7303382], [-42.8960699, -20.7303808], [-42.8960994, -20.730441], [-42.8960994, -20.7309001], [-42.8960779, -20.7309728], [-42.8960627, -20.7310291], [-42.8959627, -20.7312717], [-42.895414, -20.7315881], [-42.8952319, -20.7316711], [-42.8949817, -20.7317798], [-42.8947475, -20.7319127], [-42.894335, -20.7320426], [-42.894082, -20.7320868], [-42.8939804, -20.7321042], [-42.8938678, -20.7321192], [-42.8935111, -20.7320841], [-42.8933662, -20.7320691], [-42.8932697, -20.7320766], [-42.893157, -20.7320992], [-42.8930658, -20.7321443], [-42.8929827, -20.7322196], [-42.8928813, -20.7323491], [-42.8927332, -20.7322597], [-42.8925642, -20.7321518], [-42.8925213, -20.7321117], [-42.8924757, -20.7320465], [-42.8922585, -20.7316802], [-42.8921887, -20.7315674], [-42.8921297, -20.7314821], [-42.8919876, -20.7313065], [-42.8919232, -20.7312061], [-42.891891, -20.7311233], [-42.89184, -20.7308825], [-42.8918293, -20.7307696], [-42.891832, -20.7306768], [-42.8919286, -20.7301726], [-42.8919259, -20.7301074], [-42.8919125, -20.7300296], [-42.891883, -20.7299544], [-42.8917167, -20.7296709]]}}, {"type": "Feature", "properties": {"osm_id": 850874677, "highway": "residential", "name": "Rua Maria Gabriela de Jesus"}, "geometry": {"type": "LineString", "coordinates": [[-42.8927238, -20.7329734], [-42.892819, -20.7328806], [-42.8928405, -20.7328342], [-42.8928512, -20.7327313], [-42.8928813, -20.7323491]]}}, {"type": "Feature", "properties": {"osm_id": 850874678, "highway": "residential", "name": "Rua Maria Gabriela de Jesus"}, "geometry": {"type": "LineString", "coordinates": [[-42.8925227, -20.733144], [-42.8927238, -20.7329734]]}}, {"type": "Feature", "properties": {"osm_id": 850882579, "highway": "unclassified", "name": ""}, "geometry": {"type": "LineString", "coordinates": [[-42.8898351, -20.7246612], [-42.8900493, -20.7247125], [-42.890276, -20.7247734], [-42.8907624, -20.7249224], [-42.8908475, -20.7249381], [-42.890917, -20.7249414], [-42.8909851, -20.7249282], [-42.8910529, -20.7248971], [-42.8911525, -20.7248441], [-42.8912394, -20.7247862], [-42.8913126, -20.7247295], [-42.8914656, -20.7245723], [-42.8915394, -20.7244937], [-42.8916095, -20.7244362], [-42.8916717, -20.7243972], [-42.8918181, -20.7243278], [-42.8918998, -20.7242827], [-42.8919622, -20.724223], [-42.8920256, -20.7241379], [-42.8921028, -20.7240024], [-42.8922474, -20.7236669], [-42.8924968, -20.723139], [-42.8926779, -20.7227867], [-42.8927549, -20.7226749], [-42.8929604, -20.7224561], [-42.893059, -20.7223852], [-42.893193, -20.7223333], [-42.8933465, -20.7223107], [-42.8935126, -20.7223237], [-42.8936836, -20.722372], [-42.8938267, -20.722459], [-42.8940035, -20.7226407], [-42.8942611, -20.7229083], [-42.8942986, -20.7229644], [-42.8943302, -20.7230609], [-42.8943555, -20.7234109], [-42.8943775, -20.7238122], [-42.8943685, -20.7239337], [-42.8943395, -20.7240456], [-42.8942427, -20.7242643], [-42.8941721, -20.7243841], [-42.8940668, -20.7245404], [-42.8940288, -20.7246233], [-42.8938774, -20.7249734], [-42.8938654, -20.7250428], [-42.8938794, -20.7251244], [-42.8939143, -20.7251763], [-42.8939958, -20.7252198], [-42.8941519, -20.7252673], [-42.8942248, -20.7252714], [-42.8943197, -20.7252401], [-42.8947577, -20.7249933], [-42.8949568, -20.7248916]]}}, {"type": "Feature", "properties": {"osm_id": 850882580, "highway": "unclassified", "name": ""}, "geometry": {"type": "LineString", "coordinates": [[-42.8899169, -20.7260309], [-42.8896701, -20.7257725], [-42.8895897, -20.7256973], [-42.8895146, -20.7256396], [-42.889418, -20.7255869], [-42.8889935, -20.725437], [-42.88885, -20.7254163], [-42.8885993, -20.7253931], [-42.8885221, -20.7253994], [-42.8884631, -20.7254194], [-42.8883954, -20.725464], [-42.8882566, -20.7255562], [-42.8881768, -20.7256001], [-42.8881165, -20.7256201], [-42.8880561, -20.7256289], [-42.8879546, -20.7256223]]}}, {"type": "Feature", "properties": {"osm_id": 863124470, "highway": "service", "name": ""}, "geometry": {"type": "LineString", "coordinates": [[-42.8777839, -20.7790695], [-42.8774796, -20.7790336], [-42.8775384, -20.7789254]]}}, {"type": "Feature", "properties": {"osm_id": 863124471, "highway": "service", "name": ""}, "geometry": {"type": "LineString", "coordinates": [[-42.8774796, -20.7790336], [-42.8771944, -20.7792446]]}}, {"type": "Feature", "properties": {"osm_id": 863126981, "highway": "residential", "name": ""}, "geometry": {"type": "LineString", "coordinates": [[-42.8769207, -20.7811904], [-42.8768905, -20.7812074], [-42.876781, -20.7812692]]}}, {"type": "Feature", "properties": {"osm_id": 863126982, "highway": "residential", "name": ""}, "geometry": {"type": "LineString", "coordinates": [[-42.8770784, -20.7811617], [-42.8769207, -20.7811904]]}}, {"type": "Feature", "properties": {"osm_id": 863126983, "highway": "residential", "name": ""}, "geometry": {"type": "LineString", "coordinates": [[-42.8770784, -20.7811617], [-42.8771313, -20.7811611], [-42.8772129, -20.7811603], [-42.8773577, -20.7811733]]}}, {"type": "Feature", "properties": {"osm_id": 863126984, "highway": "residential", "name": ""}, "geometry": {"type": "LineString", "coordinates": [[-42.8764839, -20.7813485], [-42.8765637, -20.7813242], [-42.8766664, -20.7812927], [-42.876781, -20.7812692]]}}, {"type": "Feature", "properties": {"osm_id": 866852453, "highway": "path", "name": "Rua B"}, "geometry": {"type": "LineString", "coordinates": [[-42.8747784, -20.7420139], [-42.8748421, -20.7419435], [-42.8757853, -20.7410033], [-42.8758349, -20.74099]]}}, {"type": "Feature", "properties": {"osm_id": 866860942, "highway": "secondary", "name": ""}, "geometry": {"type": "LineString", "coordinates": [[-42.8701985, -20.7509847], [-42.8702214, -20.7510173], [-42.8702907, -20.7511286], [-42.8703431, -20.7512073]]}}, {"type": "Feature", "properties": {"osm_id": 866860943, "highway": "secondary", "name": ""}, "geometry": {"type": "LineString", "coordinates": [[-42.8702821, -20.7512579], [-42.8702388, -20.7512081], [-42.8701862, -20.7511571], [-42.8700995, -20.7510672]]}}, {"type": "Feature", "properties": {"osm_id": 866866025, "highway": "path", "name": "Rua B"}, "geometry": {"type": "LineString", "coordinates": [[-42.8743038, -20.7430478], [-42.8742676, -20.742778], [-42.8742842, -20.7426697], [-42.8743312, -20.7425467], [-42.8744616, -20.7423882], [-42.8746686, -20.7421478], [-42.8747784, -20.7420139]]}}, {"type": "Feature", "properties": {"osm_id": 866885864, "highway": "residential", "name": "Avenida das Arábias"}, "geometry": {"type": "LineString", "coordinates": [[-42.885662, -20.7465622], [-42.8853379, -20.7464743]]}}, {"type": "Feature", "properties": {"osm_id": 866921037, "highway": "residential", "name": ""}, "geometry": {"type": "LineString", "coordinates": [[-42.8761795, -20.7412877], [-42.8764871, -20.7410067], [-42.876699, -20.7407884], [-42.8768599, -20.7405953], [-42.8769699, -20.7404272], [-42.8770255, -20.7403488], [-42.8770544, -20.7403231], [-42.8770845, -20.7403118], [-42.8771326, -20.7403032]]}}, {"type": "Feature", "properties": {"osm_id": 867175096, "highway": "tertiary_link", "name": ""}, "geometry": {"type": "LineString", "coordinates": [[-42.8783752, -20.7518071], [-42.8783438, -20.751842], [-42.8783293, -20.7518693], [-42.8783253, -20.7518895], [-42.8783234, -20.7519153], [-42.8783189, -20.7519716]]}}, {"type": "Feature", "properties": {"osm_id": 867177367, "highway": "trunk", "name": ""}, "geometry": {"type": "LineString", "coordinates": [[-42.8814255, -20.7363853], [-42.8814128, -20.7364059], [-42.8813945, -20.7364223], [-42.8813719, -20.7364332], [-42.8813503, -20.7364375], [-42.8813282, -20.7364367], [-42.8813032, -20.7364291], [-42.8812817, -20.7364151], [-42.8812655, -20.7363957], [-42.881256, -20.7363728], [-42.8812541, -20.7363483], [-42.8812599, -20.7363244], [-42.881273, -20.7363031], [-42.8812913, -20.7362868], [-42.8813136, -20.7362761], [-42.8813384, -20.7362716], [-42.8813634, -20.7362737], [-42.8813869, -20.7362824], [-42.8814067, -20.7362969], [-42.8814216, -20.7363161], [-42.88143, -20.7363385], [-42.8814313, -20.7363622], [-42.8814255, -20.7363853]]}}, {"type": "Feature", "properties": {"osm_id": 867177369, "highway": "trunk", "name": "Rua Francisco de Souza Fortes"}, "geometry": {"type": "LineString", "coordinates": [[-42.8815797, -20.7359266], [-42.8814592, -20.7363035]]}}, {"type": "Feature", "properties": {"osm_id": 867177370, "highway": "trunk", "name": "Rua Francisco de Souza Fortes"}, "geometry": {"type": "LineString", "coordinates": [[-42.8813282, -20.7364367], [-42.8813019, -20.7364548], [-42.8812836, -20.7364658], [-42.8812244, -20.736503], [-42.8811838, -20.7365386], [-42.8811317, -20.7365884], [-42.8810032, -20.7367374], [-42.8808792, -20.7368847], [-42.8807706, -20.7369895], [-42.8807008, -20.7370471], [-42.8806123, -20.7371032]]}}, {"type": "Feature", "properties": {"osm_id": 867177371, "highway": "trunk", "name": "Rua Francisco de Souza Fortes"}, "geometry": {"type": "LineString", "coordinates": [[-42.8806123, -20.7371032], [-42.8809782, -20.7366706], [-42.8811783, -20.7364253], [-42.8812363, -20.7363462], [-42.881273, -20.7363031], [-42.8814125, -20.7361364]]}}, {"type": "Feature", "properties": {"osm_id": 867177372, "highway": "trunk", "name": "Rua Francisco de Souza Fortes"}, "geometry": {"type": "LineString", "coordinates": [[-42.8814125, -20.7361364], [-42.8815797, -20.7359266]]}}, {"type": "Feature", "properties": {"osm_id": 867188337, "highway": "tertiary", "name": "Rua dos Passos"}, "geometry": {"type": "LineString", "coordinates": [[-42.8801824, -20.7454088], [-42.8801242, -20.7453596]]}}, {"type": "Feature", "properties": {"osm_id": 867188338, "highway": "tertiary", "name": "Rua dos Passos"}, "geometry": {"type": "LineString", "coordinates": [[-42.8801556, -20.7453109], [-42.8801824, -20.7454088]]}}, {"type": "Feature", "properties": {"osm_id": 867188339, "highway": "trunk", "name": "Avenida Joaquim Lopes de Faria"}, "geometry": {"type": "LineString", "coordinates": [[-42.8800657, -20.7453651], [-42.8800172, -20.7453992], [-42.8799572, -20.7454489]]}}, {"type": "Feature", "properties": {"osm_id": 867188340, "highway": "trunk", "name": "Avenida Joaquim Lopes de Faria"}, "geometry": {"type": "LineString", "coordinates": [[-42.8799572, -20.7454489], [-42.8800024, -20.7453629], [-42.8800223, -20.7453024]]}}, {"type": "Feature", "properties": {"osm_id": 867195170, "highway": "residential", "name": ""}, "geometry": {"type": "LineString", "coordinates": [[-42.8820685, -20.7520885], [-42.8820649, -20.7520201], [-42.8820575, -20.7518961]]}}, {"type": "Feature", "properties": {"osm_id": 867214846, "highway": "service", "name": ""}, "geometry": {"type": "LineString", "coordinates": [[-42.8806136, -20.7377936], [-42.88061, -20.7372774]]}}, {"type": "Feature", "properties": {"osm_id": 867214847, "highway": "service", "name": ""}, "geometry": {"type": "LineString", "coordinates": [[-42.8812586, -20.7369939], [-42.881248, -20.7367248], [-42.8812386, -20.7367029], [-42.8812172, -20.7366935], [-42.881191, -20.7366997], [-42.8810971, -20.7368007], [-42.8809302, -20.7369531], [-42.880788, -20.7370823], [-42.8807499, -20.7371241]]}}, {"type": "Feature", "properties": {"osm_id": 867214848, "highway": "service", "name": ""}, "geometry": {"type": "LineString", "coordinates": [[-42.8810971, -20.7368007], [-42.8811001, -20.7369887]]}}, {"type": "Feature", "properties": {"osm_id": 867214849, "highway": "service", "name": ""}, "geometry": {"type": "LineString", "coordinates": [[-42.8807499, -20.7371241], [-42.8807639, -20.7374096], [-42.8807732, -20.7377972], [-42.8807652, -20.737821], [-42.8807384, -20.7378304], [-42.8806136, -20.7377936], [-42.8805238, -20.7377696], [-42.880493, -20.7377583], [-42.8804795, -20.7377307], [-42.8804702, -20.7374811], [-42.8804755, -20.737436], [-42.8805077, -20.7373895], [-42.88061, -20.7372774], [-42.8807499, -20.7371241]]}}, {"type": "Feature", "properties": {"osm_id": 867214850, "highway": "service", "name": ""}, "geometry": {"type": "LineString", "coordinates": [[-42.8808792, -20.7368847], [-42.8809302, -20.7369531], [-42.8809717, -20.7369775], [-42.8810093, -20.7369857], [-42.8811001, -20.7369887], [-42.8812586, -20.7369939], [-42.8814324, -20.7369996]]}}, {"type": "Feature", "properties": {"osm_id": 867220711, "highway": "residential", "name": "Rua Juquinha Condé"}, "geometry": {"type": "LineString", "coordinates": [[-42.8766569, -20.742122], [-42.8763971, -20.7421132], [-42.8762709, -20.7421103], [-42.8759568, -20.7420951]]}}, {"type": "Feature", "properties": {"osm_id": 867222185, "highway": "residential", "name": "Rua Juquinha Condé"}, "geometry": {"type": "LineString", "coordinates": [[-42.8755057, -20.742061], [-42.8753843, -20.7420549], [-42.8752723, -20.7420453]]}}, {"type": "Feature", "properties": {"osm_id": 867251156, "highway": "residential", "name": "Rua Juquinha Condé"}, "geometry": {"type": "LineString", "coordinates": [[-42.8759967, -20.7428685], [-42.8758212, -20.7429502]]}}, {"type": "Feature", "properties": {"osm_id": 867251157, "highway": "residential", "name": ""}, "geometry": {"type": "LineString", "coordinates": [[-42.8831081, -20.7425155], [-42.8829117, -20.7433299]]}}, {"type": "Feature", "properties": {"osm_id": 868508927, "highway": "residential", "name": ""}, "geometry": {"type": "LineString", "coordinates": [[-42.8792414, -20.7430034], [-42.8795371, -20.7429121]]}}, {"type": "Feature", "properties": {"osm_id": 893907997, "highway": "trunk", "name": "Avenida Marechal Castelo Branco"}, "geometry": {"type": "LineString", "coordinates": [[-42.8652894, -20.7447385], [-42.8651354, -20.7445273], [-42.8650338, -20.7444407], [-42.8649286, -20.7443891], [-42.8647937, -20.744343]]}}, {"type": "Feature", "properties": {"osm_id": 893908536, "highway": "trunk", "name": ""}, "geometry": {"type": "LineString", "coordinates": [[-42.8644077, -20.7446104], [-42.864283, -20.7449089]]}}, {"type": "Feature", "properties": {"osm_id": 893908537, "highway": "trunk", "name": ""}, "geometry": {"type": "LineString", "coordinates": [[-42.8644077, -20.7446104], [-42.8644875, -20.7443395]]}}, {"type": "Feature", "properties": {"osm_id": 893908538, "highway": "trunk", "name": ""}, "geometry": {"type": "LineString", "coordinates": [[-42.8644875, -20.7443395], [-42.8645945, -20.7440674]]}}, {"type": "Feature", "properties": {"osm_id": 893908539, "highway": "service", "name": ""}, "geometry": {"type": "LineString", "coordinates": [[-42.864283, -20.7449089], [-42.8642636, -20.7448256], [-42.8641939, -20.7446249]]}}, {"type": "Feature", "properties": {"osm_id": 893908540, "highway": "service", "name": ""}, "geometry": {"type": "LineString", "coordinates": [[-42.8642583, -20.7444895], [-42.864387, -20.744423], [-42.8644875, -20.7443395]]}}, {"type": "Feature", "properties": {"osm_id": 893908541, "highway": "service", "name": ""}, "geometry": {"type": "LineString", "coordinates": [[-42.8644077, -20.7446104], [-42.8643293, -20.7446375], [-42.8641939, -20.7446249]]}}, {"type": "Feature", "properties": {"osm_id": 893908542, "highway": "service", "name": ""}, "geometry": {"type": "LineString", "coordinates": [[-42.8641268, -20.7445284], [-42.8640627, -20.7445052], [-42.8633987, -20.7442645]]}}, {"type": "Feature", "properties": {"osm_id": 893908710, "highway": "primary", "name": "Avenida Maria de Paula Santana"}, "geometry": {"type": "LineString", "coordinates": [[-42.8652549, -20.7247998], [-42.865304, -20.7243413]]}}, {"type": "Feature", "properties": {"osm_id": 894477610, "highway": "service", "name": ""}, "geometry": {"type": "LineString", "coordinates": [[-42.8811721, -20.7635947], [-42.8811318, -20.7635162], [-42.8810971, -20.7634181], [-42.8810725, -20.7632933]]}}, {"type": "Feature", "properties": {"osm_id": 894563812, "highway": "tertiary", "name": "Avenida dos Lagos"}, "geometry": {"type": "LineString", "coordinates": [[-42.8717661, -20.7608704], [-42.8717379, -20.7605637]]}}, {"type": "Feature", "properties": {"osm_id": 894563813, "highway": "tertiary", "name": "Avenida dos Lagos"}, "geometry": {"type": "LineString", "coordinates": [[-42.8718666, -20.7605601], [-42.8717661, -20.7608704]]}}, {"type": "Feature", "properties": {"osm_id": 894563814, "highway": "tertiary", "name": "Avenida dos Lagos"}, "geometry": {"type": "LineString", "coordinates": [[-42.8717887, -20.7604463], [-42.8718911, -20.7603629], [-42.8720398, -20.7602418]]}}, {"type": "Feature", "properties": {"osm_id": 894563815, "highway": "tertiary", "name": "Avenida dos Lagos"}, "geometry": {"type": "LineString", "coordinates": [[-42.8720398, -20.7602418], [-42.8719717, -20.760356], [-42.8719412, -20.7604088], [-42.8718797, -20.7605155]]}}, {"type": "Feature", "properties": {"osm_id": 894563816, "highway": "tertiary", "name": "Avenida dos Lagos"}, "geometry": {"type": "LineString", "coordinates": [[-42.8754063, -20.7581726], [-42.8755046, -20.7579031]]}}, {"type": "Feature", "properties": {"osm_id": 894563817, "highway": "tertiary", "name": "Avenida dos Lagos"}, "geometry": {"type": "LineString", "coordinates": [[-42.8756019, -20.7579009], [-42.8755466, -20.7579816], [-42.8755043, -20.7580499], [-42.8754063, -20.7581726]]}}, {"type": "Feature", "properties": {"osm_id": 894581970, "highway": "service", "name": ""}, "geometry": {"type": "LineString", "coordinates": [[-42.8785973, -20.7545348], [-42.8784569, -20.7543713], [-42.8783914, -20.7542961]]}}, {"type": "Feature", "properties": {"osm_id": 894581971, "highway": "service", "name": ""}, "geometry": {"type": "LineString", "coordinates": [[-42.8783914, -20.7542961], [-42.8784562, -20.7542462], [-42.8786298, -20.754446], [-42.8786359, -20.7544701], [-42.8786288, -20.7544955], [-42.8785973, -20.7545348]]}}, {"type": "Feature", "properties": {"osm_id": 894581972, "highway": "service", "name": ""}, "geometry": {"type": "LineString", "coordinates": [[-42.8718796, -20.7580312], [-42.8720757, -20.7582495]]}}, {"type": "Feature", "properties": {"osm_id": 894581973, "highway": "service", "name": ""}, "geometry": {"type": "LineString", "coordinates": [[-42.8719369, -20.7583477], [-42.8716706, -20.7580346]]}}, {"type": "Feature", "properties": {"osm_id": 894581974, "highway": "service", "name": ""}, "geometry": {"type": "LineString", "coordinates": [[-42.8720757, -20.7582495], [-42.8719369, -20.7583477]]}}, {"type": "Feature", "properties": {"osm_id": 894581975, "highway": "service", "name": ""}, "geometry": {"type": "LineString", "coordinates": [[-42.8697741, -20.7592885], [-42.869729, -20.7592364], [-42.8696929, -20.7591948]]}}, {"type": "Feature", "properties": {"osm_id": 894583052, "highway": "service", "name": ""}, "geometry": {"type": "LineString", "coordinates": [[-42.870945, -20.7538889], [-42.8710089, -20.7537399]]}}, {"type": "Feature", "properties": {"osm_id": 894583053, "highway": "residential", "name": ""}, "geometry": {"type": "LineString", "coordinates": [[-42.8764561, -20.7546571], [-42.8767303, -20.7545706], [-42.8767858, -20.7545937], [-42.876795, -20.7546484], [-42.8767457, -20.754683], [-42.8764561, -20.7546571]]}}, {"type": "Feature", "properties": {"osm_id": 894583054, "highway": "service", "name": ""}, "geometry": {"type": "LineString", "coordinates": [[-42.8721476, -20.7581956], [-42.872009, -20.7580442]]}}, {"type": "Feature", "properties": {"osm_id": 894583055, "highway": "service", "name": ""}, "geometry": {"type": "LineString", "coordinates": [[-42.8718796, -20.7580312], [-42.872009, -20.7580442]]}}, {"type": "Feature", "properties": {"osm_id": 894583056, "highway": "service", "name": ""}, "geometry": {"type": "LineString", "coordinates": [[-42.8739474, -20.7585961], [-42.8740252, -20.7585785], [-42.8740815, -20.7585911], [-42.874103, -20.7586187], [-42.8740922, -20.7586437], [-42.874052, -20.7586463], [-42.8740037, -20.7586312], [-42.8739474, -20.7585961]]}}, {"type": "Feature", "properties": {"osm_id": 894583057, "highway": "service", "name": ""}, "geometry": {"type": "LineString", "coordinates": [[-42.87554, -20.7591833], [-42.8753565, -20.7594354], [-42.8752538, -20.7595844], [-42.8751654, -20.7596539], [-42.8746628, -20.7597962], [-42.8744221, -20.7598756], [-42.8742204, -20.7600014], [-42.8740116, -20.7602132], [-42.8737886, -20.7604845], [-42.8735904, -20.7608188], [-42.8734807, -20.7610537], [-42.8734028, -20.7613218], [-42.8733887, -20.7614509], [-42.8733764, -20.761779], [-42.8734066, -20.7620035], [-42.8734884, -20.7621163]]}}, {"type": "Feature", "properties": {"osm_id": 894583058, "highway": "service", "name": ""}, "geometry": {"type": "LineString", "coordinates": [[-42.8746855, -20.7621172], [-42.8747933, -20.7621085], [-42.874882, -20.762078], [-42.8749614, -20.7619863]]}}, {"type": "Feature", "properties": {"osm_id": 894588594, "highway": "service", "name": ""}, "geometry": {"type": "LineString", "coordinates": [[-42.8822038, -20.7554634], [-42.8822542, -20.7555049], [-42.882531, -20.7553563], [-42.882594, -20.7553449], [-42.8826509, -20.7553601], [-42.8826835, -20.7553924], [-42.8826896, -20.7554323], [-42.8826774, -20.7554589], [-42.882647, -20.7554708], [-42.8826042, -20.755476], [-42.8825452, -20.7554874], [-42.8824985, -20.7555236], [-42.8824538, -20.7555787]]}}, {"type": "Feature", "properties": {"osm_id": 894588596, "highway": "service", "name": ""}, "geometry": {"type": "LineString", "coordinates": [[-42.8809577, -20.764199], [-42.8811474, -20.7644749], [-42.8813365, -20.7644502], [-42.8814871, -20.7643929]]}}, {"type": "Feature", "properties": {"osm_id": 894590140, "highway": "tertiary_link", "name": ""}, "geometry": {"type": "LineString", "coordinates": [[-42.8801021, -20.7598269], [-42.8799447, -20.7599009]]}}, {"type": "Feature", "properties": {"osm_id": 894616611, "highway": "tertiary", "name": ""}, "geometry": {"type": "LineString", "coordinates": [[-42.8798765, -20.7561331], [-42.879886, -20.7561234], [-42.8799242, -20.7560915]]}}, {"type": "Feature", "properties": {"osm_id": 894622518, "highway": "tertiary", "name": "Rua José Antônio Rodrigues"}, "geometry": {"type": "LineString", "coordinates": [[-42.8752279, -20.7571919], [-42.8753078, -20.7572804]]}}, {"type": "Feature", "properties": {"osm_id": 894622519, "highway": "tertiary", "name": "Rua José Antônio Rodrigues"}, "geometry": {"type": "LineString", "coordinates": [[-42.875246, -20.7572878], [-42.8752279, -20.7571919]]}}, {"type": "Feature", "properties": {"osm_id": 894622520, "highway": "secondary", "name": "Avenida Peter Henry Rolfs"}, "geometry": {"type": "LineString", "coordinates": [[-42.8755102, -20.7572326], [-42.8753538, -20.7573486]]}}, {"type": "Feature", "properties": {"osm_id": 894622521, "highway": "secondary", "name": "Avenida Peter Henry Rolfs"}, "geometry": {"type": "LineString", "coordinates": [[-42.8753428, -20.7573062], [-42.8755102, -20.7572326]]}}, {"type": "Feature", "properties": {"osm_id": 894622522, "highway": "secondary", "name": ""}, "geometry": {"type": "LineString", "coordinates": [[-42.8753491, -20.7573661], [-42.8753928, -20.7574685], [-42.8754058, -20.7575032]]}}, {"type": "Feature", "properties": {"osm_id": 894622523, "highway": "secondary", "name": ""}, "geometry": {"type": "LineString", "coordinates": [[-42.8754058, -20.7575032], [-42.8753016, -20.7574048]]}}, {"type": "Feature", "properties": {"osm_id": 894622524, "highway": "secondary", "name": ""}, "geometry": {"type": "LineString", "coordinates": [[-42.8754888, -20.7578651], [-42.875489, -20.7577324]]}}, {"type": "Feature", "properties": {"osm_id": 894622525, "highway": "secondary", "name": ""}, "geometry": {"type": "LineString", "coordinates": [[-42.875489, -20.7577324], [-42.875546, -20.7578048]]}}, {"type": "Feature", "properties": {"osm_id": 894622526, "highway": "secondary", "name": "Rua Padre Serafim"}, "geometry": {"type": "LineString", "coordinates": [[-42.8778039, -20.7565671], [-42.8778558, -20.7565259]]}}, {"type": "Feature", "properties": {"osm_id": 894622932, "highway": "service", "name": ""}, "geometry": {"type": "LineString", "coordinates": [[-42.874593, -20.7628332], [-42.8744044, -20.7633769], [-42.8741495, -20.7640203], [-42.8739741, -20.7642887]]}}, {"type": "Feature", "properties": {"osm_id": 894629520, "highway": "tertiary", "name": ""}, "geometry": {"type": "LineString", "coordinates": [[-42.8714777, -20.7605863], [-42.871623, -20.7605207], [-42.8717483, -20.7604641]]}}, {"type": "Feature", "properties": {"osm_id": 894629521, "highway": "tertiary", "name": ""}, "geometry": {"type": "LineString", "coordinates": [[-42.8717255, -20.7605413], [-42.8716372, -20.7605573], [-42.8714777, -20.7605863]]}}, {"type": "Feature", "properties": {"osm_id": 894636209, "highway": "tertiary", "name": ""}, "geometry": {"type": "LineString", "coordinates": [[-42.8733073, -20.7712751], [-42.8733692, -20.7712595], [-42.87345, -20.7712392]]}}, {"type": "Feature", "properties": {"osm_id": 894636210, "highway": "tertiary", "name": ""}, "geometry": {"type": "LineString", "coordinates": [[-42.87345, -20.7712392], [-42.8734101, -20.7712978], [-42.8733813, -20.7713403]]}}, {"type": "Feature", "properties": {"osm_id": 894636211, "highway": "service", "name": ""}, "geometry": {"type": "LineString", "coordinates": [[-42.8728215, -20.7708522], [-42.8728008, -20.7708717], [-42.8727302, -20.770938]]}}, {"type": "Feature", "properties": {"osm_id": 894910713, "highway": "service", "name": ""}, "geometry": {"type": "LineString", "coordinates": [[-42.8725929, -20.7600646], [-42.8724831, -20.7599351]]}}, {"type": "Feature", "properties": {"osm_id": 894940752, "highway": "residential", "name": ""}, "geometry": {"type": "LineString", "coordinates": [[-42.8745711, -20.7240999], [-42.8744631, -20.7241006]]}}, {"type": "Feature", "properties": {"osm_id": 894940753, "highway": "residential", "name": ""}, "geometry": {"type": "LineString", "coordinates": [[-42.8841586, -20.7312172], [-42.8841518, -20.731141], [-42.8841435, -20.731075]]}}, {"type": "Feature", "properties": {"osm_id": 894944326, "highway": "residential", "name": "Rua Dr Ciro Lopes Soares"}, "geometry": {"type": "LineString", "coordinates": [[-42.8754485, -20.7334301], [-42.8751835, -20.7329169], [-42.8750972, -20.7327499], [-42.875015, -20.7327104], [-42.874795, -20.732756], [-42.8746262, -20.7328247], [-42.8745916, -20.7329367], [-42.8746069, -20.7330549], [-42.8746598, -20.7331581], [-42.8750097, -20.7339002]]}}, {"type": "Feature", "properties": {"osm_id": 894944327, "highway": "residential", "name": "Rua Paula Ouverney"}, "geometry": {"type": "LineString", "coordinates": [[-42.8760653, -20.7331802], [-42.8756504, -20.7333489], [-42.8754485, -20.7334301]]}}, {"type": "Feature", "properties": {"osm_id": 894959374, "highway": "residential", "name": ""}, "geometry": {"type": "LineString", "coordinates": [[-42.874565, -20.724495], [-42.8744557, -20.7245045]]}}, {"type": "Feature", "properties": {"osm_id": 894967593, "highway": "service", "name": ""}, "geometry": {"type": "LineString", "coordinates": [[-42.8813821, -20.7337056], [-42.8815296, -20.7333823], [-42.8818944, -20.7327614], [-42.8819293, -20.7326623], [-42.8819467, -20.7325683], [-42.8819668, -20.7324466], [-42.8820071, -20.7323738], [-42.8824282, -20.73199]]}}, {"type": "Feature", "properties": {"osm_id": 894968212, "highway": "residential", "name": ""}, "geometry": {"type": "LineString", "coordinates": [[-42.8880407, -20.7308133], [-42.8880504, -20.7309844]]}}, {"type": "Feature", "properties": {"osm_id": 895387388, "highway": "residential", "name": ""}, "geometry": {"type": "LineString", "coordinates": [[-42.8740561, -20.7332389], [-42.8740482, -20.7334549], [-42.8740231, -20.733556], [-42.873981, -20.7336571], [-42.873702, -20.7340296]]}}, {"type": "Feature", "properties": {"osm_id": 895387389, "highway": "residential", "name": "Rua Ricardo Noce"}, "geometry": {"type": "LineString", "coordinates": [[-42.8746598, -20.7331581], [-42.8740561, -20.7332389], [-42.8733189, -20.733278]]}}, {"type": "Feature", "properties": {"osm_id": 895471637, "highway": "residential", "name": ""}, "geometry": {"type": "LineString", "coordinates": [[-42.8665469, -20.7388054], [-42.8660104, -20.7390877], [-42.8656912, -20.7392483], [-42.8655651, -20.7393361], [-42.8654652, -20.7393982], [-42.8653988, -20.7394189], [-42.8652996, -20.7394251], [-42.8645459, -20.7394703], [-42.8641261, -20.7394602], [-42.8640403, -20.7394213]]}}, {"type": "Feature", "properties": {"osm_id": 895471638, "highway": "residential", "name": ""}, "geometry": {"type": "LineString", "coordinates": [[-42.8657193, -20.7384657], [-42.8651588, -20.7386224], [-42.8650676, -20.738635], [-42.8649724, -20.7386187], [-42.864918, -20.7386068], [-42.8648449, -20.7386099], [-42.8647815, -20.7386269]]}}, {"type": "Feature", "properties": {"osm_id": 895504742, "highway": "residential", "name": ""}, "geometry": {"type": "LineString", "coordinates": [[-42.8589873, -20.73985], [-42.8589213, -20.7399055], [-42.8588569, -20.7399381], [-42.8587912, -20.7399343], [-42.8587429, -20.7398842], [-42.8587335, -20.7398164], [-42.8587653, -20.7396483]]}}, {"type": "Feature", "properties": {"osm_id": 896316651, "highway": "footway", "name": ""}, "geometry": {"type": "LineString", "coordinates": [[-42.8788992, -20.7504325], [-42.8790064, -20.7504008], [-42.879041, -20.7504169], [-42.8790813, -20.7504493], [-42.8791217, -20.7504681], [-42.8791707, -20.7504816], [-42.8792917, -20.7504789], [-42.8793926, -20.7504762], [-42.879456, -20.7504978], [-42.8795511, -20.7505247], [-42.879675, -20.750549], [-42.8798249, -20.7505247], [-42.8799257, -20.7505167]]}}, {"type": "Feature", "properties": {"osm_id": 897763821, "highway": "residential", "name": ""}, "geometry": {"type": "LineString", "coordinates": [[-42.8820836, -20.7522589], [-42.8820769, -20.7521925]]}}, {"type": "Feature", "properties": {"osm_id": 900507124, "highway": "trunk", "name": ""}, "geometry": {"type": "LineString", "coordinates": [[-42.8647937, -20.744343], [-42.8646567, -20.7443859], [-42.864564, -20.7444356], [-42.8644901, -20.7445085], [-42.8644077, -20.7446104]]}}, {"type": "Feature", "properties": {"osm_id": 943708279, "highway": "trunk", "name": ""}, "geometry": {"type": "LineString", "coordinates": [[-42.8610805, -20.7479992], [-42.8609289, -20.7479873], [-42.8607814, -20.7479735], [-42.8606802, -20.7479528], [-42.8605426, -20.7479264]]}}, {"type": "Feature", "properties": {"osm_id": 943708280, "highway": "trunk", "name": ""}, "geometry": {"type": "LineString", "coordinates": [[-42.8604555, -20.7478925], [-42.8602007, -20.7477653], [-42.8599942, -20.7476161]]}}, {"type": "Feature", "properties": {"osm_id": 943708281, "highway": "trunk", "name": ""}, "geometry": {"type": "LineString", "coordinates": [[-42.8599942, -20.7476161], [-42.8602436, -20.7477083], [-42.8603569, -20.7477459], [-42.8604955, -20.7477927]]}}, {"type": "Feature", "properties": {"osm_id": 943708282, "highway": "trunk", "name": ""}, "geometry": {"type": "LineString", "coordinates": [[-42.8605702, -20.7478222], [-42.8607923, -20.7479042], [-42.8609041, -20.7479459], [-42.8610805, -20.7479992]]}}, {"type": "Feature", "properties": {"osm_id": 943708283, "highway": "secondary", "name": ""}, "geometry": {"type": "LineString", "coordinates": [[-42.8605636, -20.7480537], [-42.8604857, -20.7479457], [-42.8604555, -20.7478925]]}}, {"type": "Feature", "properties": {"osm_id": 943708284, "highway": "secondary", "name": ""}, "geometry": {"type": "LineString", "coordinates": [[-42.8605426, -20.7479264], [-42.8605501, -20.7479967], [-42.8605636, -20.7480537]]}}, {"type": "Feature", "properties": {"osm_id": 965889657, "highway": "cycleway", "name": ""}, "geometry": {"type": "LineString", "coordinates": [[-42.8653997, -20.7640054], [-42.8651955, -20.7641576], [-42.8634224, -20.7655644], [-42.8623506, -20.766443], [-42.8622096, -20.7665294], [-42.8619236, -20.7666779], [-42.8616325, -20.7667914], [-42.8612205, -20.7669444]]}}, {"type": "Feature", "properties": {"osm_id": 965889658, "highway": "tertiary", "name": ""}, "geometry": {"type": "LineString", "coordinates": [[-42.8602235, -20.7658546], [-42.8603835, -20.7659982]]}}, {"type": "Feature", "properties": {"osm_id": 965889659, "highway": "unclassified", "name": ""}, "geometry": {"type": "LineString", "coordinates": [[-42.8620644, -20.767836], [-42.862065, -20.7679476], [-42.8620135, -20.7680946], [-42.8619996, -20.7681211]]}}, {"type": "Feature", "properties": {"osm_id": 965889661, "highway": "cycleway", "name": ""}, "geometry": {"type": "LineString", "coordinates": [[-42.8611521, -20.7668429], [-42.8615174, -20.7667183], [-42.8619496, -20.7665522], [-42.8626226, -20.7661008], [-42.8627405, -20.7660019], [-42.8634076, -20.765442], [-42.8635564, -20.7653172], [-42.8643746, -20.764671], [-42.8649818, -20.7641716], [-42.8653151, -20.7639134]]}}, {"type": "Feature", "properties": {"osm_id": 976621189, "highway": "residential", "name": "Rua Francisco Machado"}, "geometry": {"type": "LineString", "coordinates": [[-42.8809525, -20.7599673], [-42.8809385, -20.7598157]]}}, {"type": "Feature", "properties": {"osm_id": 1021646853, "highway": "tertiary", "name": "Rua José de Arimateia Lustosa"}, "geometry": {"type": "LineString", "coordinates": [[-42.8668907, -20.7202614], [-42.8669786, -20.7199474], [-42.867043, -20.7197467], [-42.8671771, -20.7194456]]}}, {"type": "Feature", "properties": {"osm_id": 1021749776, "highway": "secondary", "name": ""}, "geometry": {"type": "LineString", "coordinates": [[-42.845378, -20.7375518], [-42.8456631, -20.7368803], [-42.8457275, -20.7366847], [-42.8457195, -20.736479], [-42.8456846, -20.7362833], [-42.8454834, -20.735892], [-42.8453279, -20.735601], [-42.8450972, -20.7352423], [-42.8450301, -20.7351244], [-42.8449899, -20.7348033], [-42.8449899, -20.7346804], [-42.845057, -20.734422]]}}, {"type": "Feature", "properties": {"osm_id": 1021750684, "highway": "tertiary", "name": ""}, "geometry": {"type": "LineString", "coordinates": [[-42.8504514, -20.731022], [-42.8503551, -20.7311903], [-42.8502861, -20.7314417], [-42.8501628, -20.7315771], [-42.8499098, -20.7317773], [-42.8498276, -20.7318546], [-42.8496692, -20.7320036], [-42.8495566, -20.7322896], [-42.849309, -20.7327657], [-42.8491205, -20.7333621]]}}, {"type": "Feature", "properties": {"osm_id": 1023830906, "highway": "residential", "name": ""}, "geometry": {"type": "LineString", "coordinates": [[-42.8780731, -20.7793858], [-42.8781278, -20.7793875], [-42.8781534, -20.7794024], [-42.878195, -20.7794448]]}}, {"type": "Feature", "properties": {"osm_id": 1023830908, "highway": "residential", "name": ""}, "geometry": {"type": "LineString", "coordinates": [[-42.8781972, -20.7793697], [-42.8781975, -20.7794037], [-42.878195, -20.7794448], [-42.8782013, -20.7794933], [-42.8782022, -20.779517], [-42.8781905, -20.7796952]]}}, {"type": "Feature", "properties": {"osm_id": 1023830911, "highway": "path", "name": ""}, "geometry": {"type": "LineString", "coordinates": [[-42.8784037, -20.7848755], [-42.8783693, -20.7848346], [-42.8783591, -20.7848053], [-42.8784121, -20.7847846], [-42.8784573, -20.7847606], [-42.8784955, -20.7847405], [-42.8785174, -20.7847069], [-42.8784848, -20.7846876], [-42.8784375, -20.7847075], [-42.8783988, -20.7847314], [-42.8783502, -20.7847511], [-42.8783533, -20.7847037], [-42.8783674, -20.7846484]]}}, {"type": "Feature", "properties": {"osm_id": 1023830913, "highway": "path", "name": ""}, "geometry": {"type": "LineString", "coordinates": [[-42.8779073, -20.7854153], [-42.8778265, -20.7852675], [-42.8777327, -20.7851579], [-42.8775482, -20.7849515], [-42.8773844, -20.784826], [-42.8772426, -20.7847171]]}}, {"type": "Feature", "properties": {"osm_id": 1023830914, "highway": "footway", "name": ""}, "geometry": {"type": "LineString", "coordinates": [[-42.8783921, -20.779393], [-42.8783192, -20.779375], [-42.8782367, -20.7793951]]}}, {"type": "Feature", "properties": {"osm_id": 1023830915, "highway": "residential", "name": ""}, "geometry": {"type": "LineString", "coordinates": [[-42.8782197, -20.7791777], [-42.8781973, -20.7793109]]}}, {"type": "Feature", "properties": {"osm_id": 1023830916, "highway": "residential", "name": ""}, "geometry": {"type": "LineString", "coordinates": [[-42.8781973, -20.7793109], [-42.8781963, -20.7793389]]}}, {"type": "Feature", "properties": {"osm_id": 1023830917, "highway": "residential", "name": ""}, "geometry": {"type": "LineString", "coordinates": [[-42.8781273, -20.7792997], [-42.8782197, -20.7791777]]}}, {"type": "Feature", "properties": {"osm_id": 1023830918, "highway": "residential", "name": ""}, "geometry": {"type": "LineString", "coordinates": [[-42.8780967, -20.7793576], [-42.8781096, -20.7793282]]}}, {"type": "Feature", "properties": {"osm_id": 1023830919, "highway": "footway", "name": ""}, "geometry": {"type": "LineString", "coordinates": [[-42.8780967, -20.7793576], [-42.8780283, -20.7793309], [-42.8779917, -20.7793172], [-42.8779493, -20.7792885]]}}, {"type": "Feature", "properties": {"osm_id": 1023830920, "highway": "footway", "name": ""}, "geometry": {"type": "LineString", "coordinates": [[-42.8779917, -20.7793172], [-42.8778892, -20.7794255], [-42.8779419, -20.7794739]]}}, {"type": "Feature", "properties": {"osm_id": 1024602017, "highway": "residential", "name": "Rua Camilo Rosa de Oliveira"}, "geometry": {"type": "LineString", "coordinates": [[-42.8651087, -20.7288876], [-42.8650547, -20.7289346], [-42.8649965, -20.7289928]]}}, {"type": "Feature", "properties": {"osm_id": 1029072358, "highway": "footway", "name": ""}, "geometry": {"type": "LineString", "coordinates": [[-42.8788553, -20.7799437], [-42.8787867, -20.7797687], [-42.8787642, -20.7796742], [-42.8787364, -20.7796349]]}}, {"type": "Feature", "properties": {"osm_id": 1029116938, "highway": "residential", "name": ""}, "geometry": {"type": "LineString", "coordinates": [[-42.878195, -20.7794448], [-42.8781506, -20.7794861], [-42.8781074, -20.7794924], [-42.8780523, -20.7794862]]}}, {"type": "Feature", "properties": {"osm_id": 1029116939, "highway": "residential", "name": ""}, "geometry": {"type": "LineString", "coordinates": [[-42.8763869, -20.7814013], [-42.8763609, -20.7812834]]}}, {"type": "Feature", "properties": {"osm_id": 1029116940, "highway": "footway", "name": ""}, "geometry": {"type": "LineString", "coordinates": [[-42.8768108, -20.7799735], [-42.8768198, -20.7799333], [-42.8768579, -20.7798998], [-42.8769123, -20.7798605], [-42.8769808, -20.7798154], [-42.8769929, -20.7797951], [-42.8770618, -20.7797551], [-42.8773092, -20.7796734], [-42.8773941, -20.7796546], [-42.8774566, -20.7796149], [-42.8775348, -20.7794604], [-42.8775752, -20.7794043], [-42.8776104, -20.7794117], [-42.8776777, -20.7793998], [-42.8778118, -20.779404], [-42.8778892, -20.7794255]]}}, {"type": "Feature", "properties": {"osm_id": 1029116941, "highway": "path", "name": ""}, "geometry": {"type": "LineString", "coordinates": [[-42.8783591, -20.7848053], [-42.8783502, -20.7847511]]}}, {"type": "Feature", "properties": {"osm_id": 1029116965, "highway": "residential", "name": "Rua Alves"}, "geometry": {"type": "LineString", "coordinates": [[-42.878867, -20.7765013], [-42.8788199, -20.7765037]]}}, {"type": "Feature", "properties": {"osm_id": 1029116966, "highway": "residential", "name": ""}, "geometry": {"type": "LineString", "coordinates": [[-42.8788199, -20.7765037], [-42.8787706, -20.7764798], [-42.878712, -20.7764218], [-42.8786801, -20.7763701]]}}, {"type": "Feature", "properties": {"osm_id": 1029116969, "highway": "path", "name": ""}, "geometry": {"type": "LineString", "coordinates": [[-42.8780954, -20.78605], [-42.8783047, -20.7860536], [-42.878542, -20.786025], [-42.8787538, -20.785889], [-42.8789018, -20.7858258], [-42.8790294, -20.7856981], [-42.879245, -20.785654], [-42.8794249, -20.785586], [-42.8796431, -20.7855252], [-42.8798212, -20.7853272], [-42.8800571, -20.7849717], [-42.880196, -20.7847505], [-42.8802555, -20.7845465], [-42.8802058, -20.7844217], [-42.8802015, -20.7843524], [-42.8802539, -20.7842341]]}}, {"type": "Feature", "properties": {"osm_id": 1029314849, "highway": "footway", "name": ""}, "geometry": {"type": "LineString", "coordinates": [[-42.8771529, -20.7835371], [-42.8771312, -20.783541], [-42.8770753, -20.7835408], [-42.8769548, -20.7835106], [-42.8769188, -20.7834651], [-42.876926, -20.7833592], [-42.8769278, -20.7833138], [-42.8769602, -20.7831607], [-42.8769746, -20.783011], [-42.8769584, -20.7829252], [-42.876953, -20.7828427], [-42.8769782, -20.7826964], [-42.8769998, -20.7826055], [-42.8770502, -20.782476], [-42.8771365, -20.7823414], [-42.8772337, -20.7822405], [-42.877329, -20.7821312], [-42.8773848, -20.7820588], [-42.877383, -20.7819663], [-42.8773344, -20.7818721], [-42.8772355, -20.7818149], [-42.8770789, -20.7817998], [-42.8769548, -20.7818317], [-42.8768594, -20.7818906], [-42.8767389, -20.7819798], [-42.8766507, -20.7820403], [-42.8765158, -20.7821261], [-42.8764168, -20.7822102], [-42.8764028, -20.7822279], [-42.8763232, -20.782328], [-42.8762819, -20.7824289], [-42.8762495, -20.7825181], [-42.8762189, -20.7826711], [-42.8762225, -20.7827233], [-42.8762513, -20.7827721], [-42.8762765, -20.782836], [-42.8762693, -20.7828865], [-42.8762405, -20.7829369], [-42.8761559, -20.7829723], [-42.876048, -20.7829655], [-42.8760012, -20.78291], [-42.8760012, -20.7828242], [-42.8760228, -20.782767], [-42.8760803, -20.7827468], [-42.8761307, -20.782693], [-42.8761649, -20.7825719], [-42.8762135, -20.7823482], [-42.8762557, -20.7821722], [-42.8762603, -20.782153], [-42.8763017, -20.7819663], [-42.8763556, -20.7817611], [-42.8763664, -20.7816248], [-42.876361, -20.7814986], [-42.876352, -20.7813943], [-42.8763214, -20.7812631], [-42.8762747, -20.7811168], [-42.8762495, -20.7809822], [-42.8762405, -20.7808224], [-42.8762711, -20.7806474], [-42.876325, -20.7804506], [-42.876442, -20.780279], [-42.8766093, -20.7801074], [-42.8766867, -20.7800402], [-42.8767792, -20.7799728], [-42.8768108, -20.7799735], [-42.8768522, -20.7799745], [-42.8769638, -20.7800132], [-42.877016, -20.7800721], [-42.8770196, -20.7801882], [-42.8769944, -20.780316], [-42.8769494, -20.7804927], [-42.8769422, -20.7806306], [-42.876953, -20.7808351], [-42.8769722, -20.7809543], [-42.8770012, -20.781021], [-42.8770168, -20.7810569], [-42.8770589, -20.7810999], [-42.8771342, -20.7811273], [-42.8772796, -20.7811285], [-42.8773592, -20.7811257], [-42.8774161, -20.7811237], [-42.8775756, -20.7810665], [-42.8776713, -20.7809663], [-42.877744, -20.7808184], [-42.877765, -20.780767], [-42.8777812, -20.7807272], [-42.8778288, -20.7806043], [-42.8778768, -20.7804832], [-42.8778844, -20.7804641], [-42.8779743, -20.7802254], [-42.8780303, -20.7801988], [-42.8780723, -20.7800907], [-42.8780997, -20.7799958], [-42.8781289, -20.7798427], [-42.8781258, -20.779735], [-42.8781063, -20.7796554], [-42.8780566, -20.7795719], [-42.8780171, -20.7795289], [-42.8780008, -20.7795018], [-42.8779826, -20.7794717], [-42.8779839, -20.7794084], [-42.8780145, -20.7793488], [-42.8780283, -20.7793309], [-42.878033, -20.7793248]]}}, {"type": "Feature", "properties": {"osm_id": 1029314850, "highway": "footway", "name": ""}, "geometry": {"type": "LineString", "coordinates": [[-42.8744441, -20.7706401], [-42.8737868, -20.7710028], [-42.8737185, -20.7710368], [-42.873437, -20.7711901], [-42.8733487, -20.7712164], [-42.8732224, -20.7712013], [-42.8731795, -20.7711809], [-42.8731446, -20.7711505], [-42.8728181, -20.7707578], [-42.872547, -20.7704524], [-42.8722516, -20.7701089], [-42.8721568, -20.770021], [-42.8718128, -20.7696484], [-42.8713305, -20.7690734], [-42.8711021, -20.7687895], [-42.870949, -20.7684889], [-42.8706326, -20.7678972], [-42.870306, -20.7672805], [-42.8699947, -20.7667234], [-42.8697614, -20.7662869], [-42.8696412, -20.7660317], [-42.8692446, -20.7652702], [-42.8689682, -20.7647454], [-42.8689542, -20.7647174], [-42.8689401, -20.7646711], [-42.868938, -20.7646411], [-42.8689506, -20.7646149], [-42.8689632, -20.7646085], [-42.8692014, -20.7644871], [-42.8695604, -20.7643147], [-42.8705518, -20.7638904]]}}, {"type": "Feature", "properties": {"osm_id": 1029314851, "highway": "footway", "name": ""}, "geometry": {"type": "LineString", "coordinates": [[-42.8786086, -20.7780495], [-42.8786371, -20.7779723], [-42.8786664, -20.7778375], [-42.8786652, -20.7776991], [-42.8786269, -20.7775929], [-42.8785414, -20.7774152], [-42.8784687, -20.7772947], [-42.878396, -20.777154], [-42.8783526, -20.777055], [-42.8783309, -20.7769548], [-42.8783271, -20.7768701], [-42.8783329, -20.7768433], [-42.8783717, -20.7767472], [-42.8783878, -20.7767159], [-42.8784215, -20.7766506], [-42.8785044, -20.7765456], [-42.8785886, -20.7764502], [-42.8786384, -20.7763738], [-42.8786422, -20.7763011], [-42.8786312, -20.7762478], [-42.8786129, -20.7762247], [-42.8785784, -20.7761854], [-42.8785248, -20.776146], [-42.878484, -20.7761102], [-42.8784266, -20.7760601], [-42.8783641, -20.7759575], [-42.8782824, -20.7758323], [-42.8781727, -20.7756689], [-42.8781523, -20.7756235], [-42.8778716, -20.7751941], [-42.8775514, -20.7746704], [-42.8773524, -20.7743698], [-42.8772984, -20.7742833], [-42.8771355, -20.7740144], [-42.8769977, -20.7737973], [-42.8768267, -20.7735134], [-42.8766353, -20.773202], [-42.8763815, -20.7728131], [-42.8762407, -20.7725901], [-42.8761556, -20.7724553], [-42.8759247, -20.7720855], [-42.8756938, -20.7717133], [-42.8755483, -20.7714831], [-42.8753187, -20.7711002], [-42.875209, -20.7709117], [-42.8750546, -20.770654], [-42.8749985, -20.7705717], [-42.8749472, -20.7705002], [-42.8748703, -20.7704923], [-42.8748077, -20.7705218], [-42.8747554, -20.7705497], [-42.8746139, -20.7706393], [-42.8744934, -20.7707089]]}}, {"type": "Feature", "properties": {"osm_id": 1029314852, "highway": "footway", "name": ""}, "geometry": {"type": "LineString", "coordinates": [[-42.8744934, -20.7707089], [-42.8744654, -20.7706711], [-42.8744441, -20.7706401]]}}, {"type": "Feature", "properties": {"osm_id": 1029314853, "highway": "residential", "name": "Rua Alves"}, "geometry": {"type": "LineString", "coordinates": [[-42.8784817, -20.7766625], [-42.878643, -20.7764445], [-42.8786737, -20.7763877], [-42.8786801, -20.7763701]]}}, {"type": "Feature", "properties": {"osm_id": 1029314854, "highway": "residential", "name": ""}, "geometry": {"type": "LineString", "coordinates": [[-42.8787353, -20.776259], [-42.8788025, -20.7762449], [-42.8788613, -20.7762332], [-42.8789313, -20.776241], [-42.8789988, -20.7762971], [-42.8790082, -20.7763635], [-42.8789985, -20.7764027], [-42.8789457, -20.7764553]]}}, {"type": "Feature", "properties": {"osm_id": 1029314855, "highway": "residential", "name": ""}, "geometry": {"type": "LineString", "coordinates": [[-42.8783902, -20.777978], [-42.8783988, -20.7779598], [-42.8784135, -20.7779455], [-42.8784325, -20.7779366], [-42.8784536, -20.7779342], [-42.8784744, -20.7779385], [-42.8784923, -20.7779492], [-42.8785054, -20.7779649], [-42.8785121, -20.7779837], [-42.8785116, -20.7780036], [-42.878504, -20.7780222], [-42.8784955, -20.7780326], [-42.8784848, -20.7780409], [-42.8784653, -20.7780489], [-42.8784441, -20.7780502], [-42.8784236, -20.7780448], [-42.8784063, -20.7780333], [-42.8783941, -20.778017], [-42.8783885, -20.7779978], [-42.8783902, -20.777978]]}}, {"type": "Feature", "properties": {"osm_id": 1029314859, "highway": "pedestrian", "name": ""}, "geometry": {"type": "LineString", "coordinates": [[-42.8777405, -20.7806339], [-42.8776823, -20.7807948], [-42.8777345, -20.7808108], [-42.8777685, -20.7807232], [-42.877797, -20.7806499], [-42.8777405, -20.7806339]]}}, {"type": "Feature", "properties": {"osm_id": 1029314860, "highway": "footway", "name": ""}, "geometry": {"type": "LineString", "coordinates": [[-42.8775833, -20.7803878], [-42.8777502, -20.7804444], [-42.8778087, -20.7804629]]}}, {"type": "Feature", "properties": {"osm_id": 1029314861, "highway": "footway", "name": ""}, "geometry": {"type": "LineString", "coordinates": [[-42.8775421, -20.7804506], [-42.8776566, -20.7804787], [-42.877761, -20.7805827], [-42.8778288, -20.7806043]]}}, {"type": "Feature", "properties": {"osm_id": 1029314862, "highway": "steps", "name": ""}, "geometry": {"type": "LineString", "coordinates": [[-42.8778087, -20.7804629], [-42.8778768, -20.7804832]]}}, {"type": "Feature", "properties": {"osm_id": 1029314863, "highway": "footway", "name": ""}, "geometry": {"type": "LineString", "coordinates": [[-42.8776059, -20.7803315], [-42.8777773, -20.7803819], [-42.8777502, -20.7804444]]}}, {"type": "Feature", "properties": {"osm_id": 1029314865, "highway": "pedestrian", "name": ""}, "geometry": {"type": "LineString", "coordinates": [[-42.8775287, -20.7805114], [-42.8775191, -20.7805079], [-42.8775064, -20.7805034], [-42.8773969, -20.7807931], [-42.8774077, -20.780797], [-42.8774208, -20.7808019], [-42.8775287, -20.7805114]]}}, {"type": "Feature", "properties": {"osm_id": 1029314866, "highway": "footway", "name": ""}, "geometry": {"type": "LineString", "coordinates": [[-42.8775191, -20.7805079], [-42.8774077, -20.780797], [-42.8773839, -20.7808095], [-42.8773445, -20.780896], [-42.8772819, -20.7809557], [-42.8770012, -20.781021]]}}, {"type": "Feature", "properties": {"osm_id": 1029314867, "highway": "steps", "name": ""}, "geometry": {"type": "LineString", "coordinates": [[-42.8775306, -20.7804788], [-42.8775191, -20.7805079]]}}, {"type": "Feature", "properties": {"osm_id": 1029314868, "highway": "footway", "name": ""}, "geometry": {"type": "LineString", "coordinates": [[-42.8777812, -20.7807272], [-42.8777685, -20.7807232]]}}, {"type": "Feature", "properties": {"osm_id": 1029314869, "highway": "footway", "name": ""}, "geometry": {"type": "LineString", "coordinates": [[-42.8780587, -20.7792752], [-42.8780732, -20.7792474], [-42.8780668, -20.7791913], [-42.878095, -20.7791377], [-42.8781089, -20.7791114], [-42.8781523, -20.7790339], [-42.878114, -20.7790291], [-42.8780834, -20.7790184]]}}, {"type": "Feature", "properties": {"osm_id": 1029314870, "highway": "footway", "name": ""}, "geometry": {"type": "LineString", "coordinates": [[-42.878033, -20.7793248], [-42.8780587, -20.7792752]]}}, {"type": "Feature", "properties": {"osm_id": 1029314871, "highway": "footway", "name": ""}, "geometry": {"type": "LineString", "coordinates": [[-42.8777269, -20.7801052], [-42.8777511, -20.7801018]]}}, {"type": "Feature", "properties": {"osm_id": 1029314872, "highway": "footway", "name": ""}, "geometry": {"type": "LineString", "coordinates": [[-42.8775335, -20.7804715], [-42.8773411, -20.7804138]]}}, {"type": "Feature", "properties": {"osm_id": 1029317605, "highway": "footway", "name": ""}, "geometry": {"type": "LineString", "coordinates": [[-42.8793484, -20.7828562], [-42.8792365, -20.7828532], [-42.8790522, -20.7828356], [-42.879033, -20.7828408], [-42.8788853, -20.7828812], [-42.8788302, -20.7829151], [-42.8787703, -20.7829637], [-42.8787199, -20.7830388], [-42.8786443, -20.7832317], [-42.8785923, -20.7834349], [-42.8785277, -20.7835792], [-42.8784584, -20.7836705], [-42.8783513, -20.7837515], [-42.8782379, -20.7838266], [-42.8781182, -20.7838472], [-42.8779922, -20.7838414], [-42.877904, -20.7838031], [-42.8778347, -20.7837324], [-42.8777953, -20.7836543], [-42.8778064, -20.7835454], [-42.877852, -20.7834732], [-42.8779009, -20.7833952], [-42.877978, -20.7832774], [-42.8780253, -20.7831654], [-42.8780946, -20.7829902], [-42.8781576, -20.7828017], [-42.878197, -20.7826751], [-42.878219, -20.7825411], [-42.8781875, -20.7824233], [-42.8781056, -20.7822789], [-42.8780221, -20.7821523], [-42.8779749, -20.7820698], [-42.8779686, -20.7819962], [-42.8779796, -20.7819064], [-42.8779956, -20.7818243], [-42.8780019, -20.7817365], [-42.8779938, -20.7816487], [-42.877956, -20.7815338], [-42.8778552, -20.7814116], [-42.8777829, -20.781358], [-42.8776952, -20.7813215], [-42.8776234, -20.781282], [-42.8775093, -20.7812474], [-42.8773434, -20.7812089], [-42.8772451, -20.781202], [-42.8771251, -20.7812034], [-42.8770845, -20.7812039], [-42.8769704, -20.7812375], [-42.8769188, -20.7812565], [-42.8768658, -20.7812761], [-42.8767644, -20.7813353], [-42.8766957, -20.7813926], [-42.8766133, -20.7814815], [-42.8765393, -20.7815902], [-42.8764632, -20.7817374], [-42.8764168, -20.7818648], [-42.8763713, -20.7819952], [-42.8763217, -20.782173], [-42.8763333, -20.7821928], [-42.8763597, -20.7821878], [-42.8763829, -20.7821691], [-42.8764453, -20.7821108], [-42.8765158, -20.7820504], [-42.8766795, -20.781936], [-42.8767803, -20.7818671], [-42.8769008, -20.7817914], [-42.8770286, -20.7817442], [-42.8771779, -20.7817459], [-42.8773111, -20.7817695], [-42.8773884, -20.7818267], [-42.8774424, -20.7819091], [-42.8774568, -20.7820235], [-42.877419, -20.7821295], [-42.8773183, -20.7822388], [-42.8772427, -20.7823196], [-42.8771851, -20.782407], [-42.8771257, -20.7824878], [-42.8770735, -20.7826308], [-42.8770394, -20.7827368], [-42.8770322, -20.7828511], [-42.8770376, -20.7830261], [-42.8770304, -20.7831186], [-42.8770178, -20.7832364], [-42.8770052, -20.7833323], [-42.8770052, -20.783376], [-42.8770268, -20.7833979], [-42.8770933, -20.7834063], [-42.8771671, -20.783418], [-42.8772031, -20.783445], [-42.8772049, -20.7834971], [-42.8771833, -20.7835291], [-42.8771529, -20.7835371]]}}, {"type": "Feature", "properties": {"osm_id": 1029317606, "highway": "footway", "name": ""}, "geometry": {"type": "LineString", "coordinates": [[-42.8789767, -20.7801203], [-42.8789967, -20.7801032], [-42.8790255, -20.7801032], [-42.8790687, -20.7801453], [-42.8790867, -20.7802243], [-42.8791425, -20.7803471], [-42.8792001, -20.780443], [-42.8792792, -20.7805456], [-42.8793764, -20.7806482], [-42.8793867, -20.780658], [-42.8794826, -20.7807492], [-42.8796697, -20.7809595], [-42.8798298, -20.7811327], [-42.8799396, -20.7812606], [-42.8800367, -20.7814002], [-42.8801249, -20.7815415], [-42.8801879, -20.7817114], [-42.8802634, -20.7818998], [-42.8802994, -20.782095], [-42.8803246, -20.7823103], [-42.880348, -20.7826512], [-42.88041, -20.7831021], [-42.8804383, -20.7832361], [-42.8804572, -20.7833009], [-42.8804982, -20.7833613], [-42.8805407, -20.7834393], [-42.8805549, -20.7835071], [-42.8805501, -20.7835807], [-42.8804934, -20.783619], [-42.8804462, -20.7836381], [-42.8803706, -20.7836308], [-42.8803391, -20.7835763], [-42.8803265, -20.7835068]]}}, {"type": "Feature", "properties": {"osm_id": 1029317607, "highway": "footway", "name": ""}, "geometry": {"type": "LineString", "coordinates": [[-42.8803265, -20.7835068], [-42.8803202, -20.7834938], [-42.8803233, -20.7834246], [-42.8803737, -20.7833569], [-42.8803753, -20.783323], [-42.8803501, -20.7831993], [-42.8803186, -20.7829372], [-42.8802514, -20.7824613]]}}, {"type": "Feature", "properties": {"osm_id": 1029317608, "highway": "footway", "name": ""}, "geometry": {"type": "LineString", "coordinates": [[-42.8782367, -20.7793951], [-42.8782468, -20.7794135], [-42.8782516, -20.7794849], [-42.8782531, -20.7795063], [-42.8782475, -20.7795828], [-42.8782463, -20.7796744], [-42.8782376, -20.7797354], [-42.8782326, -20.7798214], [-42.8782043, -20.7799466], [-42.878146, -20.7801351], [-42.8780531, -20.7803324], [-42.8779885, -20.7805091], [-42.877905, -20.7807226], [-42.8778822, -20.7807964], [-42.8778562, -20.7808802], [-42.877831, -20.7809921], [-42.8778294, -20.781104], [-42.877883, -20.7812749], [-42.8779337, -20.7813556], [-42.877957, -20.7813927], [-42.8780609, -20.781537], [-42.8781665, -20.7816312], [-42.8783003, -20.7817078], [-42.8786075, -20.7818418], [-42.8789398, -20.7820126], [-42.8791619, -20.782101], [-42.8792974, -20.7821614], [-42.8793887, -20.7821982], [-42.8794486, -20.7822379], [-42.879488, -20.782291], [-42.8794864, -20.7823616], [-42.8794202, -20.7824132], [-42.8793745, -20.7824161], [-42.8793226, -20.7824029], [-42.8792935, -20.7823513], [-42.8793043, -20.782291], [-42.8793005, -20.7822615], [-42.8792438, -20.7822365], [-42.8789036, -20.7820774], [-42.8784579, -20.781858], [-42.8782562, -20.7817682], [-42.8781964, -20.781777], [-42.8781239, -20.7818006], [-42.878072, -20.7818521], [-42.8780436, -20.7819243], [-42.8780389, -20.7820333], [-42.8780924, -20.7821555], [-42.8781554, -20.7822379], [-42.878272, -20.7823734], [-42.8783885, -20.7824957], [-42.8785177, -20.7825737], [-42.8786736, -20.7826503], [-42.8788658, -20.7827342], [-42.8790548, -20.7827784], [-42.879247, -20.7827902], [-42.879395, -20.7827725], [-42.8794895, -20.7827372], [-42.8795557, -20.782665], [-42.8796124, -20.7825678], [-42.879647, -20.7824824], [-42.879677, -20.7822733], [-42.8796376, -20.7821069], [-42.8795966, -20.7819552], [-42.8795462, -20.7818286], [-42.8794596, -20.7816695], [-42.8794306, -20.7816188], [-42.8793871, -20.7815429], [-42.8793226, -20.7814192], [-42.8791483, -20.7811271], [-42.8790469, -20.7809443], [-42.8790245, -20.7808923], [-42.8789841, -20.7807987], [-42.8789699, -20.7806822], [-42.8789913, -20.7804228], [-42.8789949, -20.7803101], [-42.8789842, -20.7802008], [-42.8789767, -20.7801203]]}}, {"type": "Feature", "properties": {"osm_id": 1029317609, "highway": "footway", "name": ""}, "geometry": {"type": "LineString", "coordinates": [[-42.8768688, -20.7808996], [-42.876884, -20.7809647], [-42.8769038, -20.7810495], [-42.8768894, -20.7811398], [-42.8768662, -20.781162], [-42.8768031, -20.7812224], [-42.8765996, -20.7812955], [-42.8764763, -20.7813147], [-42.8764002, -20.7812839], [-42.8763821, -20.7812402], [-42.8763509, -20.7811648], [-42.8763098, -20.7809399], [-42.8763242, -20.7807804], [-42.876357, -20.7806017], [-42.8764043, -20.7805037], [-42.8764865, -20.78035], [-42.8765182, -20.7802948], [-42.876623, -20.7801891], [-42.876714, -20.7801066], [-42.8767912, -20.7800525], [-42.8768395, -20.780037], [-42.8769001, -20.7800537], [-42.8769415, -20.7800873], [-42.876958, -20.7801324], [-42.8769525, -20.7801762], [-42.8769291, -20.7802265], [-42.8769015, -20.7803309], [-42.876867, -20.7805462], [-42.8768546, -20.7807048], [-42.8768698, -20.7808233], [-42.8768688, -20.7808996]]}}, {"type": "Feature", "properties": {"osm_id": 1029317610, "highway": "footway", "name": ""}, "geometry": {"type": "LineString", "coordinates": [[-42.8786225, -20.7827239], [-42.8786945, -20.7827911], [-42.8787053, -20.7828803], [-42.8786879, -20.7829259], [-42.8786835, -20.7829373], [-42.8786693, -20.7829745], [-42.8785361, -20.7832723], [-42.8785073, -20.7834321], [-42.8784516, -20.7835515], [-42.878349, -20.7836642], [-42.8782411, -20.7837332], [-42.8780647, -20.783792], [-42.877964, -20.7837668], [-42.877901, -20.783713], [-42.8778686, -20.7836592], [-42.8778668, -20.7835902], [-42.8779028, -20.7835347], [-42.8779802, -20.7834136], [-42.8780593, -20.7832689], [-42.8781025, -20.7831629], [-42.8781691, -20.7829913], [-42.8781943, -20.7828753], [-42.878259, -20.7827424], [-42.8782777, -20.7827019], [-42.8782878, -20.7826801], [-42.8783508, -20.782633], [-42.8784372, -20.7826313], [-42.8785541, -20.7826835], [-42.8786225, -20.7827239]]}}, {"type": "Feature", "properties": {"osm_id": 1029320398, "highway": "unclassified", "name": ""}, "geometry": {"type": "LineString", "coordinates": [[-42.8627257, -20.7738803], [-42.862743, -20.7741386], [-42.8628384, -20.7745176], [-42.862755, -20.7748185], [-42.862904, -20.7751417], [-42.8632715, -20.7753744], [-42.8637503, -20.7755653], [-42.8640126, -20.7756544], [-42.8640245, -20.7757715], [-42.8638278, -20.7760445], [-42.8637265, -20.7764068], [-42.8637027, -20.7766966], [-42.8636967, -20.7769752], [-42.8636013, -20.7771703], [-42.8634762, -20.7771758], [-42.8633152, -20.7770922], [-42.8631483, -20.7769529], [-42.863047, -20.7768192], [-42.8630068, -20.7768192]]}}, {"type": "Feature", "properties": {"osm_id": 1029320399, "highway": "unclassified", "name": ""}, "geometry": {"type": "LineString", "coordinates": [[-42.8629632, -20.7768217], [-42.862892, -20.7768192], [-42.8627821, -20.7768307]]}}, {"type": "Feature", "properties": {"osm_id": 1029320400, "highway": "unclassified", "name": ""}, "geometry": {"type": "LineString", "coordinates": [[-42.8630068, -20.7768192], [-42.8629632, -20.7768217]]}}, {"type": "Feature", "properties": {"osm_id": 1029321657, "highway": "footway", "name": ""}, "geometry": {"type": "LineString", "coordinates": [[-42.8686176, -20.7636803], [-42.8685436, -20.7637113], [-42.8683892, -20.7637658], [-42.8683309, -20.7637893], [-42.8683136, -20.7638306], [-42.8684176, -20.7639528], [-42.8686349, -20.7642209], [-42.8687783, -20.7644256], [-42.8688375, -20.7645116], [-42.8688718, -20.7645132], [-42.8688932, -20.7645234], [-42.8689254, -20.7645399], [-42.8689335, -20.7645558], [-42.8689632, -20.7646085]]}}, {"type": "Feature", "properties": {"osm_id": 1029321658, "highway": "footway", "name": ""}, "geometry": {"type": "LineString", "coordinates": [[-42.8686259, -20.7634004], [-42.8687154, -20.7634857], [-42.8686572, -20.7635305], [-42.8686205, -20.7635786], [-42.8682954, -20.7637333], [-42.8682433, -20.7637467], [-42.8681371, -20.7636357], [-42.8680543, -20.7635415], [-42.8680345, -20.7634876], [-42.8680507, -20.7634405], [-42.8681098, -20.7634088], [-42.868299, -20.7632538], [-42.8683935, -20.7631891], [-42.8686259, -20.7634004]]}}, {"type": "Feature", "properties": {"osm_id": 1029321659, "highway": "footway", "name": ""}, "geometry": {"type": "LineString", "coordinates": [[-42.8683314, -20.7631579], [-42.8679896, -20.763417], [-42.8679408, -20.7634081], [-42.8675949, -20.7629911], [-42.8676095, -20.7629631], [-42.867851, -20.7627659], [-42.8679567, -20.7626878], [-42.8679893, -20.7626867], [-42.868361, -20.7630941], [-42.8683622, -20.763128], [-42.8683314, -20.7631579]]}}, {"type": "Feature", "properties": {"osm_id": 1029321660, "highway": "footway", "name": ""}, "geometry": {"type": "LineString", "coordinates": [[-42.8675949, -20.7629911], [-42.8675734, -20.7629641], [-42.8675518, -20.7629362], [-42.8674054, -20.7627744], [-42.8673592, -20.7627194], [-42.8673472, -20.7626303], [-42.8673666, -20.7625803], [-42.8674639, -20.7624974], [-42.8677158, -20.7623042], [-42.8678851, -20.7621647], [-42.8679145, -20.7621432], [-42.8679331, -20.7621296], [-42.8681996, -20.7619168], [-42.8685157, -20.7616584], [-42.8686012, -20.7615811], [-42.8686341, -20.7615647], [-42.8686714, -20.7615346], [-42.8686948, -20.7615146], [-42.8687846, -20.761438], [-42.8688261, -20.7614069], [-42.8688631, -20.7613766], [-42.8688818, -20.7613456]]}}, {"type": "Feature", "properties": {"osm_id": 1029321661, "highway": "footway", "name": ""}, "geometry": {"type": "LineString", "coordinates": [[-42.8681679, -20.763815], [-42.8681385, -20.7637863], [-42.867897, -20.7635131], [-42.8675395, -20.7630864], [-42.8674534, -20.762997], [-42.8673834, -20.7629127], [-42.8673285, -20.7628466], [-42.8672393, -20.7627961], [-42.8671383, -20.7627808], [-42.8670139, -20.7628466], [-42.8668828, -20.7629542], [-42.8667443, -20.7630558], [-42.8663775, -20.7633645], [-42.8659223, -20.7636925], [-42.8658184, -20.7637779], [-42.8656344, -20.763918], [-42.8655948, -20.7639499]]}}, {"type": "Feature", "properties": {"osm_id": 1029324333, "highway": "footway", "name": ""}, "geometry": {"type": "LineString", "coordinates": [[-42.8665578, -20.761795], [-42.8669923, -20.7622991], [-42.8670273, -20.7623372], [-42.8670952, -20.7624026], [-42.8671087, -20.7624196], [-42.8671405, -20.762451], [-42.8671729, -20.7624632], [-42.8672154, -20.7624632], [-42.8672774, -20.7624597], [-42.8673847, -20.7623723], [-42.867824, -20.7620247], [-42.8678534, -20.7619954], [-42.867985, -20.7618949], [-42.8683966, -20.7615697], [-42.8685663, -20.7614268], [-42.8686666, -20.7613423], [-42.8690514, -20.7610257], [-42.8690459, -20.7609845], [-42.8690596, -20.7609377], [-42.8690866, -20.7609012], [-42.8690631, -20.7608753], [-42.868963, -20.760773]]}}, {"type": "Feature", "properties": {"osm_id": 1029324335, "highway": "footway", "name": ""}, "geometry": {"type": "LineString", "coordinates": [[-42.8754392, -20.7579953], [-42.8754723, -20.7578332], [-42.875455, -20.7576919], [-42.8753983, -20.7575711], [-42.875351, -20.7575063], [-42.8752282, -20.7575033], [-42.8750848, -20.7575667], [-42.874899, -20.7575608], [-42.8745808, -20.7574945], [-42.8743934, -20.7574032], [-42.8742485, -20.7573678], [-42.8740894, -20.7573678], [-42.8738248, -20.7574724], [-42.8735917, -20.757655], [-42.8733459, -20.7578494], [-42.8729317, -20.7581764], [-42.8725537, -20.758468], [-42.8723788, -20.7586138], [-42.8723379, -20.7586625], [-42.8722717, -20.7586934], [-42.8721946, -20.758739], [-42.8718795, -20.7589983], [-42.8715078, -20.7593031], [-42.8710873, -20.7596522], [-42.8706614, -20.7599807], [-42.8705959, -20.7600528], [-42.8705991, -20.7600731], [-42.8706069, -20.760122], [-42.8706841, -20.7602207], [-42.8708746, -20.7604092], [-42.8711471, -20.7605359], [-42.8712968, -20.7605477], [-42.8714448, -20.7605329], [-42.8715996, -20.7604554], [-42.8717252, -20.7603856], [-42.8718491, -20.7603021], [-42.8719, -20.7602678], [-42.8721788, -20.7600984], [-42.8723867, -20.75996], [-42.8724985, -20.7598525], [-42.8725679, -20.7597302], [-42.8726813, -20.7595078], [-42.8727443, -20.759365], [-42.8728813, -20.7591338], [-42.8730546, -20.7589393], [-42.8732089, -20.7588053], [-42.8734452, -20.758608], [-42.873672, -20.7584828], [-42.8737933, -20.7584239], [-42.8740248, -20.7584077], [-42.8742138, -20.7584312], [-42.8745367, -20.7584798], [-42.8747919, -20.7585137], [-42.8750344, -20.7584592], [-42.8752534, -20.7583311], [-42.875403, -20.7581249], [-42.8754392, -20.7579953]]}}, {"type": "Feature", "properties": {"osm_id": 1029325237, "highway": "footway", "name": ""}, "geometry": {"type": "LineString", "coordinates": [[-42.8705017, -20.7601446], [-42.8703951, -20.7601753], [-42.8698207, -20.7606157]]}}, {"type": "Feature", "properties": {"osm_id": 1029325238, "highway": "footway", "name": ""}, "geometry": {"type": "LineString", "coordinates": [[-42.8705991, -20.7600731], [-42.8705273, -20.7601265], [-42.8705017, -20.7601446]]}}, {"type": "Feature", "properties": {"osm_id": 1029325239, "highway": "footway", "name": ""}, "geometry": {"type": "LineString", "coordinates": [[-42.869744, -20.7607076], [-42.8696664, -20.7607233], [-42.8693634, -20.7609591], [-42.8693547, -20.7610166], [-42.8693582, -20.7610491], [-42.8693495, -20.7610568]]}}, {"type": "Feature", "properties": {"osm_id": 1029325240, "highway": "footway", "name": ""}, "geometry": {"type": "LineString", "coordinates": [[-42.8698207, -20.7606157], [-42.8697693, -20.7606673], [-42.869744, -20.7607076]]}}, {"type": "Feature", "properties": {"osm_id": 1029325241, "highway": "footway", "name": ""}, "geometry": {"type": "LineString", "coordinates": [[-42.8692527, -20.7611322], [-42.8692415, -20.7611397], [-42.8692331, -20.761134], [-42.8691962, -20.7611229], [-42.8691522, -20.7611248], [-42.8691208, -20.7611499], [-42.8688818, -20.7613456]]}}, {"type": "Feature", "properties": {"osm_id": 1029325242, "highway": "footway", "name": ""}, "geometry": {"type": "LineString", "coordinates": [[-42.8693495, -20.7610568], [-42.8693403, -20.761061], [-42.8693142, -20.761083]]}}, {"type": "Feature", "properties": {"osm_id": 1029325243, "highway": "footway", "name": ""}, "geometry": {"type": "LineString", "coordinates": [[-42.8693142, -20.761083], [-42.8692884, -20.7611053]]}}, {"type": "Feature", "properties": {"osm_id": 1029325244, "highway": "footway", "name": ""}, "geometry": {"type": "LineString", "coordinates": [[-42.8692884, -20.7611053], [-42.8692704, -20.7611196], [-42.8692527, -20.7611322]]}}, {"type": "Feature", "properties": {"osm_id": 1029363947, "highway": "residential", "name": "Estrada da Servidão"}, "geometry": {"type": "LineString", "coordinates": [[-42.875728, -20.7827536], [-42.8758961, -20.7828796], [-42.8759245, -20.7829253], [-42.8759346, -20.7829867], [-42.8759383, -20.7831448]]}}, {"type": "Feature", "properties": {"osm_id": 1030076279, "highway": "footway", "name": ""}, "geometry": {"type": "LineString", "coordinates": [[-42.8781523, -20.7790339], [-42.8781893, -20.7790327], [-42.8782301, -20.7790291], [-42.8782507, -20.7789808], [-42.8782902, -20.7788864], [-42.8783209, -20.7788049], [-42.8783447, -20.7787345], [-42.8783844, -20.7786342], [-42.8784508, -20.7784661], [-42.878535, -20.778243], [-42.8786052, -20.7780713], [-42.8786086, -20.7780495]]}}, {"type": "Feature", "properties": {"osm_id": 1030076280, "highway": "residential", "name": ""}, "geometry": {"type": "LineString", "coordinates": [[-42.8786504, -20.7780608], [-42.8786086, -20.7780495]]}}, {"type": "Feature", "properties": {"osm_id": 1030076281, "highway": "secondary", "name": ""}, "geometry": {"type": "LineString", "coordinates": [[-42.8789457, -20.7764553], [-42.8787353, -20.776259]]}}, {"type": "Feature", "properties": {"osm_id": 1030076282, "highway": "residential", "name": ""}, "geometry": {"type": "LineString", "coordinates": [[-42.8789457, -20.7764553], [-42.8788815, -20.7764962], [-42.878867, -20.7765013]]}}, {"type": "Feature", "properties": {"osm_id": 1030076283, "highway": "residential", "name": "Rua Alves"}, "geometry": {"type": "LineString", "coordinates": [[-42.8788199, -20.7765037], [-42.8787717, -20.7765141], [-42.8787173, -20.776533], [-42.878661, -20.7765609], [-42.8785798, -20.7766043], [-42.8784817, -20.7766625]]}}, {"type": "Feature", "properties": {"osm_id": 1030076284, "highway": "residential", "name": "Rua Alves"}, "geometry": {"type": "LineString", "coordinates": [[-42.8786801, -20.7763701], [-42.8786845, -20.7763428], [-42.8786865, -20.7763182], [-42.8787353, -20.776259]]}}, {"type": "Feature", "properties": {"osm_id": 1030076285, "highway": "secondary", "name": ""}, "geometry": {"type": "LineString", "coordinates": [[-42.8787353, -20.776259], [-42.878518, -20.7760367], [-42.8782939, -20.7757707], [-42.8781329, -20.7754313], [-42.8779179, -20.7751053], [-42.8773655, -20.7742515], [-42.8764674, -20.7728064], [-42.8763116, -20.7725506], [-42.8760503, -20.7721216], [-42.8758201, -20.7717616], [-42.8751117, -20.7706461], [-42.8749483, -20.7703851], [-42.8741741, -20.7692407], [-42.8735733, -20.7684181], [-42.872218, -20.767124], [-42.8710607, -20.7660019], [-42.8708652, -20.765707], [-42.8708464, -20.7653879], [-42.8710253, -20.7646007], [-42.8712027, -20.7639954], [-42.8715659, -20.7634599], [-42.8724749, -20.7621557], [-42.872604, -20.7619627], [-42.8731359, -20.7611971], [-42.8737387, -20.7601989], [-42.8739828, -20.7599494], [-42.8744176, -20.7597053], [-42.8751919, -20.7593436], [-42.8752944, -20.7592977], [-42.87554, -20.7591833], [-42.8757805, -20.7589912], [-42.8761123, -20.7585799], [-42.8762608, -20.7583953], [-42.876434, -20.758156], [-42.876592, -20.7579162]]}}, {"type": "Feature", "properties": {"osm_id": 1030076286, "highway": "footway", "name": ""}, "geometry": {"type": "LineString", "coordinates": [[-42.8782456, -20.7791911], [-42.878282, -20.7791], [-42.8784055, -20.7787878], [-42.8785169, -20.7785144], [-42.878613, -20.7782747], [-42.8786944, -20.778089], [-42.8787229, -20.7779854], [-42.8787504, -20.777792], [-42.8787353, -20.7776399], [-42.8787173, -20.7775948], [-42.8786898, -20.7775394], [-42.8785932, -20.7773731], [-42.8785312, -20.7772377], [-42.8784978, -20.7771847], [-42.8784581, -20.7771101], [-42.8784361, -20.7770482], [-42.8784115, -20.7769744], [-42.8784052, -20.7769008], [-42.8784122, -20.7768014], [-42.8784434, -20.7767378], [-42.8785072, -20.7766788], [-42.8785696, -20.7766364], [-42.8786341, -20.7765987], [-42.8787057, -20.7765582], [-42.8787638, -20.776535], [-42.8788651, -20.7765203], [-42.8788843, -20.7765191], [-42.8789339, -20.7765185]]}}, {"type": "Feature", "properties": {"osm_id": 1030076287, "highway": "footway", "name": ""}, "geometry": {"type": "LineString", "coordinates": [[-42.8789339, -20.7765185], [-42.8788815, -20.7764962], [-42.8788239, -20.7764711], [-42.8787761, -20.7764304], [-42.8787285, -20.7763805], [-42.8786865, -20.7763182], [-42.8786312, -20.7762478]]}}, {"type": "Feature", "properties": {"osm_id": 1030076292, "highway": "service", "name": ""}, "geometry": {"type": "LineString", "coordinates": [[-42.8763116, -20.7725506], [-42.8762407, -20.7725901], [-42.875964, -20.772741]]}}, {"type": "Feature", "properties": {"osm_id": 1030076301, "highway": "service", "name": ""}, "geometry": {"type": "LineString", "coordinates": [[-42.8795445, -20.7771701], [-42.8796993, -20.7769699], [-42.8797681, -20.7768949]]}}, {"type": "Feature", "properties": {"osm_id": 1030076302, "highway": "service", "name": ""}, "geometry": {"type": "LineString", "coordinates": [[-42.8797681, -20.7768949], [-42.8798016, -20.7768569]]}}, {"type": "Feature", "properties": {"osm_id": 1030076303, "highway": "service", "name": ""}, "geometry": {"type": "LineString", "coordinates": [[-42.8794582, -20.7770655], [-42.8796993, -20.7769699]]}}, {"type": "Feature", "properties": {"osm_id": 1030076305, "highway": "residential", "name": ""}, "geometry": {"type": "LineString", "coordinates": [[-42.8786086, -20.7780495], [-42.878504, -20.7780222]]}}, {"type": "Feature", "properties": {"osm_id": 1030077791, "highway": "footway", "name": ""}, "geometry": {"type": "LineString", "coordinates": [[-42.8783003, -20.7817078], [-42.8782762, -20.7817401], [-42.8782562, -20.7817682]]}}, {"type": "Feature", "properties": {"osm_id": 1030077792, "highway": "footway", "name": ""}, "geometry": {"type": "LineString", "coordinates": [[-42.8779956, -20.7818243], [-42.8780348, -20.7818373], [-42.878072, -20.7818521]]}}, {"type": "Feature", "properties": {"osm_id": 1030077793, "highway": "footway", "name": ""}, "geometry": {"type": "LineString", "coordinates": [[-42.878197, -20.7826751], [-42.8782274, -20.7826844], [-42.8782777, -20.7827019]]}}, {"type": "Feature", "properties": {"osm_id": 1030077794, "highway": "footway", "name": ""}, "geometry": {"type": "LineString", "coordinates": [[-42.8787703, -20.7829637], [-42.878738, -20.7829464], [-42.8786879, -20.7829259]]}}, {"type": "Feature", "properties": {"osm_id": 1030077795, "highway": "footway", "name": ""}, "geometry": {"type": "LineString", "coordinates": [[-42.8771342, -20.7811273], [-42.8771313, -20.7811611], [-42.8771251, -20.7812034]]}}, {"type": "Feature", "properties": {"osm_id": 1030077796, "highway": "footway", "name": ""}, "geometry": {"type": "LineString", "coordinates": [[-42.8769722, -20.7809543], [-42.876927, -20.7809562], [-42.876884, -20.7809647]]}}, {"type": "Feature", "properties": {"osm_id": 1030077797, "highway": "footway", "name": ""}, "geometry": {"type": "LineString", "coordinates": [[-42.8763214, -20.7812631], [-42.8763438, -20.7812522], [-42.8763821, -20.7812402]]}}, {"type": "Feature", "properties": {"osm_id": 1030077798, "highway": "footway", "name": ""}, "geometry": {"type": "LineString", "coordinates": [[-42.8790245, -20.7808923], [-42.8790459, -20.7808792], [-42.8790664, -20.7808667]]}}, {"type": "Feature", "properties": {"osm_id": 1030077799, "highway": "footway", "name": ""}, "geometry": {"type": "LineString", "coordinates": [[-42.8793218, -20.7806961], [-42.8793584, -20.7806738], [-42.8793867, -20.780658]]}}, {"type": "Feature", "properties": {"osm_id": 1030077800, "highway": "footway", "name": ""}, "geometry": {"type": "LineString", "coordinates": [[-42.8762557, -20.7821722], [-42.8762902, -20.7821831], [-42.8763333, -20.7821928], [-42.8763743, -20.7822148], [-42.8764028, -20.7822279]]}}, {"type": "Feature", "properties": {"osm_id": 1030082183, "highway": "footway", "name": ""}, "geometry": {"type": "LineString", "coordinates": [[-42.877765, -20.780767], [-42.8778296, -20.7807797], [-42.8778822, -20.7807964]]}}, {"type": "Feature", "properties": {"osm_id": 1030082185, "highway": "footway", "name": ""}, "geometry": {"type": "LineString", "coordinates": [[-42.8782516, -20.7794849], [-42.8782013, -20.7794933], [-42.8781199, -20.7795034], [-42.8780639, -20.7795035], [-42.8780008, -20.7795018]]}}, {"type": "Feature", "properties": {"osm_id": 1030083444, "highway": "service", "name": ""}, "geometry": {"type": "LineString", "coordinates": [[-42.8759775, -20.7801876], [-42.8760616, -20.7800978], [-42.8761485, -20.7799714], [-42.8763923, -20.7797909]]}}, {"type": "Feature", "properties": {"osm_id": 1030146334, "highway": "path", "name": ""}, "geometry": {"type": "LineString", "coordinates": [[-42.8774348, -20.7846737], [-42.8772948, -20.7846121], [-42.877279, -20.7845437], [-42.877273, -20.784428], [-42.877287, -20.7842984], [-42.8772793, -20.7841857], [-42.8772822, -20.7839917], [-42.8772482, -20.783853], [-42.8772077, -20.7837304], [-42.8771979, -20.7837007], [-42.8771529, -20.7835371]]}}, {"type": "Feature", "properties": {"osm_id": 1030146335, "highway": "footway", "name": ""}, "geometry": {"type": "LineString", "coordinates": [[-42.8771313, -20.7834584], [-42.8771529, -20.7835371]]}}, {"type": "Feature", "properties": {"osm_id": 1030146336, "highway": "footway", "name": ""}, "geometry": {"type": "LineString", "coordinates": [[-42.8804389, -20.7834684], [-42.8803265, -20.7835068]]}}, {"type": "Feature", "properties": {"osm_id": 1030148439, "highway": "path", "name": ""}, "geometry": {"type": "LineString", "coordinates": [[-42.8784915, -20.7843978], [-42.8785621, -20.784322], [-42.8786943, -20.7842927], [-42.8788497, -20.7842722], [-42.8789729, -20.7842852], [-42.8790748, -20.7842648], [-42.8791407, -20.7842225], [-42.8791755, -20.7841792], [-42.8792082, -20.7840369], [-42.8791932, -20.7839148], [-42.8791777, -20.7836381], [-42.8791871, -20.7834706], [-42.8792198, -20.7833251], [-42.8792407, -20.7832862], [-42.8793027, -20.7831547], [-42.8793477, -20.783097], [-42.8793415, -20.783057], [-42.8792974, -20.7830558], [-42.8792368, -20.7831352], [-42.8792099, -20.7831325], [-42.8792034, -20.7831167], [-42.8792123, -20.7830004], [-42.8792345, -20.7829108], [-42.8792956, -20.78288], [-42.8793484, -20.7828562]]}}, {"type": "Feature", "properties": {"osm_id": 1030148440, "highway": "footway", "name": ""}, "geometry": {"type": "LineString", "coordinates": [[-42.8802514, -20.7824613], [-42.8803099, -20.7825581]]}}, {"type": "Feature", "properties": {"osm_id": 1030148441, "highway": "footway", "name": ""}, "geometry": {"type": "LineString", "coordinates": [[-42.8802514, -20.7824613], [-42.8802477, -20.7823967], [-42.8802398, -20.7821876], [-42.8802099, -20.7819476], [-42.8801532, -20.7817753], [-42.8800398, -20.7815412], [-42.8799642, -20.7813998], [-42.8798366, -20.7812466], [-42.8795689, -20.7809477], [-42.8794003, -20.7807666], [-42.8793218, -20.7806961], [-42.879261, -20.7806614], [-42.8792113, -20.7806576], [-42.8791294, -20.7806738], [-42.8790822, -20.7807077], [-42.8790538, -20.780768], [-42.8790664, -20.7808667], [-42.8791168, -20.780958], [-42.879194, -20.7810876], [-42.8793562, -20.781335], [-42.8795074, -20.7815898], [-42.8795815, -20.7816973], [-42.8796397, -20.7818313], [-42.8796964, -20.7819874], [-42.8797421, -20.782167], [-42.879772, -20.782301], [-42.8797563, -20.782519], [-42.8796823, -20.782653], [-42.8795956, -20.7827369], [-42.8795074, -20.7828061], [-42.8793484, -20.7828562]]}}, {"type": "Feature", "properties": {"osm_id": 1030148442, "highway": "footway", "name": ""}, "geometry": {"type": "LineString", "coordinates": [[-42.8793484, -20.7828562], [-42.8793385, -20.7828205]]}}, {"type": "Feature", "properties": {"osm_id": 1035825584, "highway": "path", "name": ""}, "geometry": {"type": "LineString", "coordinates": [[-42.8803265, -20.7835068], [-42.8802588, -20.7836011], [-42.8802414, -20.7837437]]}}, {"type": "Feature", "properties": {"osm_id": 1035825585, "highway": "path", "name": ""}, "geometry": {"type": "LineString", "coordinates": [[-42.8802414, -20.7837437], [-42.8802134, -20.7839216], [-42.8802539, -20.7842341], [-42.8803359, -20.7842913]]}}, {"type": "Feature", "properties": {"osm_id": 1035825586, "highway": "path", "name": ""}, "geometry": {"type": "LineString", "coordinates": [[-42.8777383, -20.7857229], [-42.8776906, -20.7856578], [-42.877595, -20.7854402], [-42.877503, -20.7851383], [-42.8773785, -20.7849021], [-42.8772426, -20.7847171], [-42.8771728, -20.7846178], [-42.8771385, -20.7843977], [-42.8771421, -20.7842678], [-42.8771439, -20.7840924], [-42.8771389, -20.7838362], [-42.8771251, -20.7836815], [-42.8771253, -20.783651], [-42.8771258, -20.7835863], [-42.8771529, -20.7835371]]}}, {"type": "Feature", "properties": {"osm_id": 1035825587, "highway": "path", "name": ""}, "geometry": {"type": "LineString", "coordinates": [[-42.8772077, -20.7837304], [-42.8771593, -20.7836891], [-42.8771508, -20.7836795], [-42.8771253, -20.783651]]}}, {"type": "Feature", "properties": {"osm_id": 1035825588, "highway": "path", "name": ""}, "geometry": {"type": "LineString", "coordinates": [[-42.8771728, -20.7846178], [-42.8772033, -20.7844966], [-42.8772118, -20.7841816], [-42.8772097, -20.7840502], [-42.8771861, -20.7839389], [-42.8771528, -20.7837693], [-42.8771508, -20.7836795]]}}, {"type": "Feature", "properties": {"osm_id": 1035825591, "highway": "steps", "name": ""}, "geometry": {"type": "LineString", "coordinates": [[-42.8789767, -20.7801203], [-42.8789625, -20.7801164], [-42.8789555, -20.7801285], [-42.8789237, -20.7801284]]}}, {"type": "Feature", "properties": {"osm_id": 1035825592, "highway": "path", "name": ""}, "geometry": {"type": "LineString", "coordinates": [[-42.8788344, -20.7799502], [-42.8787893, -20.780027], [-42.8787786, -20.7801293], [-42.8788011, -20.7802221], [-42.8787974, -20.7802597], [-42.8788065, -20.7803174], [-42.8788296, -20.780356], [-42.8787829, -20.7805014], [-42.8787743, -20.7805872], [-42.8787931, -20.7807246], [-42.8788194, -20.7808099], [-42.8789025, -20.7809333], [-42.8789706, -20.781001], [-42.8790715, -20.781174], [-42.8791241, -20.7812738], [-42.8791922, -20.7813581], [-42.8793, -20.7815196], [-42.8793457, -20.7815581], [-42.8793892, -20.7815948], [-42.8794306, -20.7816188]]}}, {"type": "Feature", "properties": {"osm_id": 1035825593, "highway": "path", "name": ""}, "geometry": {"type": "LineString", "coordinates": [[-42.8793457, -20.7815581], [-42.8792941, -20.7815737], [-42.8791922, -20.7815286], [-42.8791139, -20.7814388], [-42.8789894, -20.781349], [-42.8789486, -20.7814594], [-42.8788982, -20.7814549], [-42.8788076, -20.7814313], [-42.878674, -20.7812407], [-42.8786354, -20.7810857], [-42.8785983, -20.7809328], [-42.8786252, -20.7808189], [-42.8786681, -20.7806434], [-42.8787013, -20.7805561], [-42.8787201, -20.780376], [-42.8787351, -20.7802803], [-42.8787652, -20.7801654], [-42.8787786, -20.7801293]]}}, {"type": "Feature", "properties": {"osm_id": 1035825594, "highway": "steps", "name": ""}, "geometry": {"type": "LineString", "coordinates": [[-42.8788553, -20.7799437], [-42.8788344, -20.7799502]]}}, {"type": "Feature", "properties": {"osm_id": 1037128984, "highway": "footway", "name": ""}, "geometry": {"type": "LineString", "coordinates": [[-42.8782456, -20.7791911], [-42.8782197, -20.7791777], [-42.878095, -20.7791377]]}}, {"type": "Feature", "properties": {"osm_id": 1037128985, "highway": "footway", "name": ""}, "geometry": {"type": "LineString", "coordinates": [[-42.8768662, -20.781162], [-42.8768905, -20.7812074], [-42.8769188, -20.7812565]]}}, {"type": "Feature", "properties": {"osm_id": 1037128986, "highway": "footway", "name": ""}, "geometry": {"type": "LineString", "coordinates": [[-42.8773592, -20.7811257], [-42.8773577, -20.7811733], [-42.8773434, -20.7812089]]}}, {"type": "Feature", "properties": {"osm_id": 1037128987, "highway": "footway", "name": ""}, "geometry": {"type": "LineString", "coordinates": [[-42.8779337, -20.7813556], [-42.8778897, -20.7813849], [-42.8778552, -20.7814116]]}}, {"type": "Feature", "properties": {"osm_id": 1037128988, "highway": "footway", "name": ""}, "geometry": {"type": "LineString", "coordinates": [[-42.8790548, -20.7827784], [-42.879045, -20.7828131], [-42.879033, -20.7828408]]}}, {"type": "Feature", "properties": {"osm_id": 1040882850, "highway": "unclassified", "name": ""}, "geometry": {"type": "LineString", "coordinates": [[-42.8428144, -20.7219125], [-42.8422611, -20.7218148], [-42.8413271, -20.7220769], [-42.8410562, -20.7222254], [-42.8401689, -20.722339], [-42.8393657, -20.7225923], [-42.8388624, -20.7228912], [-42.8386136, -20.7230887]]}}, {"type": "Feature", "properties": {"osm_id": 1041554320, "highway": "residential", "name": "Rua Geraldo Rodrigues da Cunha"}, "geometry": {"type": "LineString", "coordinates": [[-42.8993346, -20.7700926], [-42.8995794, -20.7706198], [-42.8997288, -20.7709403], [-42.8998871, -20.7712738], [-42.9001824, -20.771861]]}}, {"type": "Feature", "properties": {"osm_id": 1054291307, "highway": "unclassified", "name": ""}, "geometry": {"type": "LineString", "coordinates": [[-42.839859, -20.7505243], [-42.8399007, -20.7507878], [-42.8398869, -20.7510214], [-42.8409901, -20.7523711], [-42.8414759, -20.7525852], [-42.8419269, -20.7529356], [-42.8423779, -20.7530848]]}}, {"type": "Feature", "properties": {"osm_id": 1054291308, "highway": "path", "name": ""}, "geometry": {"type": "LineString", "coordinates": [[-42.8418292, -20.7537386], [-42.8409647, -20.7530936], [-42.8395951, -20.7531909]]}}, {"type": "Feature", "properties": {"osm_id": 1054291309, "highway": "service", "name": ""}, "geometry": {"type": "LineString", "coordinates": [[-42.8742924, -20.7725393], [-42.8744742, -20.7726684], [-42.8747247, -20.7729284], [-42.8747923, -20.7731275], [-42.8747547, -20.7733078], [-42.8746545, -20.7734812]]}}, {"type": "Feature", "properties": {"osm_id": 1054291310, "highway": "service", "name": ""}, "geometry": {"type": "LineString", "coordinates": [[-42.8520017, -20.7837957], [-42.8515859, -20.7834491], [-42.8510148, -20.7828542], [-42.8507091, -20.782709], [-42.8501652, -20.7812833]]}}, {"type": "Feature", "properties": {"osm_id": 1054294458, "highway": "unclassified", "name": ""}, "geometry": {"type": "LineString", "coordinates": [[-42.890757, -20.7612475], [-42.8904031, -20.7611002]]}}, {"type": "Feature", "properties": {"osm_id": 1054294461, "highway": "track", "name": ""}, "geometry": {"type": "LineString", "coordinates": [[-42.8580352, -20.7947047], [-42.857982, -20.794487], [-42.8582016, -20.7936846], [-42.8579088, -20.7933922], [-42.8578888, -20.7929443], [-42.8579687, -20.7922849], [-42.8577092, -20.79096], [-42.8580751, -20.7900829], [-42.8578755, -20.7886273], [-42.856771, -20.7873893], [-42.8563052, -20.7865744], [-42.8560457, -20.784646], [-42.8560723, -20.7832899], [-42.8569839, -20.7818466], [-42.8563318, -20.7809197], [-42.8554735, -20.7806957], [-42.8549013, -20.7807393], [-42.8543623, -20.780534], [-42.8540629, -20.7801794], [-42.8528852, -20.7798061], [-42.8527654, -20.7795324], [-42.8528918, -20.7790098], [-42.8532644, -20.7784375], [-42.8535971, -20.7785184], [-42.8537901, -20.7784624], [-42.8543224, -20.7785682], [-42.8543789, -20.7783504]]}}, {"type": "Feature", "properties": {"osm_id": 1054294462, "highway": "track", "name": ""}, "geometry": {"type": "LineString", "coordinates": [[-42.8537543, -20.7769862], [-42.8537934, -20.7771373], [-42.8535173, -20.7776226], [-42.8535006, -20.7778465], [-42.8536337, -20.7779927], [-42.8539697, -20.7780456], [-42.8543789, -20.7783504]]}}, {"type": "Feature", "properties": {"osm_id": 1054294463, "highway": "secondary", "name": "Avenida Peter Henry Rolfs"}, "geometry": {"type": "LineString", "coordinates": [[-42.8547735, -20.7752771], [-42.8543135, -20.7760875], [-42.8537543, -20.7769862], [-42.8528834, -20.7783984], [-42.8528035, -20.7785287]]}}, {"type": "Feature", "properties": {"osm_id": 1054294464, "highway": "secondary", "name": ""}, "geometry": {"type": "LineString", "coordinates": [[-42.8527962, -20.7785151], [-42.8528035, -20.7785287], [-42.8528067, -20.7785435], [-42.8528056, -20.7785587], [-42.8528002, -20.778573], [-42.852791, -20.7785855], [-42.8527785, -20.7785952], [-42.8527638, -20.7786016], [-42.8527478, -20.778604], [-42.8527316, -20.7786025], [-42.8527228, -20.7785997], [-42.8527057, -20.7785898], [-42.8526998, -20.7785837], [-42.8526968, -20.7785806], [-42.8526902, -20.7785698], [-42.8526863, -20.7785579], [-42.8526852, -20.7785455], [-42.8526871, -20.7785332], [-42.8526927, -20.7785199], [-42.8527017, -20.7785083], [-42.8527136, -20.7784991], [-42.8527275, -20.7784931], [-42.8527426, -20.7784905], [-42.8527579, -20.7784915], [-42.8527724, -20.778496], [-42.8527853, -20.7785038], [-42.8527962, -20.7785151]]}}, {"type": "Feature", "properties": {"osm_id": 1054294466, "highway": "secondary", "name": ""}, "geometry": {"type": "LineString", "coordinates": [[-42.8547482, -20.7750853], [-42.8547724, -20.7750763], [-42.8547937, -20.7750731], [-42.8548156, -20.7750738], [-42.8548362, -20.7750783], [-42.8548559, -20.7750865], [-42.8548734, -20.7750982], [-42.8548883, -20.7751128], [-42.8548998, -20.7751298], [-42.8549092, -20.7751546], [-42.8549116, -20.7751808], [-42.8549069, -20.7752067], [-42.8548954, -20.7752307], [-42.8548778, -20.7752512], [-42.8548553, -20.7752669], [-42.8548293, -20.7752768], [-42.8548014, -20.7752802], [-42.8547735, -20.7752771], [-42.854748, -20.7752678], [-42.8547258, -20.7752529], [-42.8547081, -20.7752334], [-42.8546944, -20.7752056], [-42.8546899, -20.7751753], [-42.8546952, -20.775145], [-42.8547089, -20.7751188], [-42.8547268, -20.7750993], [-42.8547482, -20.7750853]]}}, {"type": "Feature", "properties": {"osm_id": 1054294475, "highway": "track", "name": ""}, "geometry": {"type": "LineString", "coordinates": [[-42.8463027, -20.7554579], [-42.8455731, -20.7554139], [-42.844852, -20.7551762], [-42.8445327, -20.7548445], [-42.8439534, -20.7546289], [-42.8436579, -20.754347], [-42.8431259, -20.7541701], [-42.8429662, -20.7539933], [-42.8429662, -20.7537611], [-42.8431436, -20.7535676], [-42.8438589, -20.7530646], [-42.8452421, -20.7529043], [-42.8455613, -20.7526666], [-42.8457978, -20.7523626], [-42.8458391, -20.7521691], [-42.8456618, -20.751948], [-42.8454017, -20.7519425], [-42.8450742, -20.7517275]]}}, {"type": "Feature", "properties": {"osm_id": 1060888121, "highway": "residential", "name": ""}, "geometry": {"type": "LineString", "coordinates": [[-42.8790336, -20.7801856], [-42.8790571, -20.7802974]]}}, {"type": "Feature", "properties": {"osm_id": 1060888122, "highway": "residential", "name": ""}, "geometry": {"type": "LineString", "coordinates": [[-42.8781096, -20.7793282], [-42.8781273, -20.7792997]]}}, {"type": "Feature", "properties": {"osm_id": 1060888123, "highway": "residential", "name": ""}, "geometry": {"type": "LineString", "coordinates": [[-42.8781963, -20.7793389], [-42.8781972, -20.7793697]]}}, {"type": "Feature", "properties": {"osm_id": 1066182045, "highway": "residential", "name": "Rua Leopoldina"}, "geometry": {"type": "LineString", "coordinates": [[-42.8647725, -20.7320239], [-42.8645513, -20.7318271]]}}, {"type": "Feature", "properties": {"osm_id": 1102479598, "highway": "residential", "name": "Travessa César Santana"}, "geometry": {"type": "LineString", "coordinates": [[-42.8785609, -20.7555711], [-42.8781517, -20.7555208], [-42.8778306, -20.7554855]]}}, {"type": "Feature", "properties": {"osm_id": 1102479599, "highway": "residential", "name": ""}, "geometry": {"type": "LineString", "coordinates": [[-42.8781517, -20.7555208], [-42.878053, -20.7554689], [-42.8780335, -20.7554502], [-42.87802, -20.7554266], [-42.878018, -20.7554063], [-42.8780297, -20.7553542]]}}, {"type": "Feature", "properties": {"osm_id": 1113696403, "highway": "secondary", "name": "Avenida Peter Henry Rolfs"}, "geometry": {"type": "LineString", "coordinates": [[-42.8409264, -20.7826964], [-42.8407796, -20.7827801]]}}, {"type": "Feature", "properties": {"osm_id": 1163505345, "highway": "service", "name": ""}, "geometry": {"type": "LineString", "coordinates": [[-42.8641939, -20.7446249], [-42.8641429, -20.7445735], [-42.8641268, -20.7445284]]}}, {"type": "Feature", "properties": {"osm_id": 1188549607, "highway": "tertiary", "name": "Rua Luciana Monteiro Fonseca"}, "geometry": {"type": "LineString", "coordinates": [[-42.9060765, -20.7724967], [-42.9061862, -20.7723108]]}}, {"type": "Feature", "properties": {"osm_id": 1226867699, "highway": "residential", "name": ""}, "geometry": {"type": "LineString", "coordinates": [[-42.8593633, -20.7708849], [-42.8590504, -20.7709809], [-42.8588356, -20.770946], [-42.8585017, -20.7708682]]}}, {"type": "Feature", "properties": {"osm_id": 1228106637, "highway": "tertiary", "name": "Rua Paulo Mário del Giúdice"}, "geometry": {"type": "LineString", "coordinates": [[-42.8707278, -20.75171], [-42.8708203, -20.7517012], [-42.8708627, -20.7517055], [-42.8709049, -20.7517272], [-42.8710207, -20.7518209]]}}, {"type": "Feature", "properties": {"osm_id": 1228760828, "highway": "residential", "name": ""}, "geometry": {"type": "LineString", "coordinates": [[-42.8759494, -20.7811926], [-42.875785, -20.7812066]]}}, {"type": "Feature", "properties": {"osm_id": 1235171268, "highway": "service", "name": ""}, "geometry": {"type": "LineString", "coordinates": [[-42.8716706, -20.7580346], [-42.8714574, -20.7580781]]}}, {"type": "Feature", "properties": {"osm_id": 1235171269, "highway": "tertiary", "name": ""}, "geometry": {"type": "LineString", "coordinates": [[-42.8714017, -20.7579332], [-42.8713955, -20.7579433], [-42.8713863, -20.7579511], [-42.871375, -20.757956], [-42.8713638, -20.7579575], [-42.8713526, -20.757956], [-42.8713422, -20.7579518], [-42.8713335, -20.757945], [-42.8713262, -20.7579344], [-42.871323, -20.7579221], [-42.8713243, -20.7579095], [-42.8713299, -20.757898], [-42.8713393, -20.7578889], [-42.8713513, -20.7578831], [-42.8713646, -20.7578813], [-42.8713779, -20.7578837], [-42.8713896, -20.75789], [-42.8713985, -20.7578995], [-42.8714033, -20.7579102], [-42.8714044, -20.7579218], [-42.8714017, -20.7579332]]}}, {"type": "Feature", "properties": {"osm_id": 1235171270, "highway": "tertiary", "name": "Avenida Purdue"}, "geometry": {"type": "LineString", "coordinates": [[-42.8699547, -20.7589921], [-42.8704094, -20.7586431], [-42.8705303, -20.7585488], [-42.8705798, -20.7585109], [-42.8713335, -20.757945]]}}, {"type": "Feature", "properties": {"osm_id": 1258476119, "highway": "tertiary", "name": ""}, "geometry": {"type": "LineString", "coordinates": [[-42.8603835, -20.7659982], [-42.860172, -20.7659318]]}}, {"type": "Feature", "properties": {"osm_id": 1258476120, "highway": "tertiary", "name": "Via da Saúde"}, "geometry": {"type": "LineString", "coordinates": [[-42.8598785, -20.7657453], [-42.8600636, -20.7657613]]}}, {"type": "Feature", "properties": {"osm_id": 1296403081, "highway": "residential", "name": ""}, "geometry": {"type": "LineString", "coordinates": [[-42.8895336, -20.7647992], [-42.8898728, -20.7647073], [-42.8903411, -20.7646537]]}}, {"type": "Feature", "properties": {"osm_id": 1309152486, "highway": "unclassified", "name": ""}, "geometry": {"type": "LineString", "coordinates": [[-42.8856482, -20.7686392], [-42.8854769, -20.7692174], [-42.8853601, -20.7696277], [-42.8854212, -20.7698]]}}, {"type": "Feature", "properties": {"osm_id": 1309154494, "highway": "unclassified", "name": ""}, "geometry": {"type": "LineString", "coordinates": [[-42.8854212, -20.7698], [-42.8853466, -20.7697855], [-42.8851997, -20.7697623], [-42.8851113, -20.7697375], [-42.8849927, -20.7696862], [-42.8848777, -20.7696514], [-42.8848034, -20.7696316], [-42.884768, -20.7696316], [-42.8847369, -20.7696399], [-42.8847006, -20.769651]]}}, {"type": "Feature", "properties": {"osm_id": 1309154495, "highway": "unclassified", "name": ""}, "geometry": {"type": "LineString", "coordinates": [[-42.8855801, -20.7699505], [-42.8855696, -20.7699112], [-42.8854953, -20.7698434], [-42.8854212, -20.7698]]}}, {"type": "Feature", "properties": {"osm_id": 1309154496, "highway": "residential", "name": "Rua Paraná"}, "geometry": {"type": "LineString", "coordinates": [[-42.8855801, -20.7699505], [-42.8856027, -20.7699558], [-42.8856962, -20.7699292], [-42.8857976, -20.7698679], [-42.8859505, -20.7697902], [-42.8861357, -20.7697342], [-42.8863675, -20.7697019], [-42.8865382, -20.769662], [-42.8868451, -20.7695384], [-42.8869509, -20.7693579], [-42.8869773, -20.7691602]]}}, {"type": "Feature", "properties": {"osm_id": 1309427842, "highway": "residential", "name": ""}, "geometry": {"type": "LineString", "coordinates": [[-42.8899256, -20.7803129], [-42.8900422, -20.7802836], [-42.8900529, -20.7799978], [-42.8900125, -20.7793211], [-42.8899671, -20.7785583], [-42.8898415, -20.7779859], [-42.8897042, -20.7773596], [-42.8897364, -20.7772794], [-42.891335, -20.7775753], [-42.8927297, -20.7777759], [-42.8940172, -20.7779013]]}}, {"type": "Feature", "properties": {"osm_id": 1309427843, "highway": "residential", "name": ""}, "geometry": {"type": "LineString", "coordinates": [[-42.8898415, -20.7779859], [-42.8906431, -20.7781059], [-42.8911526, -20.7781822], [-42.8926171, -20.7783627]]}}, {"type": "Feature", "properties": {"osm_id": 1309427844, "highway": "residential", "name": ""}, "geometry": {"type": "LineString", "coordinates": [[-42.8906431, -20.7781059], [-42.8909219, -20.7796166], [-42.8907073, -20.7795865], [-42.8901924, -20.7793859], [-42.8900125, -20.7793211]]}}, {"type": "Feature", "properties": {"osm_id": 1309427845, "highway": "residential", "name": ""}, "geometry": {"type": "LineString", "coordinates": [[-42.8909219, -20.7796166], [-42.8910614, -20.7796116], [-42.8916408, -20.7790549], [-42.8929282, -20.7787539], [-42.8931803, -20.7787188], [-42.8942801, -20.7788292]]}}, {"type": "Feature", "properties": {"osm_id": 1309459720, "highway": "residential", "name": ""}, "geometry": {"type": "LineString", "coordinates": [[-42.8885852, -20.7741826], [-42.8885838, -20.774776], [-42.8886122, -20.7748407], [-42.8895229, -20.7753994], [-42.8899143, -20.7751439]]}}, {"type": "Feature", "properties": {"osm_id": 1309474216, "highway": "residential", "name": ""}, "geometry": {"type": "LineString", "coordinates": [[-42.9026185, -20.759634], [-42.903401, -20.7593691], [-42.9044457, -20.7590153], [-42.9047854, -20.7589003], [-42.9060376, -20.7584859], [-42.9075215, -20.7584631], [-42.9075946, -20.7584859], [-42.9077231, -20.7581549]]}}, {"type": "Feature", "properties": {"osm_id": 1309474217, "highway": "residential", "name": ""}, "geometry": {"type": "LineString", "coordinates": [[-42.9075946, -20.7584859], [-42.9074663, -20.7590089], [-42.9073218, -20.7595979], [-42.9071933, -20.7601217], [-42.9070621, -20.7606566], [-42.9070092, -20.7606946], [-42.9055159, -20.760439], [-42.9049751, -20.7603464], [-42.9035007, -20.760094], [-42.9034916, -20.759832], [-42.9034885, -20.7597442], [-42.903401, -20.7593691]]}}, {"type": "Feature", "properties": {"osm_id": 1309474218, "highway": "residential", "name": ""}, "geometry": {"type": "LineString", "coordinates": [[-42.9060376, -20.7584859], [-42.9058993, -20.7589992], [-42.9057774, -20.7594515], [-42.9057368, -20.7596046], [-42.9056013, -20.7601165], [-42.9055159, -20.760439]]}}, {"type": "Feature", "properties": {"osm_id": 1309474219, "highway": "residential", "name": ""}, "geometry": {"type": "LineString", "coordinates": [[-42.9044457, -20.7590153], [-42.904616, -20.7594435], [-42.9048017, -20.7599105], [-42.9049751, -20.7603464]]}}, {"type": "Feature", "properties": {"osm_id": 1309474220, "highway": "residential", "name": ""}, "geometry": {"type": "LineString", "coordinates": [[-42.9073218, -20.7595979], [-42.9057368, -20.7596046], [-42.9048017, -20.7599105]]}}, {"type": "Feature", "properties": {"osm_id": 1309474221, "highway": "residential", "name": ""}, "geometry": {"type": "LineString", "coordinates": [[-42.9034916, -20.759832], [-42.904616, -20.7594435], [-42.9058993, -20.7589992], [-42.9074663, -20.7590089]]}}, {"type": "Feature", "properties": {"osm_id": 1309474222, "highway": "residential", "name": ""}, "geometry": {"type": "LineString", "coordinates": [[-42.9071933, -20.7601217], [-42.9056013, -20.7601165]]}}, {"type": "Feature", "properties": {"osm_id": 1309474223, "highway": "residential", "name": ""}, "geometry": {"type": "LineString", "coordinates": [[-42.9014414, -20.7592332], [-42.9015308, -20.7589575], [-42.8999452, -20.7582659], [-42.8997365, -20.7586772]]}}, {"type": "Feature", "properties": {"osm_id": 1320774614, "highway": "residential", "name": "Rua Chico Xavier"}, "geometry": {"type": "LineString", "coordinates": [[-42.891942, -20.7466563], [-42.8920211, -20.7476123], [-42.8920037, -20.7477691], [-42.8919487, -20.747892], [-42.8918508, -20.7480212], [-42.891663, -20.7481591], [-42.8914525, -20.7483209], [-42.8913009, -20.7484476], [-42.8911199, -20.7486232], [-42.8908543, -20.7489267], [-42.8907631, -20.7490583], [-42.8907149, -20.749185], [-42.8906813, -20.7493192], [-42.8906719, -20.7494308], [-42.8906786, -20.7495337], [-42.8907014, -20.7496277]]}}, {"type": "Feature", "properties": {"osm_id": 1329425363, "highway": "residential", "name": ""}, "geometry": {"type": "LineString", "coordinates": [[-42.8409879, -20.7665066], [-42.8410609, -20.7670952]]}}, {"type": "Feature", "properties": {"osm_id": 1329425364, "highway": "residential", "name": ""}, "geometry": {"type": "LineString", "coordinates": [[-42.8417814, -20.7671004], [-42.8410609, -20.7670952], [-42.8405205, -20.7670913], [-42.8403745, -20.7671186], [-42.8403161, -20.767196], [-42.8403161, -20.7673052], [-42.8403745, -20.7673689], [-42.8405011, -20.7674463], [-42.8410025, -20.767592], [-42.8414893, -20.767724], [-42.8417522, -20.7677877], [-42.8417425, -20.7678651], [-42.8417084, -20.7679288], [-42.8415916, -20.7679698], [-42.8410901, -20.767988], [-42.8407055, -20.767988]]}}, {"type": "Feature", "properties": {"osm_id": 1329484841, "highway": "tertiary", "name": ""}, "geometry": {"type": "LineString", "coordinates": [[-42.837373, -20.7669347], [-42.8378032, -20.7664464], [-42.8384792, -20.7664163], [-42.8391658, -20.7664765], [-42.8400885, -20.7665468], [-42.8409039, -20.7665066], [-42.8409879, -20.7665066], [-42.8415798, -20.7665066], [-42.8426849, -20.7665468], [-42.8433179, -20.7668678], [-42.8439885, -20.7672835], [-42.8444744, -20.7674712], [-42.8450881, -20.7675901], [-42.8451499, -20.7676447]]}}, {"type": "Feature", "properties": {"osm_id": 1329484842, "highway": "tertiary", "name": ""}, "geometry": {"type": "LineString", "coordinates": [[-42.8451499, -20.7676447], [-42.8453836, -20.7678512]]}}, {"type": "Feature", "properties": {"osm_id": 1335148285, "highway": "secondary", "name": ""}, "geometry": {"type": "LineString", "coordinates": [[-42.8605702, -20.7478222], [-42.8605814, -20.7478489], [-42.8605824, -20.7478756], [-42.860556, -20.747902], [-42.8605426, -20.7479264]]}}, {"type": "Feature", "properties": {"osm_id": 1335148286, "highway": "trunk", "name": ""}, "geometry": {"type": "LineString", "coordinates": [[-42.8605426, -20.7479264], [-42.8604555, -20.7478925]]}}, {"type": "Feature", "properties": {"osm_id": 1335148287, "highway": "secondary", "name": ""}, "geometry": {"type": "LineString", "coordinates": [[-42.8604555, -20.7478925], [-42.8604459, -20.7478625], [-42.8604492, -20.7478311], [-42.8604655, -20.7478071], [-42.8604955, -20.7477927]]}}, {"type": "Feature", "properties": {"osm_id": 1335148288, "highway": "trunk", "name": ""}, "geometry": {"type": "LineString", "coordinates": [[-42.8604955, -20.7477927], [-42.8605702, -20.7478222]]}}, {"type": "Feature", "properties": {"osm_id": 1353600585, "highway": "residential", "name": "Rua José Inácio Vargas"}, "geometry": {"type": "LineString", "coordinates": [[-42.8649637, -20.7253988], [-42.8652176, -20.7254081]]}}, {"type": "Feature", "properties": {"osm_id": 1353600586, "highway": "residential", "name": "Rua Joaquim Ferreira Leandro"}, "geometry": {"type": "LineString", "coordinates": [[-42.8651708, -20.7257676], [-42.8650074, -20.7255091], [-42.8649637, -20.7253988]]}}, {"type": "Feature", "properties": {"osm_id": 1359309520, "highway": "tertiary", "name": "Rua da Conceição"}, "geometry": {"type": "LineString", "coordinates": [[-42.8825707, -20.7646762], [-42.882821, -20.7648817], [-42.8833539, -20.7652274], [-42.8836991, -20.7654176], [-42.8837108, -20.7654242], [-42.8837744, -20.7654472]]}}, {"type": "Feature", "properties": {"osm_id": 1361202732, "highway": "service", "name": ""}, "geometry": {"type": "LineString", "coordinates": [[-42.8754688, -20.7834049], [-42.8754826, -20.7839415], [-42.8754812, -20.7839666], [-42.8754585, -20.7839898]]}}, {"type": "Feature", "properties": {"osm_id": 1361205085, "highway": "service", "name": ""}, "geometry": {"type": "LineString", "coordinates": [[-42.8640627, -20.7445052], [-42.8636829, -20.7455041], [-42.8636675, -20.7455336], [-42.863644, -20.7455424], [-42.8635333, -20.7454991], [-42.8635159, -20.7454765], [-42.8635159, -20.7454477], [-42.8635521, -20.74538]]}}, {"type": "Feature", "properties": {"osm_id": 1369861093, "highway": "residential", "name": ""}, "geometry": {"type": "LineString", "coordinates": [[-42.8814324, -20.7628228], [-42.8810931, -20.7630322]]}}, {"type": "Feature", "properties": {"osm_id": 1378425092, "highway": "service", "name": ""}, "geometry": {"type": "LineString", "coordinates": [[-42.8799508, -20.7211238], [-42.8793052, -20.7209326], [-42.8792427, -20.7209262], [-42.8776307, -20.7208994]]}}, {"type": "Feature", "properties": {"osm_id": 1388145928, "highway": "footway", "name": ""}, "geometry": {"type": "LineString", "coordinates": [[-42.868347, -20.7612642], [-42.8678361, -20.7606016]]}}, {"type": "Feature", "properties": {"osm_id": 1388145929, "highway": "footway", "name": ""}, "geometry": {"type": "LineString", "coordinates": [[-42.8685663, -20.7614268], [-42.8684823, -20.7613342], [-42.8683895, -20.7612334]]}}, {"type": "Feature", "properties": {"osm_id": 1388145930, "highway": "footway", "name": ""}, "geometry": {"type": "LineString", "coordinates": [[-42.8679216, -20.7620739], [-42.8678805, -20.7620273]]}}, {"type": "Feature", "properties": {"osm_id": 1420841094, "highway": "residential", "name": "Rua Francisco Rodrigues do Amaral"}, "geometry": {"type": "LineString", "coordinates": [[-42.8720231, -20.7380086], [-42.8719024, -20.738421]]}}, {"type": "Feature", "properties": {"osm_id": 1420841095, "highway": "residential", "name": ""}, "geometry": {"type": "LineString", "coordinates": [[-42.8771785, -20.736234], [-42.8772238, -20.7363124], [-42.8772413, -20.7363717], [-42.8772562, -20.7364655], [-42.8772739, -20.736577], [-42.8772218, -20.7368219]]}}, {"type": "Feature", "properties": {"osm_id": 1420841096, "highway": "residential", "name": "Rua Raimundo Luiz dos Santos"}, "geometry": {"type": "LineString", "coordinates": [[-42.8772562, -20.7364655], [-42.8772777, -20.7364633], [-42.8777942, -20.7364082]]}}, {"type": "Feature", "properties": {"osm_id": 1420841097, "highway": "residential", "name": ""}, "geometry": {"type": "LineString", "coordinates": [[-42.8770265, -20.736316], [-42.8770821, -20.7365313], [-42.8770955, -20.7365717]]}}, {"type": "Feature", "properties": {"osm_id": 1420841098, "highway": "residential", "name": ""}, "geometry": {"type": "LineString", "coordinates": [[-42.8762831, -20.7353652], [-42.8761165, -20.7354838]]}}, {"type": "Feature", "properties": {"osm_id": 1420841099, "highway": "residential", "name": "Travessa Dona Nair"}, "geometry": {"type": "LineString", "coordinates": [[-42.8776533, -20.7354688], [-42.8776756, -20.734935]]}}, {"type": "Feature", "properties": {"osm_id": 1420841100, "highway": "residential", "name": "Rua Sebastião Lopes Soares"}, "geometry": {"type": "LineString", "coordinates": [[-42.8754485, -20.7334301], [-42.8753672, -20.7335984], [-42.8753096, -20.7336905], [-42.8752464, -20.7337667], [-42.8750097, -20.7339002], [-42.8747988, -20.7340125], [-42.8746869, -20.7340364], [-42.8741545, -20.734011]]}}, {"type": "Feature", "properties": {"osm_id": 1420841101, "highway": "residential", "name": "Travessa Santa Edwiges"}, "geometry": {"type": "LineString", "coordinates": [[-42.8751216, -20.73443], [-42.8746318, -20.7347869]]}}, {"type": "Feature", "properties": {"osm_id": 1420868582, "highway": "cycleway", "name": ""}, "geometry": {"type": "LineString", "coordinates": [[-42.8689115, -20.7646635], [-42.8690415, -20.7649229], [-42.8691105, -20.7650487], [-42.8691749, -20.7651758], [-42.8693211, -20.7654601], [-42.8699424, -20.7666855], [-42.8704692, -20.7676777], [-42.8707959, -20.7682881], [-42.8710931, -20.7688377], [-42.8713089, -20.7690993], [-42.8714443, -20.7692576], [-42.8716335, -20.7694673], [-42.8719183, -20.7697929], [-42.8721451, -20.7700328], [-42.8725167, -20.7704599], [-42.8725241, -20.7704686], [-42.8728355, -20.7708379], [-42.873116, -20.771171], [-42.8732127, -20.7712359], [-42.8732583, -20.7712292]]}}, {"type": "Feature", "properties": {"osm_id": 1420868583, "highway": "footway", "name": ""}, "geometry": {"type": "LineString", "coordinates": [[-42.8696176, -20.7625616], [-42.8689966, -20.761857], [-42.8686948, -20.7615146]]}}, {"type": "Feature", "properties": {"osm_id": 1420868584, "highway": "service", "name": ""}, "geometry": {"type": "LineString", "coordinates": [[-42.8670182, -20.7631747], [-42.8673834, -20.7629127], [-42.8674072, -20.7628956], [-42.867432, -20.7628778]]}}, {"type": "Feature", "properties": {"osm_id": 1420868586, "highway": "footway", "name": ""}, "geometry": {"type": "LineString", "coordinates": [[-42.8736329, -20.7573887], [-42.872278, -20.7584975], [-42.8722469, -20.7584981], [-42.8722249, -20.7585032], [-42.8722057, -20.7585157], [-42.8721859, -20.7585335], [-42.8721571, -20.7585866], [-42.8716324, -20.7590042], [-42.8708714, -20.7596098], [-42.8706131, -20.7598154], [-42.8705463, -20.7598685], [-42.870454, -20.7599425], [-42.8703952, -20.7599441], [-42.8703534, -20.7599547], [-42.8703184, -20.7599801], [-42.8702865, -20.7600172], [-42.8702793, -20.760039], [-42.8702845, -20.7600609], [-42.8692349, -20.7608499], [-42.8691744, -20.7608485], [-42.8691375, -20.7608166]]}}, {"type": "Feature", "properties": {"osm_id": 1420868587, "highway": "footway", "name": ""}, "geometry": {"type": "LineString", "coordinates": [[-42.8751798, -20.757326], [-42.8750865, -20.7573819], [-42.8750298, -20.7574017], [-42.8750169, -20.7574036], [-42.874964, -20.7574116], [-42.8748543, -20.7574074], [-42.8746817, -20.7573642], [-42.8745425, -20.7573062], [-42.8744634, -20.7572712], [-42.8744177, -20.757251], [-42.8743466, -20.7572284], [-42.8742618, -20.7572142], [-42.8741793, -20.7572015], [-42.8741271, -20.757205], [-42.8740507, -20.7572149], [-42.8739993, -20.7572234], [-42.8739493, -20.7572333], [-42.8738941, -20.7572432], [-42.8738487, -20.7572616], [-42.8738033, -20.757285], [-42.8737579, -20.7573125], [-42.873714, -20.7573423], [-42.8736329, -20.7573887]]}}, {"type": "Feature", "properties": {"osm_id": 1420868589, "highway": "cycleway", "name": ""}, "geometry": {"type": "LineString", "coordinates": [[-42.861033, -20.7670566], [-42.8607648, -20.7671981], [-42.8605255, -20.7673045], [-42.8602758, -20.767449], [-42.8600148, -20.7676149], [-42.8598098, -20.76778], [-42.8595882, -20.767969], [-42.8593495, -20.7682008], [-42.8591906, -20.7683833], [-42.8591944, -20.7684109], [-42.859194, -20.7684311], [-42.859186, -20.7684447], [-42.8591706, -20.7684662], [-42.8591427, -20.7684802], [-42.8591083, -20.7684902], [-42.8585562, -20.7693092], [-42.8583386, -20.769641], [-42.8579705, -20.7701652], [-42.8577754, -20.7704575], [-42.8571429, -20.7714053], [-42.8570806, -20.7715162], [-42.8570938, -20.7716209], [-42.8570615, -20.7716905], [-42.8570049, -20.7717466], [-42.8569199, -20.7717922], [-42.8568764, -20.7718377], [-42.8567528, -20.77203], [-42.8565553, -20.7723476], [-42.8564025, -20.7725975], [-42.8562942, -20.7727567], [-42.8560709, -20.7731172], [-42.8558853, -20.7735048], [-42.8549682, -20.775049], [-42.8549556, -20.775122], [-42.8549602, -20.7751574], [-42.8549608, -20.7751958], [-42.854946, -20.7752261], [-42.854929, -20.7752523], [-42.854905, -20.7752755], [-42.8548563, -20.7752977], [-42.8548031, -20.7753101], [-42.8547449, -20.7754132], [-42.8543481, -20.7761064], [-42.8543135, -20.7760875]]}}, {"type": "Feature", "properties": {"osm_id": 1420868590, "highway": "secondary", "name": ""}, "geometry": {"type": "LineString", "coordinates": [[-42.856914, -20.7714998], [-42.8569471, -20.7715093], [-42.8569758, -20.7715276], [-42.8569973, -20.771553], [-42.8570093, -20.7715808], [-42.8570126, -20.7716106], [-42.857007, -20.7716401], [-42.856993, -20.7716671], [-42.8569716, -20.7716894], [-42.8569444, -20.7717054], [-42.8569136, -20.7717138], [-42.8568872, -20.7717145], [-42.8568613, -20.7717096], [-42.8568373, -20.7716994], [-42.8568164, -20.7716843], [-42.8567997, -20.7716652], [-42.856788, -20.771643], [-42.8567817, -20.7716156], [-42.8567841, -20.7715833], [-42.8567965, -20.7715532], [-42.856818, -20.7715279], [-42.8568464, -20.7715095], [-42.8568794, -20.7714999], [-42.856914, -20.7714998]]}}, {"type": "Feature", "properties": {"osm_id": 1420868593, "highway": "unclassified", "name": ""}, "geometry": {"type": "LineString", "coordinates": [[-42.8619996, -20.7681211], [-42.8620135, -20.7679192], [-42.8620142, -20.7678795], [-42.862011, -20.7678433]]}}, {"type": "Feature", "properties": {"osm_id": 1420868595, "highway": "tertiary", "name": "Via da Saúde"}, "geometry": {"type": "LineString", "coordinates": [[-42.8600121, -20.7658536], [-42.8599476, -20.7657974], [-42.8598785, -20.7657453]]}}, {"type": "Feature", "properties": {"osm_id": 1420868596, "highway": "secondary", "name": "Avenida Peter Henry Rolfs"}, "geometry": {"type": "LineString", "coordinates": [[-42.8508895, -20.7807894], [-42.8509374, -20.7807528], [-42.8510997, -20.7806299], [-42.8515262, -20.7802801], [-42.8517702, -20.7800494], [-42.8519338, -20.7798613], [-42.8520397, -20.7797121], [-42.8520705, -20.7796687], [-42.8521136, -20.779608], [-42.8526998, -20.7785837]]}}, {"type": "Feature", "properties": {"osm_id": 1420868597, "highway": "secondary", "name": "Avenida Peter Henry Rolfs"}, "geometry": {"type": "LineString", "coordinates": [[-42.8409121, -20.7826536], [-42.8407864, -20.7827176]]}}, {"type": "Feature", "properties": {"osm_id": 1420868598, "highway": "secondary", "name": "Avenida Peter Henry Rolfs"}, "geometry": {"type": "LineString", "coordinates": [[-42.8409121, -20.7826536], [-42.8412789, -20.7824897], [-42.8414519, -20.7824124], [-42.8416187, -20.7823509], [-42.8418192, -20.7823094], [-42.8421839, -20.7822686], [-42.8424831, -20.7822373], [-42.8425757, -20.7822264], [-42.8429107, -20.7822053], [-42.8430254, -20.7821897], [-42.8431285, -20.7821734], [-42.8433609, -20.7821452], [-42.8436868, -20.7821127], [-42.8440635, -20.7820576], [-42.8441936, -20.7820439], [-42.8442876, -20.78204]]}}, {"type": "Feature", "properties": {"osm_id": 1420868599, "highway": "secondary", "name": "Avenida Peter Henry Rolfs"}, "geometry": {"type": "LineString", "coordinates": [[-42.8527579, -20.7784915], [-42.8528674, -20.7783373], [-42.8536944, -20.7769113], [-42.8542293, -20.7760453], [-42.8547081, -20.7752334]]}}, {"type": "Feature", "properties": {"osm_id": 1420868600, "highway": "secondary", "name": "Avenida Peter Henry Rolfs"}, "geometry": {"type": "LineString", "coordinates": [[-42.8527478, -20.778604], [-42.852138, -20.7796586], [-42.852113, -20.779696]]}}, {"type": "Feature", "properties": {"osm_id": 1420868601, "highway": "secondary", "name": ""}, "geometry": {"type": "LineString", "coordinates": [[-42.852113, -20.779696], [-42.8520705, -20.7796687]]}}, {"type": "Feature", "properties": {"osm_id": 1420868602, "highway": "service", "name": ""}, "geometry": {"type": "LineString", "coordinates": [[-42.8636459, -20.761425], [-42.8636748, -20.7615259], [-42.8636798, -20.7615735], [-42.8634082, -20.7615941], [-42.8633373, -20.7615903], [-42.8632682, -20.7615079]]}}, {"type": "Feature", "properties": {"osm_id": 1420890634, "highway": "tertiary", "name": "Rua Dona Carlota"}, "geometry": {"type": "LineString", "coordinates": [[-42.8711693, -20.7486956], [-42.8711355, -20.7488139], [-42.8711173, -20.7488773], [-42.8710531, -20.7491014]]}}, {"type": "Feature", "properties": {"osm_id": 1420896497, "highway": "path", "name": ""}, "geometry": {"type": "LineString", "coordinates": [[-42.86806, -20.7232357], [-42.8676985, -20.7230669]]}}, {"type": "Feature", "properties": {"osm_id": 1420896498, "highway": "primary", "name": ""}, "geometry": {"type": "LineString", "coordinates": [[-42.8654742, -20.7248507], [-42.8654565, -20.7248744], [-42.8654327, -20.724893], [-42.8654044, -20.724905], [-42.8653738, -20.7249096], [-42.865343, -20.7249064], [-42.8653142, -20.7248957], [-42.8652894, -20.7248783], [-42.8652705, -20.7248554], [-42.8652587, -20.7248286], [-42.8652549, -20.7247998], [-42.8652592, -20.7247716], [-42.8652713, -20.7247454]]}}, {"type": "Feature", "properties": {"osm_id": 1420896499, "highway": "primary", "name": "Avenida Maria de Paula Santana"}, "geometry": {"type": "LineString", "coordinates": [[-42.8648239, -20.7316091], [-42.8648135, -20.7314076], [-42.8648262, -20.730875], [-42.8648584, -20.7302504], [-42.8649066, -20.7298202], [-42.8649402, -20.7289359], [-42.8649429, -20.7287553], [-42.8649549, -20.7284216], [-42.8649764, -20.7280529], [-42.8650475, -20.7272589], [-42.8651252, -20.7265966], [-42.8651319, -20.7264938], [-42.8651708, -20.7257676], [-42.8652176, -20.7254081], [-42.8652374, -20.7252332]]}}, {"type": "Feature", "properties": {"osm_id": 1420896500, "highway": "primary", "name": "Avenida Maria de Paula Santana"}, "geometry": {"type": "LineString", "coordinates": [[-42.8652939, -20.7252473], [-42.8652575, -20.7254267], [-42.8652092, -20.7257802], [-42.8651792, -20.7265124], [-42.8651671, -20.7266085], [-42.8651038, -20.7272775], [-42.8650327, -20.7280715], [-42.8650112, -20.7284402], [-42.8650101, -20.7284701], [-42.8649992, -20.7287739], [-42.8649965, -20.7289928], [-42.8649629, -20.7298388], [-42.8649147, -20.730269], [-42.8648825, -20.7308936], [-42.8648627, -20.7314083], [-42.8648239, -20.7316091]]}}, {"type": "Feature", "properties": {"osm_id": 1420896501, "highway": "trunk", "name": ""}, "geometry": {"type": "LineString", "coordinates": [[-42.8790071, -20.7365], [-42.879029, -20.7364613], [-42.8790612, -20.7364485], [-42.8791228, -20.7364595]]}}, {"type": "Feature", "properties": {"osm_id": 1420896502, "highway": "tertiary", "name": ""}, "geometry": {"type": "LineString", "coordinates": [[-42.8790083, -20.7362919], [-42.879065, -20.7363835], [-42.8791228, -20.7364595]]}}, {"type": "Feature", "properties": {"osm_id": 1420896511, "highway": "trunk", "name": ""}, "geometry": {"type": "LineString", "coordinates": [[-42.8790892, -20.7365564], [-42.8790616, -20.7365668], [-42.879043, -20.7365889], [-42.8790287, -20.7366096], [-42.8790216, -20.736629], [-42.8790068, -20.7366607]]}}, {"type": "Feature", "properties": {"osm_id": 1421006868, "highway": "residential", "name": ""}, "geometry": {"type": "LineString", "coordinates": [[-42.880314, -20.745973], [-42.8803404, -20.7460182], [-42.8803511, -20.7460331], [-42.8803688, -20.7460422], [-42.8803986, -20.7460482], [-42.8804358, -20.7460405], [-42.8804971, -20.7459925]]}}, {"type": "Feature", "properties": {"osm_id": 1421006869, "highway": "tertiary", "name": ""}, "geometry": {"type": "LineString", "coordinates": [[-42.8803794, -20.7460513], [-42.8803986, -20.7460482], [-42.8804152, -20.7460506], [-42.8804304, -20.7460573], [-42.8804429, -20.7460679], [-42.8804516, -20.7460813], [-42.8804557, -20.7460966], [-42.8804549, -20.7461123], [-42.8804487, -20.746128], [-42.8804377, -20.7461411], [-42.880423, -20.7461505], [-42.8804058, -20.7461552], [-42.880388, -20.7461547], [-42.8803712, -20.7461491], [-42.880357, -20.7461389], [-42.8803468, -20.7461252], [-42.8803417, -20.7461092], [-42.8803424, -20.746091], [-42.8803495, -20.746074], [-42.8803624, -20.7460603], [-42.8803794, -20.7460513]]}}, {"type": "Feature", "properties": {"osm_id": 1421059371, "highway": "path", "name": ""}, "geometry": {"type": "LineString", "coordinates": [[-42.8685076, -20.7233688], [-42.8681613, -20.7232668]]}}, {"type": "Feature", "properties": {"osm_id": 1421059372, "highway": "path", "name": ""}, "geometry": {"type": "LineString", "coordinates": [[-42.8681613, -20.7232668], [-42.86806, -20.7232357]]}}, {"type": "Feature", "properties": {"osm_id": 1421059391, "highway": "primary", "name": "Avenida Coronel Aristides Bittencourt"}, "geometry": {"type": "LineString", "coordinates": [[-42.8654742, -20.7248507], [-42.8654051, -20.724963]]}}, {"type": "Feature", "properties": {"osm_id": 1421059392, "highway": "primary", "name": ""}, "geometry": {"type": "LineString", "coordinates": [[-42.8652713, -20.7247454], [-42.8652902, -20.7247231], [-42.8653146, -20.7247061], [-42.865343, -20.7246957], [-42.8653733, -20.7246925], [-42.8654034, -20.7246968], [-42.8654301, -20.7247076], [-42.8654531, -20.7247244], [-42.865471, -20.7247459], [-42.8654825, -20.724771], [-42.865487, -20.7247979], [-42.8654842, -20.724825], [-42.8654742, -20.7248507]]}}, {"type": "Feature", "properties": {"osm_id": 1421059393, "highway": "residential", "name": "Rua Geraldo Frontino"}, "geometry": {"type": "LineString", "coordinates": [[-42.8780266, -20.7316979], [-42.8780577, -20.7313615], [-42.8780213, -20.7312174], [-42.8779677, -20.7310995], [-42.8778751, -20.7309565], [-42.8777303, -20.7308411], [-42.877505, -20.7307583], [-42.8772263, -20.7306992], [-42.8770546, -20.7307444], [-42.8769044, -20.7308296], [-42.8768696, -20.7308786], [-42.8768481, -20.7309388]]}}, {"type": "Feature", "properties": {"osm_id": 1421059394, "highway": "trunk", "name": "Rua Francisco de Souza Fortes"}, "geometry": {"type": "LineString", "coordinates": [[-42.8814592, -20.7363035], [-42.8814255, -20.7363853]]}}, {"type": "Feature", "properties": {"osm_id": 1421059395, "highway": "trunk", "name": ""}, "geometry": {"type": "LineString", "coordinates": [[-42.8814125, -20.7361364], [-42.8814067, -20.7362969]]}}, {"type": "Feature", "properties": {"osm_id": 1421059396, "highway": "secondary", "name": ""}, "geometry": {"type": "LineString", "coordinates": [[-42.8703559, -20.7600396], [-42.8703627, -20.7600204], [-42.8703758, -20.7600042], [-42.8703938, -20.7599929], [-42.8704147, -20.7599876], [-42.8704364, -20.759989], [-42.8704564, -20.7599968], [-42.8704726, -20.7600103], [-42.8704833, -20.7600279], [-42.8704873, -20.760048], [-42.8704841, -20.7600683], [-42.8704806, -20.7600746], [-42.870474, -20.7600864], [-42.8704581, -20.7601005], [-42.8704382, -20.760109], [-42.8704164, -20.7601109], [-42.8703951, -20.760106], [-42.8703767, -20.7600949], [-42.8703633, -20.760079], [-42.8703561, -20.7600599], [-42.8703559, -20.7600396]]}}, {"type": "Feature", "properties": {"osm_id": 1421059397, "highway": "secondary", "name": "Avenida Peter Henry Rolfs"}, "geometry": {"type": "LineString", "coordinates": [[-42.8692465, -20.7608979], [-42.8692903, -20.7608787], [-42.8694511, -20.760762], [-42.8703153, -20.7600915], [-42.8703461, -20.7600676], [-42.8703561, -20.7600599]]}}, {"type": "Feature", "properties": {"osm_id": 1421059398, "highway": "secondary", "name": "Avenida Peter Henry Rolfs"}, "geometry": {"type": "LineString", "coordinates": [[-42.8703951, -20.760106], [-42.8703853, -20.7601135], [-42.8703566, -20.7601357], [-42.8697296, -20.7606209], [-42.8693397, -20.7609404], [-42.8693088, -20.7609677]]}}, {"type": "Feature", "properties": {"osm_id": 1421059399, "highway": "footway", "name": ""}, "geometry": {"type": "LineString", "coordinates": [[-42.8692331, -20.761134], [-42.8692129, -20.7614943]]}}, {"type": "Feature", "properties": {"osm_id": 1421059400, "highway": "tertiary", "name": ""}, "geometry": {"type": "LineString", "coordinates": [[-42.8685854, -20.7600864], [-42.8685817, -20.7601071], [-42.8685716, -20.7601259], [-42.8685562, -20.7601412], [-42.8685345, -20.7601524], [-42.8685101, -20.7601566], [-42.8684856, -20.7601532], [-42.8684635, -20.7601427], [-42.8684461, -20.7601261], [-42.8684354, -20.7601055], [-42.8684322, -20.7600828], [-42.8684369, -20.7600603], [-42.8684488, -20.7600403], [-42.868467, -20.7600249], [-42.8684894, -20.7600156], [-42.8685138, -20.7600134], [-42.8685377, -20.7600185], [-42.8685586, -20.7600305], [-42.8685734, -20.7600463], [-42.8685826, -20.7600655], [-42.8685854, -20.7600864]]}}, {"type": "Feature", "properties": {"osm_id": 1421059401, "highway": "tertiary", "name": ""}, "geometry": {"type": "LineString", "coordinates": [[-42.8699589, -20.7589979], [-42.8699653, -20.7590184], [-42.8699646, -20.7590397], [-42.8699569, -20.7590598], [-42.869943, -20.7590767], [-42.8699242, -20.7590888], [-42.8699023, -20.7590948], [-42.8698771, -20.7590938], [-42.8698537, -20.7590849], [-42.8698434, -20.7590762], [-42.869835, -20.7590691], [-42.8698231, -20.7590482], [-42.8698195, -20.7590249], [-42.8698246, -20.7590018], [-42.8698378, -20.7589816], [-42.869844, -20.7589771], [-42.8698576, -20.7589669], [-42.8698815, -20.7589593], [-42.8699067, -20.7589598], [-42.8699282, -20.7589671], [-42.8699461, -20.7589802], [-42.8699547, -20.7589921], [-42.8699589, -20.7589979]]}}, {"type": "Feature", "properties": {"osm_id": 1421059402, "highway": "tertiary", "name": ""}, "geometry": {"type": "LineString", "coordinates": [[-42.8753063, -20.7520069], [-42.8753186, -20.751999], [-42.8753329, -20.7519952], [-42.8753478, -20.7519959], [-42.8753616, -20.7520009], [-42.8753731, -20.7520098], [-42.8753809, -20.7520217], [-42.8753843, -20.752035], [-42.875383, -20.7520487], [-42.8753772, -20.7520613], [-42.8753675, -20.7520716], [-42.8753548, -20.7520785], [-42.8753404, -20.7520814], [-42.8753268, -20.7520801], [-42.8753142, -20.7520752], [-42.8753037, -20.752067], [-42.8752962, -20.7520563], [-42.8752924, -20.752044], [-42.8752926, -20.7520312], [-42.8752973, -20.752018], [-42.8753063, -20.7520069]]}}, {"type": "Feature", "properties": {"osm_id": 1421059403, "highway": "tertiary", "name": ""}, "geometry": {"type": "LineString", "coordinates": [[-42.8783189, -20.7519716], [-42.8783036, -20.7519563], [-42.878292, -20.7519438], [-42.8782766, -20.7519272], [-42.8782687, -20.7519165], [-42.8782635, -20.7519083], [-42.8782579, -20.7518958], [-42.8782542, -20.7518794], [-42.8782594, -20.751864]]}}, {"type": "Feature", "properties": {"osm_id": 1421059404, "highway": "tertiary", "name": ""}, "geometry": {"type": "LineString", "coordinates": [[-42.8782594, -20.751864], [-42.8782745, -20.7518663], [-42.8782875, -20.7518735], [-42.8782995, -20.7518887], [-42.8783042, -20.7519006], [-42.8783089, -20.7519158], [-42.8783112, -20.7519337], [-42.8783151, -20.7519526], [-42.8783189, -20.7519716]]}}, {"type": "Feature", "properties": {"osm_id": 1421059405, "highway": "tertiary", "name": "Rua Mariquinha Freitas Castro Araújo"}, "geometry": {"type": "LineString", "coordinates": [[-42.8783189, -20.7519716], [-42.8782699, -20.7519354], [-42.8782455, -20.7519233], [-42.8782126, -20.7519103], [-42.8781752, -20.7519048]]}}, {"type": "Feature", "properties": {"osm_id": 1421059406, "highway": "secondary", "name": "Avenida Peter Henry Rolfs"}, "geometry": {"type": "LineString", "coordinates": [[-42.8568794, -20.7714999], [-42.8569471, -20.7714513], [-42.8573153, -20.7709142], [-42.8575037, -20.770634], [-42.8582373, -20.7695744], [-42.8585164, -20.7691368], [-42.8588918, -20.7686011], [-42.8590083, -20.7684045]]}}, {"type": "Feature", "properties": {"osm_id": 1421059407, "highway": "secondary", "name": "Avenida Peter Henry Rolfs"}, "geometry": {"type": "LineString", "coordinates": [[-42.8591039, -20.7684559], [-42.858865, -20.7688095], [-42.8585344, -20.7692929], [-42.8583018, -20.7696093], [-42.8580067, -20.7700521], [-42.8577525, -20.7704446], [-42.8573757, -20.770975], [-42.857032, -20.7714676], [-42.8569973, -20.771553]]}}, {"type": "Feature", "properties": {"osm_id": 1421250429, "highway": "residential", "name": ""}, "geometry": {"type": "LineString", "coordinates": [[-42.853227, -20.7240052], [-42.8532779, -20.7240353], [-42.8533047, -20.7240917], [-42.8533208, -20.7242272], [-42.8533047, -20.7243125], [-42.8532484, -20.7243978], [-42.8530151, -20.7246487], [-42.8529507, -20.7247615], [-42.8528756, -20.7249647], [-42.8527281, -20.7254464], [-42.8526932, -20.7256672], [-42.852653, -20.72577], [-42.8525446, -20.7259258]]}}, {"type": "Feature", "properties": {"osm_id": 1421250430, "highway": "residential", "name": ""}, "geometry": {"type": "LineString", "coordinates": [[-42.8530607, -20.7239513], [-42.853227, -20.7240052]]}}, {"type": "Feature", "properties": {"osm_id": 1421259832, "highway": "cycleway", "name": ""}, "geometry": {"type": "LineString", "coordinates": [[-42.8723502, -20.7586095], [-42.8723369, -20.7586291], [-42.8723176, -20.7586437], [-42.8722945, -20.7586519], [-42.8722697, -20.758653], [-42.8722494, -20.7586484], [-42.8722303, -20.7586379], [-42.8722154, -20.7586234], [-42.8722053, -20.7586057], [-42.8722016, -20.7585927], [-42.8722007, -20.7585861], [-42.8722012, -20.7585782], [-42.8722022, -20.758565], [-42.8722101, -20.7585452], [-42.8722237, -20.7585284], [-42.8722419, -20.7585159], [-42.8722632, -20.7585088], [-42.8722851, -20.7585076], [-42.8723038, -20.7585112], [-42.8723233, -20.7585206], [-42.8723384, -20.7585335], [-42.8723494, -20.7585497], [-42.8723548, -20.7585686], [-42.8723564, -20.7585871], [-42.8723502, -20.7586095]]}}, {"type": "Feature", "properties": {"osm_id": 1421259833, "highway": "cycleway", "name": ""}, "geometry": {"type": "LineString", "coordinates": [[-42.8722851, -20.7585076], [-42.8729012, -20.7580259], [-42.8734993, -20.7575425], [-42.8737438, -20.7573586], [-42.8738196, -20.7573114], [-42.8739324, -20.7572734], [-42.8739937, -20.757254], [-42.8740479, -20.7572405], [-42.8741011, -20.7572346], [-42.874176, -20.7572287], [-42.8743266, -20.757254], [-42.8743943, -20.7572717], [-42.8744411, -20.7572896], [-42.8744872, -20.7573072], [-42.8745603, -20.7573468], [-42.8746018, -20.7573603], [-42.8746713, -20.7573873], [-42.874738, -20.7574101], [-42.8748237, -20.7574253], [-42.8748896, -20.7574354], [-42.8750006, -20.7574295], [-42.8750327, -20.7574208], [-42.8750754, -20.7574093], [-42.8751278, -20.7573831], [-42.875215, -20.7573439]]}}, {"type": "Feature", "properties": {"osm_id": 1421259834, "highway": "cycleway", "name": ""}, "geometry": {"type": "LineString", "coordinates": [[-42.875271, -20.7574052], [-42.8751287, -20.757462], [-42.875085, -20.7574772], [-42.8750419, -20.7574907], [-42.87494, -20.7575154], [-42.8748226, -20.757511], [-42.874658, -20.757482], [-42.8745429, -20.7574286], [-42.8744266, -20.7573671], [-42.8743019, -20.7573307], [-42.8741652, -20.7573205], [-42.8740389, -20.7573254], [-42.8739215, -20.7573656], [-42.8737506, -20.7574694], [-42.8732778, -20.7578443], [-42.8728593, -20.7581777], [-42.8723693, -20.7585685], [-42.8723564, -20.7585871]]}}, {"type": "Feature", "properties": {"osm_id": 1421259835, "highway": "cycleway", "name": ""}, "geometry": {"type": "LineString", "coordinates": [[-42.8722697, -20.758653], [-42.8716006, -20.7591803], [-42.8710417, -20.7596327], [-42.8706341, -20.7599531], [-42.8704988, -20.7600559]]}}, {"type": "Feature", "properties": {"osm_id": 1421259836, "highway": "cycleway", "name": ""}, "geometry": {"type": "LineString", "coordinates": [[-42.8704276, -20.7599764], [-42.8705077, -20.7599139], [-42.8705549, -20.7598781], [-42.8709074, -20.7595976], [-42.8714117, -20.7591935], [-42.8716383, -20.7590107], [-42.8718131, -20.7588696], [-42.8722012, -20.7585782]]}}, {"type": "Feature", "properties": {"osm_id": 1421259837, "highway": "cycleway", "name": ""}, "geometry": {"type": "LineString", "coordinates": [[-42.8704927, -20.7600783], [-42.8704886, -20.7600839], [-42.8704793, -20.7600978], [-42.8704601, -20.7601125], [-42.8704369, -20.7601207], [-42.8704122, -20.7601218], [-42.8703995, -20.7601188], [-42.8703914, -20.7601168], [-42.8703853, -20.7601135], [-42.8703728, -20.7601067], [-42.8703579, -20.7600922], [-42.8703477, -20.7600745], [-42.8703461, -20.7600676], [-42.8703431, -20.7600548], [-42.8703433, -20.7600523], [-42.8703437, -20.760047], [-42.8703446, -20.7600338], [-42.8703525, -20.760014], [-42.8703662, -20.7599972], [-42.8703844, -20.7599847], [-42.8704056, -20.7599776], [-42.8704276, -20.7599764], [-42.8704444, -20.7599807], [-42.870446, -20.7599814], [-42.8704658, -20.7599893], [-42.8704809, -20.7600023], [-42.8704919, -20.7600184], [-42.8704979, -20.7600378], [-42.8704981, -20.7600393], [-42.8704988, -20.7600559], [-42.8704927, -20.7600783]]}}, {"type": "Feature", "properties": {"osm_id": 1421259838, "highway": "cycleway", "name": ""}, "geometry": {"type": "LineString", "coordinates": [[-42.8703995, -20.7601188], [-42.8703648, -20.7601449], [-42.8703, -20.7601936], [-42.8698308, -20.7605642], [-42.8697445, -20.7606397], [-42.8693435, -20.7609535]]}}, {"type": "Feature", "properties": {"osm_id": 1421259839, "highway": "cycleway", "name": ""}, "geometry": {"type": "LineString", "coordinates": [[-42.8692654, -20.7608663], [-42.8694711, -20.7607187], [-42.8701035, -20.7602396], [-42.870305, -20.7600822], [-42.8703433, -20.7600523]]}}, {"type": "Feature", "properties": {"osm_id": 1421259840, "highway": "cycleway", "name": ""}, "geometry": {"type": "LineString", "coordinates": [[-42.8692782, -20.7608719], [-42.8692903, -20.7608787], [-42.8693114, -20.7608958], [-42.8693282, -20.7609167], [-42.8693397, -20.7609404], [-42.8693435, -20.7609535], [-42.8693462, -20.7609801], [-42.8693425, -20.7610066], [-42.8693252, -20.7610441], [-42.8693044, -20.761067], [-42.8692782, -20.7610844], [-42.8692482, -20.7610952], [-42.8692192, -20.7610987], [-42.8691901, -20.7610961], [-42.8691625, -20.7610873], [-42.8691485, -20.7610802], [-42.8691306, -20.7610675], [-42.8691154, -20.7610522], [-42.8691032, -20.7610345], [-42.8690972, -20.7610224], [-42.8690892, -20.7609929], [-42.8690893, -20.7609625], [-42.8690975, -20.7609331], [-42.8691134, -20.7609066], [-42.8691327, -20.7608875], [-42.869166, -20.7608675], [-42.8692, -20.7608586], [-42.8692353, -20.7608587], [-42.8692654, -20.7608663], [-42.8692782, -20.7608719]]}}, {"type": "Feature", "properties": {"osm_id": 1421259841, "highway": "cycleway", "name": ""}, "geometry": {"type": "LineString", "coordinates": [[-42.8672413, -20.7624978], [-42.8672562, -20.7625061], [-42.8672594, -20.7625078], [-42.8672783, -20.7625247], [-42.8672951, -20.7625456], [-42.8673066, -20.7625693], [-42.8673083, -20.7625797], [-42.8673123, -20.7626041], [-42.8673131, -20.762609], [-42.8673094, -20.7626356], [-42.8673043, -20.762647], [-42.8672916, -20.7626747], [-42.8672713, -20.7626959], [-42.8672451, -20.7627133], [-42.8672327, -20.7627174], [-42.8672151, -20.7627241], [-42.8672034, -20.7627255], [-42.8671861, -20.7627276], [-42.867157, -20.762725], [-42.8671332, -20.7627175], [-42.8671293, -20.7627163], [-42.8671112, -20.7627082], [-42.8671088, -20.7627061], [-42.8670975, -20.7626965], [-42.8670823, -20.7626811], [-42.8670666, -20.7626574], [-42.8670653, -20.7626545], [-42.8670641, -20.7626513], [-42.8670573, -20.7626345], [-42.8670561, -20.7626218], [-42.8670562, -20.7625915], [-42.8670644, -20.7625621], [-42.8670803, -20.7625355], [-42.8671061, -20.762512], [-42.8671329, -20.7624964], [-42.8671669, -20.7624875], [-42.8672022, -20.7624876], [-42.8672323, -20.7624952], [-42.8672363, -20.7624963], [-42.8672413, -20.7624978]]}}, {"type": "Feature", "properties": {"osm_id": 1421259842, "highway": "cycleway", "name": ""}, "geometry": {"type": "LineString", "coordinates": [[-42.8672363, -20.7624963], [-42.8672774, -20.7624764], [-42.86787, -20.7620139], [-42.8681644, -20.7617755], [-42.8687211, -20.7613208], [-42.8690295, -20.7610776], [-42.8690972, -20.7610224]]}}, {"type": "Feature", "properties": {"osm_id": 1421259843, "highway": "cycleway", "name": ""}, "geometry": {"type": "LineString", "coordinates": [[-42.8691625, -20.7610873], [-42.8689955, -20.7612194], [-42.8688049, -20.761385], [-42.8686569, -20.7615183], [-42.8683524, -20.7617576], [-42.8680512, -20.7620049], [-42.8679152, -20.7621103], [-42.8678265, -20.7621751], [-42.8676588, -20.7623124], [-42.8673123, -20.7626041]]}}, {"type": "Feature", "properties": {"osm_id": 1421259844, "highway": "cycleway", "name": ""}, "geometry": {"type": "LineString", "coordinates": [[-42.8611521, -20.7668429], [-42.8611642, -20.7668498], [-42.8611757, -20.7668579], [-42.8611854, -20.7668668], [-42.8612021, -20.7668877], [-42.8612137, -20.7669115], [-42.8612174, -20.7669245], [-42.8612205, -20.7669444], [-42.8612201, -20.7669512], [-42.8612165, -20.7669777], [-42.8612028, -20.7670072], [-42.8611991, -20.7670151], [-42.8611783, -20.767038], [-42.8611521, -20.7670554], [-42.8611303, -20.767064], [-42.8611221, -20.7670663], [-42.8610932, -20.7670698], [-42.8610641, -20.7670671], [-42.8610364, -20.7670584], [-42.861033, -20.7670566], [-42.8610225, -20.7670513], [-42.8610137, -20.767045], [-42.8610046, -20.7670386], [-42.8609893, -20.7670232], [-42.8609771, -20.7670056], [-42.8609711, -20.7669934], [-42.8609672, -20.766979], [-42.8609631, -20.766964], [-42.8609632, -20.7669336], [-42.8609715, -20.7669042], [-42.8609873, -20.7668776], [-42.8609954, -20.7668696], [-42.8610066, -20.7668586], [-42.8610399, -20.7668385], [-42.8610567, -20.766834], [-42.8610739, -20.7668297], [-42.8611092, -20.7668298], [-42.8611394, -20.7668373], [-42.8611521, -20.7668429]]}}, {"type": "Feature", "properties": {"osm_id": 1421259845, "highway": "cycleway", "name": ""}, "geometry": {"type": "LineString", "coordinates": [[-42.8654708, -20.7637838], [-42.8659634, -20.7634528], [-42.8666536, -20.7629264], [-42.8670304, -20.7626535], [-42.8670573, -20.7626345]]}}, {"type": "Feature", "properties": {"osm_id": 1421259846, "highway": "cycleway", "name": ""}, "geometry": {"type": "LineString", "coordinates": [[-42.8671332, -20.7627175], [-42.8668489, -20.7629133], [-42.8667109, -20.7630152], [-42.866702, -20.7630217], [-42.8665355, -20.7631477], [-42.8656691, -20.7638046], [-42.8655611, -20.7638788]]}}, {"type": "Feature", "properties": {"osm_id": 1421259847, "highway": "cycleway", "name": ""}, "geometry": {"type": "LineString", "coordinates": [[-42.8655027, -20.7639962], [-42.8654774, -20.7640056], [-42.8654659, -20.7640099], [-42.8654263, -20.7640123], [-42.8653997, -20.7640054], [-42.8653848, -20.7640016], [-42.8653703, -20.7639919], [-42.8653496, -20.7639784], [-42.8653217, -20.7639422], [-42.8653151, -20.7639134], [-42.8653136, -20.7639066], [-42.865317, -20.7638665], [-42.8653347, -20.7638298], [-42.8653646, -20.7638009], [-42.8654032, -20.7637831], [-42.865446, -20.7637786], [-42.8654708, -20.7637838], [-42.8654847, -20.7637867], [-42.8655042, -20.7637962], [-42.8655188, -20.7638057], [-42.8655448, -20.7638337], [-42.8655524, -20.7638486], [-42.8655601, -20.7638679], [-42.8655611, -20.7638788], [-42.8655633, -20.7639048], [-42.865554, -20.7639409], [-42.8655393, -20.763963], [-42.8655331, -20.7639724], [-42.8655027, -20.7639962]]}}, {"type": "Feature", "properties": {"osm_id": 1421259848, "highway": "cycleway", "name": ""}, "geometry": {"type": "LineString", "coordinates": [[-42.8731012, -20.7713783], [-42.8731127, -20.7713255], [-42.8730955, -20.7712658], [-42.8730833, -20.7712294], [-42.8730786, -20.7712132], [-42.8729749, -20.771078], [-42.8728008, -20.7708717], [-42.8727829, -20.7708505], [-42.8726886, -20.7707225], [-42.8725189, -20.7705195], [-42.8724429, -20.7704223], [-42.8722605, -20.7702212], [-42.8721875, -20.7701412], [-42.8721474, -20.7700972], [-42.8721009, -20.7700472], [-42.8720682, -20.7700152], [-42.871884, -20.7697973], [-42.8712537, -20.7691037], [-42.8711355, -20.768963], [-42.8710502, -20.7688579], [-42.8707377, -20.7682971], [-42.8704099, -20.7676973], [-42.8698943, -20.7667383], [-42.869271, -20.7654593], [-42.8691942, -20.7652996], [-42.8691413, -20.7651937], [-42.8691278, -20.7651667], [-42.8688751, -20.7646855]]}}, {"type": "Feature", "properties": {"osm_id": 1421259849, "highway": "cycleway", "name": ""}, "geometry": {"type": "LineString", "coordinates": [[-42.8733724, -20.7715143], [-42.8733317, -20.7715354], [-42.8732992, -20.7715442], [-42.8732843, -20.7715483], [-42.8732502, -20.7715449], [-42.8732149, -20.7715373], [-42.8731822, -20.7715228], [-42.8731534, -20.7715022], [-42.873147, -20.771495], [-42.8731298, -20.7714759], [-42.8731128, -20.7714456], [-42.8731031, -20.7714125], [-42.8731012, -20.7713783], [-42.873111, -20.7713337], [-42.8731339, -20.7712935], [-42.8731417, -20.771286], [-42.8731681, -20.771261], [-42.873192, -20.7712486], [-42.8732107, -20.771239], [-42.8732583, -20.7712292], [-42.8733014, -20.7712314], [-42.8733425, -20.7712437], [-42.8733692, -20.7712595], [-42.873379, -20.7712653], [-42.8734101, -20.7712978], [-42.8734289, -20.7713304], [-42.8734392, -20.7713696], [-42.8734386, -20.7714099], [-42.873427, -20.7714488], [-42.8734054, -20.7714837], [-42.8733724, -20.7715143]]}}, {"type": "Feature", "properties": {"osm_id": 1421259850, "highway": "cycleway", "name": ""}, "geometry": {"type": "LineString", "coordinates": [[-42.8687798, -20.764547], [-42.8686893, -20.7644019], [-42.8686092, -20.7642936], [-42.8685303, -20.7641832], [-42.8682028, -20.7638003], [-42.8681823, -20.7637763], [-42.8679356, -20.763483], [-42.8678977, -20.763438], [-42.8675579, -20.7630622], [-42.8674804, -20.7629765], [-42.8674072, -20.7628956], [-42.8673727, -20.7628574], [-42.8672936, -20.762781], [-42.8672034, -20.7627255]]}}, {"type": "Feature", "properties": {"osm_id": 1421259851, "highway": "cycleway", "name": ""}, "geometry": {"type": "LineString", "coordinates": [[-42.8673043, -20.762647], [-42.8673458, -20.7627349], [-42.867545, -20.7629647], [-42.867556, -20.7629775], [-42.8679703, -20.7634568], [-42.8682293, -20.7637678], [-42.8682428, -20.7637838], [-42.8685761, -20.7641779], [-42.8687196, -20.764376], [-42.8688245, -20.7645235]]}}, {"type": "Feature", "properties": {"osm_id": 1421259852, "highway": "cycleway", "name": ""}, "geometry": {"type": "LineString", "coordinates": [[-42.8688751, -20.7646855], [-42.8688454, -20.7646901], [-42.8688158, -20.7646854], [-42.8687895, -20.764672], [-42.8687677, -20.7646477], [-42.8687575, -20.7646254], [-42.8687553, -20.7645974], [-42.8687631, -20.7645703], [-42.8687798, -20.764547], [-42.8688043, -20.7645302], [-42.8688245, -20.7645235], [-42.868829, -20.764522], [-42.8688573, -20.7645213], [-42.8688845, -20.7645288], [-42.8689078, -20.7645438], [-42.8689221, -20.7645611], [-42.8689346, -20.7645897], [-42.8689355, -20.7646162], [-42.8689275, -20.7646416], [-42.8689115, -20.7646635], [-42.8688953, -20.7646761], [-42.8688751, -20.7646855]]}}, {"type": "Feature", "properties": {"osm_id": 1422514697, "highway": "ladder", "name": ""}, "geometry": {"type": "LineString", "coordinates": [[-42.8731949, -20.7519118], [-42.8732366, -20.7524005]]}}, {"type": "Feature", "properties": {"osm_id": 1422514698, "highway": "ladder", "name": ""}, "geometry": {"type": "LineString", "coordinates": [[-42.873766, -20.7523529], [-42.8737928, -20.7528846]]}}, {"type": "Feature", "properties": {"osm_id": 1426076801, "highway": "tertiary", "name": ""}, "geometry": {"type": "LineString", "coordinates": [[-42.8963864, -20.7551783], [-42.8966036, -20.755369], [-42.8969792, -20.7556373], [-42.8974351, -20.7560261], [-42.8976417, -20.7561565], [-42.8981781, -20.7564399], [-42.8984821, -20.7567077], [-42.8986233, -20.7568412], [-42.8987387, -20.7569842], [-42.8988352, -20.7571497], [-42.898972, -20.7575711], [-42.8990981, -20.7578946], [-42.8991893, -20.7580978], [-42.8993261, -20.7583135], [-42.8994924, -20.7585091], [-42.899597, -20.7585994], [-42.8997365, -20.7586772], [-42.8999189, -20.7587323], [-42.9003748, -20.7588377], [-42.900584, -20.7588929], [-42.9010561, -20.7590458], [-42.9012117, -20.7591085], [-42.9013914, -20.7592013], [-42.9014414, -20.7592332], [-42.9015684, -20.7593142], [-42.9017267, -20.7595475], [-42.9017964, -20.7596804], [-42.9019251, -20.7600265], [-42.9019895, -20.760167], [-42.902188, -20.7605682], [-42.9022738, -20.7607739], [-42.9024066, -20.7611614], [-42.9024361, -20.7612454], [-42.9024602, -20.7613495], [-42.9024965, -20.7615062], [-42.902534, -20.7615915], [-42.9026037, -20.7616768], [-42.9028089, -20.7618674], [-42.9028787, -20.7619075], [-42.9029793, -20.7619351], [-42.9032139, -20.7619765], [-42.903395, -20.7620292], [-42.9034969, -20.7620793], [-42.9035506, -20.7621383], [-42.9035918, -20.762233], [-42.9038009, -20.7630505], [-42.9040816, -20.7633509], [-42.904138, -20.7633923], [-42.9041889, -20.7634174], [-42.9042654, -20.7634424], [-42.9043271, -20.7634587], [-42.9044102, -20.7634888], [-42.9046798, -20.7636055], [-42.904771, -20.7636356], [-42.9050137, -20.763687], [-42.9051089, -20.7637108], [-42.9051921, -20.7637522], [-42.9054093, -20.7638801], [-42.905459, -20.7638939], [-42.9055005, -20.7638939], [-42.9056011, -20.7638738], [-42.9056695, -20.7638575], [-42.9057567, -20.7638425], [-42.9059136, -20.7638299], [-42.9061362, -20.7638048]]}}, {"type": "Feature", "properties": {"osm_id": 1449997717, "highway": "footway", "name": ""}, "geometry": {"type": "LineString", "coordinates": [[-42.8708245, -20.7604391], [-42.8703683, -20.7607852], [-42.8702637, -20.7608498], [-42.8700835, -20.7610066], [-42.8698649, -20.7611809], [-42.8695829, -20.7613978], [-42.8693241, -20.7616021]]}}, {"type": "Feature", "properties": {"osm_id": 1449997718, "highway": "footway", "name": ""}, "geometry": {"type": "LineString", "coordinates": [[-42.8706152, -20.7604535], [-42.8708037, -20.7604171]]}}, {"type": "Feature", "properties": {"osm_id": 1450000713, "highway": "footway", "name": ""}, "geometry": {"type": "LineString", "coordinates": [[-42.8719412, -20.7604088], [-42.8721426, -20.7604115], [-42.8726113, -20.760093], [-42.8725929, -20.7600646]]}}, {"type": "Feature", "properties": {"osm_id": 1450000714, "highway": "footway", "name": ""}, "geometry": {"type": "LineString", "coordinates": [[-42.8718911, -20.7603629], [-42.8718491, -20.7603021]]}}, {"type": "Feature", "properties": {"osm_id": 1450000715, "highway": "footway", "name": ""}, "geometry": {"type": "LineString", "coordinates": [[-42.8719412, -20.7604088], [-42.8718911, -20.7603629]]}}, {"type": "Feature", "properties": {"osm_id": 1450000716, "highway": "footway", "name": ""}, "geometry": {"type": "LineString", "coordinates": [[-42.8697734, -20.7589843], [-42.8692389, -20.7583848]]}}, {"type": "Feature", "properties": {"osm_id": 1450000717, "highway": "footway", "name": ""}, "geometry": {"type": "LineString", "coordinates": [[-42.8690452, -20.759549], [-42.8697734, -20.7589843], [-42.869821, -20.7589474]]}}, {"type": "Feature", "properties": {"osm_id": 1450000718, "highway": "footway", "name": ""}, "geometry": {"type": "LineString", "coordinates": [[-42.8694135, -20.7594732], [-42.869729, -20.7592364], [-42.8699644, -20.7590686]]}}, {"type": "Feature", "properties": {"osm_id": 1450000719, "highway": "footway", "name": ""}, "geometry": {"type": "LineString", "coordinates": [[-42.8701747, -20.7593164], [-42.8700434, -20.7594199]]}}, {"type": "Feature", "properties": {"osm_id": 1450000720, "highway": "footway", "name": ""}, "geometry": {"type": "LineString", "coordinates": [[-42.8703489, -20.7595216], [-42.8702228, -20.7596196]]}}, {"type": "Feature", "properties": {"osm_id": 1450000721, "highway": "footway", "name": ""}, "geometry": {"type": "LineString", "coordinates": [[-42.8705738, -20.7597719], [-42.8707539, -20.759624], [-42.8708714, -20.7596098]]}}, {"type": "Feature", "properties": {"osm_id": 1450000722, "highway": "footway", "name": ""}, "geometry": {"type": "LineString", "coordinates": [[-42.8706131, -20.7598154], [-42.8705738, -20.7597719], [-42.8704809, -20.7598403], [-42.8704648, -20.7598233], [-42.8705396, -20.7597597], [-42.8705203, -20.7597272], [-42.8704474, -20.7596377]]}}, {"type": "Feature", "properties": {"osm_id": 1450000723, "highway": "footway", "name": ""}, "geometry": {"type": "LineString", "coordinates": [[-42.8705636, -20.7598882], [-42.8705549, -20.7598781], [-42.8705463, -20.7598685]]}}, {"type": "Feature", "properties": {"osm_id": 1450000724, "highway": "footway", "name": ""}, "geometry": {"type": "LineString", "coordinates": [[-42.8706202, -20.7599391], [-42.8705636, -20.7598882]]}}, {"type": "Feature", "properties": {"osm_id": 1450000725, "highway": "footway", "name": ""}, "geometry": {"type": "LineString", "coordinates": [[-42.8703153, -20.7600915], [-42.870305, -20.7600822], [-42.8702845, -20.7600609]]}}, {"type": "Feature", "properties": {"osm_id": 1450000726, "highway": "footway", "name": ""}, "geometry": {"type": "LineString", "coordinates": [[-42.8703566, -20.7601357], [-42.8703153, -20.7600915]]}}, {"type": "Feature", "properties": {"osm_id": 1450000727, "highway": "footway", "name": ""}, "geometry": {"type": "LineString", "coordinates": [[-42.8703951, -20.7601753], [-42.8703648, -20.7601449], [-42.8703566, -20.7601357]]}}, {"type": "Feature", "properties": {"osm_id": 1450000728, "highway": "footway", "name": ""}, "geometry": {"type": "LineString", "coordinates": [[-42.8706614, -20.7599807], [-42.8706341, -20.7599531], [-42.8706202, -20.7599391]]}}, {"type": "Feature", "properties": {"osm_id": 1450001177, "highway": "footway", "name": ""}, "geometry": {"type": "LineString", "coordinates": [[-42.8715996, -20.7604554], [-42.871623, -20.7605207]]}}, {"type": "Feature", "properties": {"osm_id": 1450001178, "highway": "footway", "name": ""}, "geometry": {"type": "LineString", "coordinates": [[-42.871623, -20.7605207], [-42.8716372, -20.7605573]]}}, {"type": "Feature", "properties": {"osm_id": 1450001179, "highway": "footway", "name": ""}, "geometry": {"type": "LineString", "coordinates": [[-42.8716372, -20.7605573], [-42.8716685, -20.7606397], [-42.8717034, -20.7608554], [-42.8716819, -20.7609683], [-42.8717593, -20.7609708]]}}, {"type": "Feature", "properties": {"osm_id": 1450003486, "highway": "footway", "name": ""}, "geometry": {"type": "LineString", "coordinates": [[-42.869744, -20.7607076], [-42.8698335, -20.7611611]]}}, {"type": "Feature", "properties": {"osm_id": 1450003487, "highway": "footway", "name": ""}, "geometry": {"type": "LineString", "coordinates": [[-42.8682062, -20.7624773], [-42.8679145, -20.7621432]]}}, {"type": "Feature", "properties": {"osm_id": 1450003488, "highway": "footway", "name": ""}, "geometry": {"type": "LineString", "coordinates": [[-42.868893, -20.7631778], [-42.8687154, -20.7633236], [-42.8686259, -20.7634004]]}}, {"type": "Feature", "properties": {"osm_id": 1450203498, "highway": "footway", "name": ""}, "geometry": {"type": "LineString", "coordinates": [[-42.8696176, -20.7625616], [-42.8695959, -20.7625788]]}}, {"type": "Feature", "properties": {"osm_id": 1450203499, "highway": "footway", "name": ""}, "geometry": {"type": "LineString", "coordinates": [[-42.8697644, -20.7615948], [-42.8694896, -20.7617971]]}}, {"type": "Feature", "properties": {"osm_id": 1456267393, "highway": "residential", "name": "Rua Juquinha Moreira"}, "geometry": {"type": "LineString", "coordinates": [[-42.8661606, -20.7253272], [-42.8664619, -20.7248174], [-42.8665947, -20.7246258]]}}, {"type": "Feature", "properties": {"osm_id": 1456267394, "highway": "residential", "name": "Rua Camilo Rosa de Oliveira"}, "geometry": {"type": "LineString", "coordinates": [[-42.8667681, -20.7243614], [-42.8665947, -20.7246258]]}}, {"type": "Feature", "properties": {"osm_id": 1456267395, "highway": "residential", "name": "Rua Camilo Rosa de Oliveira"}, "geometry": {"type": "LineString", "coordinates": [[-42.8665947, -20.7246258], [-42.8665482, -20.7248233], [-42.8664114, -20.7254036]]}}, {"type": "Feature", "properties": {"osm_id": 1462590186, "highway": "residential", "name": "Rua Virgílio Val"}, "geometry": {"type": "LineString", "coordinates": [[-42.8811399, -20.7533451], [-42.8811921, -20.7533304], [-42.8814967, -20.7532455], [-42.8817721, -20.7531702]]}}, {"type": "Feature", "properties": {"osm_id": 1468428909, "highway": "tertiary", "name": "Avenida Coronel Aristides Bittencourt"}, "geometry": {"type": "LineString", "coordinates": [[-42.8654034, -20.7246968], [-42.8654204, -20.7246966], [-42.8654328, -20.7246944], [-42.8654557, -20.7246815], [-42.865486, -20.7246613], [-42.8656051, -20.7245725]]}}, {"type": "Feature", "properties": {"osm_id": 1473761742, "highway": "secondary_link", "name": ""}, "geometry": {"type": "LineString", "coordinates": [[-42.8449627, -20.738359], [-42.8448799, -20.7383666], [-42.8448397, -20.7383578], [-42.8448075, -20.7383428], [-42.8447887, -20.7383189], [-42.8447753, -20.7382901], [-42.8447726, -20.7382512], [-42.8447954, -20.7382035], [-42.8448204, -20.7381466]]}}, {"type": "Feature", "properties": {"osm_id": 1473761743, "highway": "secondary", "name": "Rodovia Oraida Mendes Castro"}, "geometry": {"type": "LineString", "coordinates": [[-42.8457459, -20.7378934], [-42.8455746, -20.7379298], [-42.8454651, -20.7379819], [-42.8453609, -20.7380477], [-42.8452773, -20.7381203], [-42.8451702, -20.7381971], [-42.8449627, -20.738359], [-42.8448863, -20.7384026], [-42.8447961, -20.7384454], [-42.8447136, -20.7384757], [-42.8445849, -20.7385045], [-42.8444709, -20.7385246], [-42.8444065, -20.7385422], [-42.8442975, -20.7385707]]}}, {"type": "Feature", "properties": {"osm_id": 1473761744, "highway": "secondary", "name": "Rodovia Oraida Mendes Castro"}, "geometry": {"type": "LineString", "coordinates": [[-42.8442975, -20.7385707], [-42.8448204, -20.7381466], [-42.8449173, -20.738068], [-42.845044, -20.737973], [-42.8450891, -20.7379514], [-42.8451885, -20.7379037], [-42.8453005, -20.7378716], [-42.845345, -20.7378629], [-42.8455475, -20.7378544], [-42.8457459, -20.7378934]]}}, {"type": "Feature", "properties": {"osm_id": 1473761745, "highway": "secondary_link", "name": ""}, "geometry": {"type": "LineString", "coordinates": [[-42.8453005, -20.7378716], [-42.8453238, -20.7379025], [-42.8453426, -20.7379276], [-42.84536, -20.7379552], [-42.8453694, -20.737984], [-42.8453609, -20.7380477]]}}, {"type": "Feature", "properties": {"osm_id": 1473761746, "highway": "secondary_link", "name": ""}, "geometry": {"type": "LineString", "coordinates": [[-42.845378, -20.7375518], [-42.8453909, -20.7376379], [-42.8454043, -20.737678], [-42.8454486, -20.737757], [-42.8455475, -20.7378544]]}}, {"type": "Feature", "properties": {"osm_id": 1473761747, "highway": "secondary", "name": ""}, "geometry": {"type": "LineString", "coordinates": [[-42.8450891, -20.7379514], [-42.8452005, -20.7378273], [-42.8452662, -20.7377395], [-42.845378, -20.7375518]]}}, {"type": "Feature", "properties": {"osm_id": 1473761748, "highway": "secondary", "name": ""}, "geometry": {"type": "LineString", "coordinates": [[-42.845378, -20.7375518], [-42.84536, -20.7376279], [-42.8453395, -20.7377529], [-42.8453005, -20.7378716]]}}, {"type": "Feature", "properties": {"osm_id": 1474314799, "highway": "secondary", "name": "Rodovia Oraida Mendes Castro"}, "geometry": {"type": "LineString", "coordinates": [[-42.8457664, -20.7378988], [-42.8457459, -20.7378934]]}}, {"type": "Feature", "properties": {"osm_id": 1497849712, "highway": "service", "name": ""}, "geometry": {"type": "LineString", "coordinates": [[-42.8705423, -20.7515981], [-42.8700364, -20.751761], [-42.8699613, -20.7517359], [-42.8698647, -20.7516581], [-42.8697829, -20.7515741]]}}, {"type": "Feature", "properties": {"osm_id": 1500792478, "highway": "secondary", "name": "Avenida Peter Henry Rolfs"}, "geometry": {"type": "LineString", "coordinates": [[-42.8495339, -20.781436], [-42.8501287, -20.7812355], [-42.8501708, -20.7812139], [-42.8503017, -20.7811465], [-42.8504278, -20.78107], [-42.8505552, -20.7810011], [-42.8506813, -20.7809296], [-42.850806, -20.7808531], [-42.8508139, -20.7808471]]}}, {"type": "Feature", "properties": {"osm_id": 1500792479, "highway": "secondary", "name": "Avenida Peter Henry Rolfs"}, "geometry": {"type": "LineString", "coordinates": [[-42.8508139, -20.7808471], [-42.8508895, -20.7807894]]}}, {"type": "Feature", "properties": {"osm_id": 1500792480, "highway": "secondary", "name": "Avenida Peter Henry Rolfs"}, "geometry": {"type": "LineString", "coordinates": [[-42.8508425, -20.7809009], [-42.8507178, -20.7809774], [-42.8505917, -20.7810489], [-42.8504643, -20.7811178], [-42.8503382, -20.7811943], [-42.8501652, -20.7812833], [-42.8495463, -20.7814814]]}}, {"type": "Feature", "properties": {"osm_id": 1500792481, "highway": "secondary", "name": "Avenida Peter Henry Rolfs"}, "geometry": {"type": "LineString", "coordinates": [[-42.8508946, -20.7808612], [-42.8508425, -20.7809009]]}}, {"type": "Feature", "properties": {"osm_id": 1500792482, "highway": "residential", "name": ""}, "geometry": {"type": "LineString", "coordinates": [[-42.8514466, -20.7783135], [-42.8512381, -20.7782766], [-42.850589, -20.7781261]]}}, {"type": "Feature", "properties": {"osm_id": 1500792483, "highway": "residential", "name": ""}, "geometry": {"type": "LineString", "coordinates": [[-42.8515316, -20.7783286], [-42.8514466, -20.7783135]]}}, {"type": "Feature", "properties": {"osm_id": 1500792484, "highway": "tertiary", "name": ""}, "geometry": {"type": "LineString", "coordinates": [[-42.8567817, -20.7716156], [-42.856579, -20.7716711], [-42.8563935, -20.7716575]]}}, {"type": "Feature", "properties": {"osm_id": 1500792485, "highway": "tertiary", "name": ""}, "geometry": {"type": "LineString", "coordinates": [[-42.8563935, -20.7716575], [-42.8563373, -20.7716463]]}}, {"type": "Feature", "properties": {"osm_id": 1500792488, "highway": "trunk", "name": ""}, "geometry": {"type": "LineString", "coordinates": [[-42.8503538, -20.7423546], [-42.8498809, -20.742073]]}}, {"type": "Feature", "properties": {"osm_id": 1500792489, "highway": "trunk", "name": ""}, "geometry": {"type": "LineString", "coordinates": [[-42.8504111, -20.742401], [-42.8503538, -20.7423546]]}}, {"type": "Feature", "properties": {"osm_id": 1500792490, "highway": "trunk", "name": ""}, "geometry": {"type": "LineString", "coordinates": [[-42.8498809, -20.742073], [-42.8503066, -20.7422266]]}}, {"type": "Feature", "properties": {"osm_id": 1500792491, "highway": "trunk", "name": ""}, "geometry": {"type": "LineString", "coordinates": [[-42.8503066, -20.7422266], [-42.8503942, -20.7422582]]}}, {"type": "Feature", "properties": {"osm_id": 1548877015, "highway": "path", "name": ""}, "geometry": {"type": "LineString", "coordinates": [[-42.8608679, -20.7572475], [-42.8608767, -20.7571162], [-42.8608264, -20.7570079], [-42.860793, -20.7568563], [-42.8607986, -20.7567175], [-42.8607294, -20.7565806], [-42.8606957, -20.7565119], [-42.8606617, -20.7563381], [-42.8606777, -20.7562455], [-42.8606884, -20.7562241], [-42.8606817, -20.7561538], [-42.8606709, -20.7561061], [-42.8606548, -20.7560697], [-42.8606401, -20.7560232], [-42.860636, -20.7559629], [-42.8606481, -20.7558762], [-42.8606562, -20.7558335], [-42.8607341, -20.7557255], [-42.8607757, -20.7556577], [-42.8607744, -20.7556275], [-42.8607475, -20.7555898], [-42.8607206, -20.755566], [-42.8607126, -20.7555446], [-42.8607112, -20.7554705], [-42.8607206, -20.7553901], [-42.860718, -20.7553248], [-42.8607045, -20.7552859], [-42.8607032, -20.7552268], [-42.8606804, -20.7551879], [-42.8606441, -20.7551439], [-42.8605998, -20.7550987], [-42.8605313, -20.7550095], [-42.8605178, -20.7549756], [-42.8605151, -20.7549379], [-42.8605259, -20.7548877], [-42.860546, -20.7548525], [-42.8605635, -20.7548161], [-42.860581, -20.7547671], [-42.8606387, -20.7546955], [-42.8606938, -20.7546315], [-42.8607569, -20.7545687], [-42.8607932, -20.7545347], [-42.8607999, -20.7545096], [-42.8608012, -20.7544795], [-42.8608066, -20.7544606], [-42.8608348, -20.7544418], [-42.8608509, -20.7544355], [-42.860863, -20.7544242], [-42.8608684, -20.7543966], [-42.8608724, -20.7543802], [-42.860902, -20.7543375], [-42.8609275, -20.7542685], [-42.860953, -20.7542383], [-42.8610014, -20.7542082], [-42.8610565, -20.7541893], [-42.8610981, -20.7541906], [-42.8611276, -20.7541956], [-42.8611787, -20.7541881], [-42.8612311, -20.7541655], [-42.8613163, -20.7541341], [-42.8613402, -20.7541276], [-42.8613557, -20.7541276], [-42.8613781, -20.7541255], [-42.8613945, -20.7541212], [-42.8614105, -20.7541015], [-42.861419, -20.7540219], [-42.8613746, -20.7539939], [-42.8613573, -20.7539796], [-42.861341, -20.7539256], [-42.8613378, -20.7538993], [-42.8613302, -20.753875], [-42.8613261, -20.7538493], [-42.8613267, -20.7538285], [-42.8613258, -20.753808], [-42.8613191, -20.7537922], [-42.8613302, -20.7537523], [-42.8614219, -20.7535997], [-42.8614225, -20.7535744], [-42.861437, -20.7535467], [-42.8614434, -20.7535254], [-42.861452, -20.7535178], [-42.8614542, -20.7535129], [-42.8614498, -20.7534854], [-42.8614575, -20.7534736], [-42.8614686, -20.7534628], [-42.8614819, -20.7534537], [-42.8614681, -20.7534441], [-42.8614609, -20.7534289], [-42.8614557, -20.753414], [-42.8614402, -20.7534044], [-42.861416, -20.7533951], [-42.8614021, -20.7534069], [-42.861393, -20.753428], [-42.8613907, -20.7534432], [-42.8613815, -20.753455], [-42.8613665, -20.7534684], [-42.8613594, -20.7534866], [-42.8613438, -20.7534942], [-42.8613244, -20.7534971], [-42.8613096, -20.7534943], [-42.8612765, -20.75346], [-42.8612642, -20.7534495], [-42.8612418, -20.7534412], [-42.8611953, -20.7534525], [-42.8611735, -20.7534719], [-42.8611509, -20.7534882], [-42.8611373, -20.753502], [-42.8611279, -20.7535229], [-42.8610919, -20.753573], [-42.861082, -20.7535919], [-42.8610682, -20.7536079], [-42.8610592, -20.7536289], [-42.8610487, -20.7536475], [-42.8610443, -20.7536609], [-42.8610418, -20.753676], [-42.861044, -20.7536922], [-42.8610411, -20.7537125], [-42.861029, -20.7537271], [-42.8610258, -20.7537403], [-42.8610251, -20.7537628], [-42.8610261, -20.7537893], [-42.861021, -20.7538197], [-42.8609957, -20.7538464], [-42.8609739, -20.7538669], [-42.8609206, -20.7539384], [-42.8608944, -20.7539702], [-42.8608208, -20.7540005], [-42.8607841, -20.7540093], [-42.8607456, -20.7540315], [-42.8607038, -20.754056], [-42.8606874, -20.7540713], [-42.8606741, -20.7540804], [-42.8606576, -20.7540895], [-42.8606287, -20.7540823], [-42.8606017, -20.7540814], [-42.8605842, -20.7540734], [-42.8605783, -20.7540916], [-42.8605623, -20.7541223], [-42.8605478, -20.7541616], [-42.8605364, -20.7541944], [-42.8605298, -20.7542246], [-42.8605182, -20.7542562], [-42.8604707, -20.7543194], [-42.8604518, -20.7543417], [-42.8604022, -20.7543937], [-42.8603924, -20.7544041], [-42.8603715, -20.7544313], [-42.8603654, -20.7544403], [-42.8603394, -20.7544701], [-42.8603092, -20.7544933], [-42.8602668, -20.7545539], [-42.8602343, -20.7545786], [-42.860208, -20.7546033], [-42.8601963, -20.754641], [-42.8601903, -20.7546764], [-42.8601731, -20.7547059], [-42.8601588, -20.7547359], [-42.8601473, -20.7547655], [-42.8601273, -20.7547846], [-42.860094, -20.7547896], [-42.8600681, -20.7548086], [-42.8600394, -20.7548439], [-42.8600179, -20.7548786], [-42.8599981, -20.7549099], [-42.8599707, -20.7549557], [-42.859949, -20.7550457], [-42.8599413, -20.7550696], [-42.8599283, -20.7550791], [-42.8599195, -20.7551007], [-42.8599117, -20.7551497], [-42.8599129, -20.7551882], [-42.8599128, -20.7552653], [-42.8598892, -20.7552984], [-42.8598708, -20.7553182], [-42.8598487, -20.7553532], [-42.8598202, -20.7554433], [-42.859792, -20.7554979], [-42.8597524, -20.7555314], [-42.8597436, -20.7555456], [-42.8597195, -20.7555657], [-42.8597094, -20.7556002], [-42.8596991, -20.7556156], [-42.8596931, -20.7556499], [-42.8596937, -20.7556587], [-42.859688, -20.7556818], [-42.8596596, -20.7557204], [-42.8596356, -20.7557651], [-42.8596236, -20.7557722], [-42.8596128, -20.7557854], [-42.8595932, -20.7557936], [-42.8595785, -20.7557963], [-42.8595592, -20.7558107], [-42.859507, -20.7558262], [-42.8594183, -20.7558527]]}}, {"type": "Feature", "properties": {"osm_id": 1551919071, "highway": "residential", "name": ""}, "geometry": {"type": "LineString", "coordinates": [[-42.8645513, -20.7318271], [-42.8648152, -20.7316869]]}}, {"type": "Feature", "properties": {"osm_id": 1562655206, "highway": "residential", "name": ""}, "geometry": {"type": "LineString", "coordinates": [[-42.8832751, -20.7406539], [-42.883435, -20.7401198], [-42.8835926, -20.7395933], [-42.8837613, -20.7390299], [-42.8839192, -20.7385025], [-42.8842493, -20.7379459], [-42.8848482, -20.7369702], [-42.8851339, -20.736499], [-42.8853963, -20.7360662], [-42.8855968, -20.7357354], [-42.8857777, -20.7355968], [-42.8862621, -20.7352257], [-42.8863117, -20.7350469], [-42.8862004, -20.7347535], [-42.8858954, -20.7339491], [-42.8857503, -20.7335666]]}}, {"type": "Feature", "properties": {"osm_id": 1562655207, "highway": "trunk", "name": "Rua Francisco de Souza Fortes"}, "geometry": {"type": "LineString", "coordinates": [[-42.8857503, -20.7335666], [-42.8855034, -20.7336544], [-42.8852991, -20.7337971], [-42.8849119, -20.7340935], [-42.8846169, -20.7342213], [-42.8840348, -20.7343392], [-42.8835762, -20.734427], [-42.8834072, -20.7344948], [-42.8832677, -20.7346102], [-42.8830383, -20.7348293], [-42.8828571, -20.734941], [-42.8825825, -20.7350439], [-42.8821921, -20.7351219], [-42.88205, -20.7351871], [-42.8819306, -20.7352599], [-42.8818676, -20.7353138], [-42.881822, -20.7353778], [-42.8817777, -20.7354618], [-42.8816552, -20.7357411], [-42.8816244, -20.7358214], [-42.8815797, -20.7359266]]}}, {"type": "Feature", "properties": {"osm_id": 1562655208, "highway": "residential", "name": ""}, "geometry": {"type": "LineString", "coordinates": [[-42.885403, -20.7351789], [-42.8856568, -20.7350435], [-42.8862004, -20.7347535]]}}, {"type": "Feature", "properties": {"osm_id": 1562655209, "highway": "residential", "name": ""}, "geometry": {"type": "LineString", "coordinates": [[-42.8820986, -20.7403919], [-42.8827486, -20.7400796], [-42.8830123, -20.7398834], [-42.8832101, -20.7395751], [-42.8832581, -20.739166], [-42.8828456, -20.737943], [-42.8828869, -20.7378624], [-42.8829298, -20.7377787], [-42.883349, -20.7374877], [-42.8838957, -20.7371081], [-42.8853963, -20.7360662]]}}, {"type": "Feature", "properties": {"osm_id": 1562655210, "highway": "residential", "name": ""}, "geometry": {"type": "LineString", "coordinates": [[-42.8839192, -20.7385025], [-42.8828869, -20.7378624]]}}, {"type": "Feature", "properties": {"osm_id": 1562655211, "highway": "residential", "name": ""}, "geometry": {"type": "LineString", "coordinates": [[-42.883435, -20.7401198], [-42.8846675, -20.7404721], [-42.8853632, -20.7406709], [-42.8855488, -20.7401535], [-42.8857369, -20.7396293], [-42.8859214, -20.739115], [-42.8859745, -20.7389669], [-42.886041, -20.7388502], [-42.886319, -20.7383626], [-42.8865874, -20.7378918], [-42.8868727, -20.7373914], [-42.8871313, -20.7369378], [-42.8868713, -20.7368072], [-42.8853963, -20.7360662]]}}, {"type": "Feature", "properties": {"osm_id": 1562655212, "highway": "residential", "name": ""}, "geometry": {"type": "LineString", "coordinates": [[-42.8868713, -20.7368072], [-42.8871253, -20.7363156], [-42.8857777, -20.7355968]]}}, {"type": "Feature", "properties": {"osm_id": 1562655213, "highway": "residential", "name": ""}, "geometry": {"type": "LineString", "coordinates": [[-42.8868727, -20.7373914], [-42.8851339, -20.736499]]}}, {"type": "Feature", "properties": {"osm_id": 1562655214, "highway": "residential", "name": ""}, "geometry": {"type": "LineString", "coordinates": [[-42.8865874, -20.7378918], [-42.8848482, -20.7369702]]}}, {"type": "Feature", "properties": {"osm_id": 1562655215, "highway": "residential", "name": ""}, "geometry": {"type": "LineString", "coordinates": [[-42.886319, -20.7383626], [-42.8845565, -20.7374502], [-42.8838957, -20.7371081]]}}, {"type": "Feature", "properties": {"osm_id": 1562655216, "highway": "residential", "name": ""}, "geometry": {"type": "LineString", "coordinates": [[-42.886041, -20.7388502], [-42.8842493, -20.7379459], [-42.883349, -20.7374877]]}}, {"type": "Feature", "properties": {"osm_id": 1562655217, "highway": "residential", "name": ""}, "geometry": {"type": "LineString", "coordinates": [[-42.8859214, -20.739115], [-42.8839192, -20.7385025]]}}, {"type": "Feature", "properties": {"osm_id": 1562655218, "highway": "residential", "name": ""}, "geometry": {"type": "LineString", "coordinates": [[-42.8857369, -20.7396293], [-42.8837613, -20.7390299]]}}, {"type": "Feature", "properties": {"osm_id": 1562655219, "highway": "residential", "name": ""}, "geometry": {"type": "LineString", "coordinates": [[-42.8855488, -20.7401535], [-42.8835926, -20.7395933]]}}, {"type": "Feature", "properties": {"osm_id": 1562655220, "highway": "residential", "name": ""}, "geometry": {"type": "LineString", "coordinates": [[-42.8832751, -20.7406539], [-42.8838999, -20.740839], [-42.8845652, -20.7407718], [-42.8846675, -20.7404721]]}}, {"type": "Feature", "properties": {"osm_id": 1562655481, "highway": "residential", "name": ""}, "geometry": {"type": "LineString", "coordinates": [[-42.8858954, -20.7339491], [-42.8853001, -20.7343094], [-42.8847157, -20.734663]]}}, {"type": "Feature", "properties": {"osm_id": 1562655482, "highway": "residential", "name": ""}, "geometry": {"type": "LineString", "coordinates": [[-42.8856568, -20.7350435], [-42.8853001, -20.7343094]]}}]}